dataset,subset,backbone,config,qid,n,n_pos,precision,recall,f1,accuracy
trecrag,all,monot5-base-msmarco-10k,warmup pretrain full warmup=-,2024-105741,176,40,0.9459459459459459,0.875,0.9090909090909091,0.9602272727272727
trecrag,all,monot5-base-msmarco-10k,warmup pretrain full warmup=-,2024-121840,176,40,0.7555555555555555,0.85,0.8,0.9034090909090909
trecrag,all,monot5-base-msmarco-10k,warmup pretrain full warmup=-,2024-127266,132,41,0.9047619047619048,0.926829268292683,0.9156626506024096,0.946969696969697
trecrag,all,monot5-base-msmarco-10k,warmup pretrain full warmup=-,2024-129925,121,62,0.8928571428571429,0.8064516129032258,0.847457627118644,0.8512396694214877
trecrag,all,monot5-base-msmarco-10k,warmup pretrain full warmup=-,2024-141577,220,81,0.88,0.8148148148148148,0.8461538461538461,0.8909090909090909
trecrag,all,monot5-base-msmarco-10k,warmup pretrain full warmup=-,2024-142395,143,55,0.9803921568627451,0.9090909090909091,0.9433962264150944,0.958041958041958
trecrag,all,monot5-base-msmarco-10k,warmup pretrain full warmup=-,2024-143869,220,69,0.9428571428571428,0.9565217391304348,0.9496402877697842,0.9681818181818181
trecrag,all,monot5-base-msmarco-10k,warmup pretrain full warmup=-,2024-145979,165,90,0.9767441860465116,0.9333333333333333,0.9545454545454546,0.9515151515151515
trecrag,all,monot5-base-msmarco-10k,warmup pretrain full warmup=-,2024-152259,132,58,0.9047619047619048,0.9827586206896551,0.9421487603305785,0.946969696969697
trecrag,all,monot5-base-msmarco-10k,warmup pretrain full warmup=-,2024-152817,176,67,0.9142857142857143,0.9552238805970149,0.9343065693430657,0.9488636363636364
trecrag,all,monot5-base-msmarco-10k,warmup pretrain full warmup=-,2024-153051,154,89,0.9888888888888889,1.0,0.994413407821229,0.9935064935064936
trecrag,all,monot5-base-msmarco-10k,warmup pretrain full warmup=-,2024-158261,187,21,0.7391304347826086,0.8095238095238095,0.7727272727272727,0.946524064171123
trecrag,all,monot5-base-msmarco-10k,warmup pretrain full warmup=-,2024-158677,198,67,0.7941176470588235,0.8059701492537313,0.8,0.8636363636363636
trecrag,all,monot5-base-msmarco-10k,warmup pretrain full warmup=-,2024-158743,198,46,0.8260869565217391,0.8260869565217391,0.8260869565217391,0.9191919191919192
trecrag,all,monot5-base-msmarco-10k,warmup pretrain full warmup=-,2024-18963,187,30,0.7419354838709677,0.7666666666666667,0.7540983606557377,0.9197860962566845
trecrag,all,monot5-base-msmarco-10k,warmup pretrain full warmup=-,2024-19025,132,53,0.9583333333333334,0.8679245283018868,0.9108910891089109,0.9318181818181818
trecrag,all,monot5-base-msmarco-10k,warmup pretrain full warmup=-,2024-213469,143,40,0.84375,0.675,0.75,0.8741258741258742
trecrag,all,monot5-base-msmarco-10k,warmup pretrain full warmup=-,2024-213789,143,50,0.9361702127659575,0.88,0.9072164948453608,0.9370629370629371
trecrag,all,monot5-base-msmarco-10k,warmup pretrain full warmup=-,2024-213817,143,66,0.9565217391304348,1.0,0.9777777777777777,0.9790209790209791
trecrag,all,monot5-base-msmarco-10k,warmup pretrain full warmup=-,2024-213978,99,16,0.8421052631578947,1.0,0.9142857142857143,0.9696969696969697
trecrag,all,monot5-base-msmarco-10k,warmup pretrain full warmup=-,2024-214096,176,69,0.9655172413793104,0.8115942028985508,0.8818897637795275,0.9147727272727273
trecrag,all,monot5-base-msmarco-10k,warmup pretrain full warmup=-,2024-214257,110,33,0.9411764705882353,0.9696969696969697,0.9552238805970149,0.9727272727272728
trecrag,all,monot5-base-msmarco-10k,warmup pretrain full warmup=-,2024-214467,77,42,0.975609756097561,0.9523809523809523,0.963855421686747,0.961038961038961
trecrag,all,monot5-base-msmarco-10k,warmup pretrain full warmup=-,2024-215044,165,19,0.9444444444444444,0.8947368421052632,0.918918918918919,0.9818181818181818
trecrag,all,monot5-base-msmarco-10k,warmup pretrain full warmup=-,2024-215952,110,32,0.9615384615384616,0.78125,0.8620689655172413,0.9272727272727272
trecrag,all,monot5-base-msmarco-10k,warmup pretrain full warmup=-,2024-216592,220,75,0.958904109589041,0.9333333333333333,0.9459459459459459,0.9636363636363636
trecrag,all,monot5-base-msmarco-10k,warmup pretrain full warmup=-,2024-217279,132,45,0.8974358974358975,0.7777777777777778,0.8333333333333334,0.8939393939393939
trecrag,all,monot5-base-msmarco-10k,warmup pretrain full warmup=-,2024-217812,140,62,0.9661016949152542,0.9193548387096774,0.9421487603305785,0.95
trecrag,all,monot5-base-msmarco-10k,warmup pretrain full warmup=-,2024-219563,110,43,0.7111111111111111,0.7441860465116279,0.7272727272727273,0.7818181818181819
trecrag,all,monot5-base-msmarco-10k,warmup pretrain full warmup=-,2024-219624,143,52,0.9259259259259259,0.9615384615384616,0.9433962264150944,0.958041958041958
trecrag,all,monot5-base-msmarco-10k,warmup pretrain full warmup=-,2024-224279,165,52,0.8372093023255814,0.6923076923076923,0.7578947368421053,0.8606060606060606
trecrag,all,monot5-base-msmarco-10k,warmup pretrain full warmup=-,2024-224701,198,83,0.8690476190476191,0.8795180722891566,0.874251497005988,0.8939393939393939
trecrag,all,monot5-base-msmarco-10k,warmup pretrain full warmup=-,2024-224926,121,9,0.9,1.0,0.9473684210526315,0.9917355371900827
trecrag,all,monot5-base-msmarco-10k,warmup pretrain full warmup=-,2024-22886,220,83,0.9733333333333334,0.8795180722891566,0.9240506329113924,0.9454545454545454
trecrag,all,monot5-base-msmarco-10k,warmup pretrain full warmup=-,2024-27366,176,68,0.8983050847457628,0.7794117647058824,0.8346456692913385,0.8806818181818182
trecrag,all,monot5-base-msmarco-10k,warmup pretrain full warmup=-,2024-29182,165,40,0.9393939393939394,0.775,0.8493150684931506,0.9333333333333333
trecrag,all,monot5-base-msmarco-10k,warmup pretrain full warmup=-,2024-32912,99,63,0.9692307692307692,1.0,0.984375,0.9797979797979798
trecrag,all,monot5-base-msmarco-10k,warmup pretrain full warmup=-,2024-35227,198,83,0.9701492537313433,0.7831325301204819,0.8666666666666667,0.898989898989899
trecrag,all,monot5-base-msmarco-10k,warmup pretrain full warmup=-,2024-35269,110,56,1.0,0.9285714285714286,0.9629629629629629,0.9636363636363636
trecrag,all,monot5-base-msmarco-10k,warmup pretrain full warmup=-,2024-35284,143,66,0.953125,0.9242424242424242,0.9384615384615385,0.9440559440559441
trecrag,all,monot5-base-msmarco-10k,warmup pretrain full warmup=-,2024-35620,187,50,0.9230769230769231,0.96,0.9411764705882353,0.9679144385026738
trecrag,all,monot5-base-msmarco-10k,warmup pretrain full warmup=-,2024-38986,176,67,0.8405797101449275,0.8656716417910447,0.8529411764705882,0.8863636363636364
trecrag,all,monot5-base-msmarco-10k,warmup pretrain full warmup=-,2024-41849,209,38,0.8571428571428571,0.7894736842105263,0.821917808219178,0.937799043062201
trecrag,all,monot5-base-msmarco-10k,warmup pretrain full warmup=-,2024-42497,165,52,0.8771929824561403,0.9615384615384616,0.9174311926605505,0.9454545454545454
trecrag,all,monot5-base-msmarco-10k,warmup pretrain full warmup=-,2024-43037,110,52,0.9166666666666666,0.8461538461538461,0.88,0.8909090909090909
trecrag,all,monot5-base-msmarco-10k,warmup pretrain full warmup=-,2024-43983,110,20,1.0,0.8,0.8888888888888888,0.9636363636363636
trecrag,all,monot5-base-msmarco-10k,warmup pretrain full warmup=-,2024-44060,66,40,0.8666666666666667,0.975,0.9176470588235294,0.8939393939393939
trecrag,all,monot5-base-msmarco-10k,warmup pretrain full warmup=-,2024-58819,176,25,0.75,0.72,0.7346938775510204,0.9261363636363636
trecrag,all,monot5-base-msmarco-10k,warmup pretrain full warmup=-,2024-73340,77,40,1.0,0.975,0.9873417721518988,0.987012987012987
trecrag,all,monot5-base-msmarco-10k,warmup pretrain full warmup=-,2024-73918,198,28,0.92,0.8214285714285714,0.8679245283018868,0.9646464646464646
trecrag,all,monot5-base-msmarco-10k,warmup pretrain full warmup=-,2024-79081,176,44,0.8936170212765957,0.9545454545454546,0.9230769230769231,0.9602272727272727
trecrag,all,monot5-base-msmarco-10k,warmup pretrain full warmup=-,2024-79154,99,66,0.9848484848484849,0.9848484848484849,0.9848484848484849,0.9797979797979798
trecrag,all,monot5-base-msmarco-10k,warmup pretrain full warmup=-,2024-88894,143,26,0.6666666666666666,0.46153846153846156,0.5454545454545454,0.8601398601398601
trecrag,all,monot5-base-msmarco-10k,warmup pretrain full warmup=-,2024-94706,120,43,0.8695652173913043,0.9302325581395349,0.898876404494382,0.925
trecrag,all,monot5-base-msmarco-10k,warmup pretrain full warmup=-,2024-96063,176,18,0.8421052631578947,0.8888888888888888,0.8648648648648649,0.9715909090909091
trecrag,all,monot5-base-msmarco-10k,warmup pretrain full warmup=-,2024-96359,121,64,0.8363636363636363,0.71875,0.773109243697479,0.7768595041322314
trecrag,all,monot5-base-msmarco-10k,topic adapter warmup=yes,2024-105741,176,40,0.9459459459459459,0.875,0.9090909090909091,0.9602272727272727
trecrag,all,monot5-base-msmarco-10k,topic adapter warmup=yes,2024-121840,176,40,0.7555555555555555,0.85,0.8,0.9034090909090909
trecrag,all,monot5-base-msmarco-10k,topic adapter warmup=yes,2024-127266,132,41,0.9047619047619048,0.926829268292683,0.9156626506024096,0.946969696969697
trecrag,all,monot5-base-msmarco-10k,topic adapter warmup=yes,2024-129925,121,62,0.8928571428571429,0.8064516129032258,0.847457627118644,0.8512396694214877
trecrag,all,monot5-base-msmarco-10k,topic adapter warmup=yes,2024-141577,220,81,0.881578947368421,0.8271604938271605,0.8535031847133758,0.8954545454545455
trecrag,all,monot5-base-msmarco-10k,topic adapter warmup=yes,2024-142395,143,55,0.9803921568627451,0.9090909090909091,0.9433962264150944,0.958041958041958
trecrag,all,monot5-base-msmarco-10k,topic adapter warmup=yes,2024-143869,220,69,0.9565217391304348,0.9565217391304348,0.9565217391304348,0.9727272727272728
trecrag,all,monot5-base-msmarco-10k,topic adapter warmup=yes,2024-145979,165,90,0.9770114942528736,0.9444444444444444,0.96045197740113,0.9575757575757575
trecrag,all,monot5-base-msmarco-10k,topic adapter warmup=yes,2024-152259,132,58,0.9047619047619048,0.9827586206896551,0.9421487603305785,0.946969696969697
trecrag,all,monot5-base-msmarco-10k,topic adapter warmup=yes,2024-152817,176,67,0.9142857142857143,0.9552238805970149,0.9343065693430657,0.9488636363636364
trecrag,all,monot5-base-msmarco-10k,topic adapter warmup=yes,2024-153051,154,89,0.9888888888888889,1.0,0.994413407821229,0.9935064935064936
trecrag,all,monot5-base-msmarco-10k,topic adapter warmup=yes,2024-158261,187,21,0.7391304347826086,0.8095238095238095,0.7727272727272727,0.946524064171123
trecrag,all,monot5-base-msmarco-10k,topic adapter warmup=yes,2024-158677,198,67,0.782608695652174,0.8059701492537313,0.7941176470588235,0.8585858585858586
trecrag,all,monot5-base-msmarco-10k,topic adapter warmup=yes,2024-158743,198,46,0.8260869565217391,0.8260869565217391,0.8260869565217391,0.9191919191919192
trecrag,all,monot5-base-msmarco-10k,topic adapter warmup=yes,2024-18963,187,30,0.7931034482758621,0.7666666666666667,0.7796610169491526,0.93048128342246
trecrag,all,monot5-base-msmarco-10k,topic adapter warmup=yes,2024-19025,132,53,0.9583333333333334,0.8679245283018868,0.9108910891089109,0.9318181818181818
trecrag,all,monot5-base-msmarco-10k,topic adapter warmup=yes,2024-213469,143,40,0.8,0.7,0.7466666666666667,0.8671328671328671
trecrag,all,monot5-base-msmarco-10k,topic adapter warmup=yes,2024-213789,143,50,0.9361702127659575,0.88,0.9072164948453608,0.9370629370629371
trecrag,all,monot5-base-msmarco-10k,topic adapter warmup=yes,2024-213817,143,66,0.9565217391304348,1.0,0.9777777777777777,0.9790209790209791
trecrag,all,monot5-base-msmarco-10k,topic adapter warmup=yes,2024-213978,99,16,0.8421052631578947,1.0,0.9142857142857143,0.9696969696969697
trecrag,all,monot5-base-msmarco-10k,topic adapter warmup=yes,2024-214096,176,69,0.9661016949152542,0.8260869565217391,0.890625,0.9204545454545454
trecrag,all,monot5-base-msmarco-10k,topic adapter warmup=yes,2024-214257,110,33,0.9411764705882353,0.9696969696969697,0.9552238805970149,0.9727272727272728
trecrag,all,monot5-base-msmarco-10k,topic adapter warmup=yes,2024-214467,77,42,0.975609756097561,0.9523809523809523,0.963855421686747,0.961038961038961
trecrag,all,monot5-base-msmarco-10k,topic adapter warmup=yes,2024-215044,165,19,0.9444444444444444,0.8947368421052632,0.918918918918919,0.9818181818181818
trecrag,all,monot5-base-msmarco-10k,topic adapter warmup=yes,2024-215952,110,32,0.9615384615384616,0.78125,0.8620689655172413,0.9272727272727272
trecrag,all,monot5-base-msmarco-10k,topic adapter warmup=yes,2024-216592,220,75,0.958904109589041,0.9333333333333333,0.9459459459459459,0.9636363636363636
trecrag,all,monot5-base-msmarco-10k,topic adapter warmup=yes,2024-217279,132,45,0.8974358974358975,0.7777777777777778,0.8333333333333334,0.8939393939393939
trecrag,all,monot5-base-msmarco-10k,topic adapter warmup=yes,2024-217812,140,62,0.9661016949152542,0.9193548387096774,0.9421487603305785,0.95
trecrag,all,monot5-base-msmarco-10k,topic adapter warmup=yes,2024-219563,110,43,0.717391304347826,0.7674418604651163,0.7415730337078652,0.7909090909090909
trecrag,all,monot5-base-msmarco-10k,topic adapter warmup=yes,2024-219624,143,52,0.9259259259259259,0.9615384615384616,0.9433962264150944,0.958041958041958
trecrag,all,monot5-base-msmarco-10k,topic adapter warmup=yes,2024-224279,165,52,0.8372093023255814,0.6923076923076923,0.7578947368421053,0.8606060606060606
trecrag,all,monot5-base-msmarco-10k,topic adapter warmup=yes,2024-224701,198,83,0.8588235294117647,0.8795180722891566,0.8690476190476191,0.8888888888888888
trecrag,all,monot5-base-msmarco-10k,topic adapter warmup=yes,2024-224926,121,9,0.9,1.0,0.9473684210526315,0.9917355371900827
trecrag,all,monot5-base-msmarco-10k,topic adapter warmup=yes,2024-22886,220,83,0.9605263157894737,0.8795180722891566,0.9182389937106918,0.9409090909090909
trecrag,all,monot5-base-msmarco-10k,topic adapter warmup=yes,2024-27366,176,68,0.8983050847457628,0.7794117647058824,0.8346456692913385,0.8806818181818182
trecrag,all,monot5-base-msmarco-10k,topic adapter warmup=yes,2024-29182,165,40,0.9393939393939394,0.775,0.8493150684931506,0.9333333333333333
trecrag,all,monot5-base-msmarco-10k,topic adapter warmup=yes,2024-32912,99,63,0.9692307692307692,1.0,0.984375,0.9797979797979798
trecrag,all,monot5-base-msmarco-10k,topic adapter warmup=yes,2024-35227,198,83,0.9705882352941176,0.7951807228915663,0.8741721854304636,0.9040404040404041
trecrag,all,monot5-base-msmarco-10k,topic adapter warmup=yes,2024-35269,110,56,1.0,0.9285714285714286,0.9629629629629629,0.9636363636363636
trecrag,all,monot5-base-msmarco-10k,topic adapter warmup=yes,2024-35284,143,66,0.953125,0.9242424242424242,0.9384615384615385,0.9440559440559441
trecrag,all,monot5-base-msmarco-10k,topic adapter warmup=yes,2024-35620,187,50,0.9230769230769231,0.96,0.9411764705882353,0.9679144385026738
trecrag,all,monot5-base-msmarco-10k,topic adapter warmup=yes,2024-38986,176,67,0.8285714285714286,0.8656716417910447,0.8467153284671532,0.8806818181818182
trecrag,all,monot5-base-msmarco-10k,topic adapter warmup=yes,2024-41849,209,38,0.8571428571428571,0.7894736842105263,0.821917808219178,0.937799043062201
trecrag,all,monot5-base-msmarco-10k,topic adapter warmup=yes,2024-42497,165,52,0.8771929824561403,0.9615384615384616,0.9174311926605505,0.9454545454545454
trecrag,all,monot5-base-msmarco-10k,topic adapter warmup=yes,2024-43037,110,52,0.9166666666666666,0.8461538461538461,0.88,0.8909090909090909
trecrag,all,monot5-base-msmarco-10k,topic adapter warmup=yes,2024-43983,110,20,1.0,0.8,0.8888888888888888,0.9636363636363636
trecrag,all,monot5-base-msmarco-10k,topic adapter warmup=yes,2024-44060,66,40,0.8666666666666667,0.975,0.9176470588235294,0.8939393939393939
trecrag,all,monot5-base-msmarco-10k,topic adapter warmup=yes,2024-58819,176,25,0.75,0.72,0.7346938775510204,0.9261363636363636
trecrag,all,monot5-base-msmarco-10k,topic adapter warmup=yes,2024-73340,77,40,1.0,0.975,0.9873417721518988,0.987012987012987
trecrag,all,monot5-base-msmarco-10k,topic adapter warmup=yes,2024-73918,198,28,0.92,0.8214285714285714,0.8679245283018868,0.9646464646464646
trecrag,all,monot5-base-msmarco-10k,topic adapter warmup=yes,2024-79081,176,44,0.8936170212765957,0.9545454545454546,0.9230769230769231,0.9602272727272727
trecrag,all,monot5-base-msmarco-10k,topic adapter warmup=yes,2024-79154,99,66,1.0,0.9848484848484849,0.9923664122137404,0.98989898989899
trecrag,all,monot5-base-msmarco-10k,topic adapter warmup=yes,2024-88894,143,26,0.7222222222222222,0.5,0.5909090909090909,0.8741258741258742
trecrag,all,monot5-base-msmarco-10k,topic adapter warmup=yes,2024-94706,120,43,0.8695652173913043,0.9302325581395349,0.898876404494382,0.925
trecrag,all,monot5-base-msmarco-10k,topic adapter warmup=yes,2024-96063,176,18,0.8,0.8888888888888888,0.8421052631578947,0.9659090909090909
trecrag,all,monot5-base-msmarco-10k,topic adapter warmup=yes,2024-96359,121,64,0.8363636363636363,0.71875,0.773109243697479,0.7768595041322314
trecrag,all,monot5-base-msmarco-10k,topic backbone warmup=yes,2024-105741,176,40,0.926829268292683,0.95,0.9382716049382716,0.9715909090909091
trecrag,all,monot5-base-msmarco-10k,topic backbone warmup=yes,2024-121840,176,40,0.7346938775510204,0.9,0.8089887640449438,0.9034090909090909
trecrag,all,monot5-base-msmarco-10k,topic backbone warmup=yes,2024-127266,132,41,0.925,0.9024390243902439,0.9135802469135802,0.946969696969697
trecrag,all,monot5-base-msmarco-10k,topic backbone warmup=yes,2024-129925,121,62,0.9056603773584906,0.7741935483870968,0.8347826086956521,0.8429752066115702
trecrag,all,monot5-base-msmarco-10k,topic backbone warmup=yes,2024-141577,220,81,0.8658536585365854,0.8765432098765432,0.8711656441717791,0.9045454545454545
trecrag,all,monot5-base-msmarco-10k,topic backbone warmup=yes,2024-142395,143,55,0.9433962264150944,0.9090909090909091,0.9259259259259259,0.9440559440559441
trecrag,all,monot5-base-msmarco-10k,topic backbone warmup=yes,2024-143869,220,69,0.9710144927536232,0.9710144927536232,0.9710144927536232,0.9818181818181818
trecrag,all,monot5-base-msmarco-10k,topic backbone warmup=yes,2024-145979,165,90,0.9560439560439561,0.9666666666666667,0.9613259668508287,0.9575757575757575
trecrag,all,monot5-base-msmarco-10k,topic backbone warmup=yes,2024-152259,132,58,0.9047619047619048,0.9827586206896551,0.9421487603305785,0.946969696969697
trecrag,all,monot5-base-msmarco-10k,topic backbone warmup=yes,2024-152817,176,67,0.9130434782608695,0.9402985074626866,0.9264705882352942,0.9431818181818182
trecrag,all,monot5-base-msmarco-10k,topic backbone warmup=yes,2024-153051,154,89,1.0,0.9887640449438202,0.9943502824858758,0.9935064935064936
trecrag,all,monot5-base-msmarco-10k,topic backbone warmup=yes,2024-158261,187,21,0.75,0.8571428571428571,0.8,0.9518716577540107
trecrag,all,monot5-base-msmarco-10k,topic backbone warmup=yes,2024-158677,198,67,0.7846153846153846,0.7611940298507462,0.7727272727272727,0.8484848484848485
trecrag,all,monot5-base-msmarco-10k,topic backbone warmup=yes,2024-158743,198,46,0.8888888888888888,0.8695652173913043,0.8791208791208791,0.9444444444444444
trecrag,all,monot5-base-msmarco-10k,topic backbone warmup=yes,2024-18963,187,30,0.8,0.8,0.8,0.9358288770053476
trecrag,all,monot5-base-msmarco-10k,topic backbone warmup=yes,2024-19025,132,53,0.9375,0.8490566037735849,0.8910891089108911,0.9166666666666666
trecrag,all,monot5-base-msmarco-10k,topic backbone warmup=yes,2024-213469,143,40,0.84375,0.675,0.75,0.8741258741258742
trecrag,all,monot5-base-msmarco-10k,topic backbone warmup=yes,2024-213789,143,50,0.9148936170212766,0.86,0.8865979381443299,0.9230769230769231
trecrag,all,monot5-base-msmarco-10k,topic backbone warmup=yes,2024-213817,143,66,0.9558823529411765,0.9848484848484849,0.9701492537313433,0.972027972027972
trecrag,all,monot5-base-msmarco-10k,topic backbone warmup=yes,2024-213978,99,16,0.8,1.0,0.8888888888888888,0.9595959595959596
trecrag,all,monot5-base-msmarco-10k,topic backbone warmup=yes,2024-214096,176,69,0.9672131147540983,0.855072463768116,0.9076923076923077,0.9318181818181818
trecrag,all,monot5-base-msmarco-10k,topic backbone warmup=yes,2024-214257,110,33,0.9411764705882353,0.9696969696969697,0.9552238805970149,0.9727272727272728
trecrag,all,monot5-base-msmarco-10k,topic backbone warmup=yes,2024-214467,77,42,0.975,0.9285714285714286,0.9512195121951219,0.948051948051948
trecrag,all,monot5-base-msmarco-10k,topic backbone warmup=yes,2024-215044,165,19,0.9,0.9473684210526315,0.9230769230769231,0.9818181818181818
trecrag,all,monot5-base-msmarco-10k,topic backbone warmup=yes,2024-215952,110,32,0.9259259259259259,0.78125,0.847457627118644,0.9181818181818182
trecrag,all,monot5-base-msmarco-10k,topic backbone warmup=yes,2024-216592,220,75,0.958904109589041,0.9333333333333333,0.9459459459459459,0.9636363636363636
trecrag,all,monot5-base-msmarco-10k,topic backbone warmup=yes,2024-217279,132,45,0.8837209302325582,0.8444444444444444,0.8636363636363636,0.9090909090909091
trecrag,all,monot5-base-msmarco-10k,topic backbone warmup=yes,2024-217812,140,62,0.9344262295081968,0.9193548387096774,0.926829268292683,0.9357142857142857
trecrag,all,monot5-base-msmarco-10k,topic backbone warmup=yes,2024-219563,110,43,0.8260869565217391,0.8837209302325582,0.8539325842696629,0.8818181818181818
trecrag,all,monot5-base-msmarco-10k,topic backbone warmup=yes,2024-219624,143,52,0.9444444444444444,0.9807692307692307,0.9622641509433962,0.972027972027972
trecrag,all,monot5-base-msmarco-10k,topic backbone warmup=yes,2024-224279,165,52,0.8636363636363636,0.7307692307692307,0.7916666666666666,0.8787878787878788
trecrag,all,monot5-base-msmarco-10k,topic backbone warmup=yes,2024-224701,198,83,0.8588235294117647,0.8795180722891566,0.8690476190476191,0.8888888888888888
trecrag,all,monot5-base-msmarco-10k,topic backbone warmup=yes,2024-224926,121,9,0.75,1.0,0.8571428571428571,0.9752066115702479
trecrag,all,monot5-base-msmarco-10k,topic backbone warmup=yes,2024-22886,220,83,0.9375,0.9036144578313253,0.9202453987730062,0.9409090909090909
trecrag,all,monot5-base-msmarco-10k,topic backbone warmup=yes,2024-27366,176,68,0.8571428571428571,0.7941176470588235,0.8244274809160306,0.8693181818181818
trecrag,all,monot5-base-msmarco-10k,topic backbone warmup=yes,2024-29182,165,40,0.9459459459459459,0.875,0.9090909090909091,0.9575757575757575
trecrag,all,monot5-base-msmarco-10k,topic backbone warmup=yes,2024-32912,99,63,0.9393939393939394,0.9841269841269841,0.9612403100775194,0.9494949494949495
trecrag,all,monot5-base-msmarco-10k,topic backbone warmup=yes,2024-35227,198,83,0.9545454545454546,0.7590361445783133,0.8456375838926175,0.8838383838383839
trecrag,all,monot5-base-msmarco-10k,topic backbone warmup=yes,2024-35269,110,56,1.0,0.9464285714285714,0.9724770642201835,0.9727272727272728
trecrag,all,monot5-base-msmarco-10k,topic backbone warmup=yes,2024-35284,143,66,0.9264705882352942,0.9545454545454546,0.9402985074626866,0.9440559440559441
trecrag,all,monot5-base-msmarco-10k,topic backbone warmup=yes,2024-35620,187,50,0.8727272727272727,0.96,0.9142857142857143,0.9518716577540107
trecrag,all,monot5-base-msmarco-10k,topic backbone warmup=yes,2024-38986,176,67,0.8923076923076924,0.8656716417910447,0.8787878787878788,0.9090909090909091
trecrag,all,monot5-base-msmarco-10k,topic backbone warmup=yes,2024-41849,209,38,0.8787878787878788,0.7631578947368421,0.8169014084507042,0.937799043062201
trecrag,all,monot5-base-msmarco-10k,topic backbone warmup=yes,2024-42497,165,52,0.7692307692307693,0.9615384615384616,0.8547008547008547,0.896969696969697
trecrag,all,monot5-base-msmarco-10k,topic backbone warmup=yes,2024-43037,110,52,0.8727272727272727,0.9230769230769231,0.897196261682243,0.9
trecrag,all,monot5-base-msmarco-10k,topic backbone warmup=yes,2024-43983,110,20,1.0,0.75,0.8571428571428571,0.9545454545454546
trecrag,all,monot5-base-msmarco-10k,topic backbone warmup=yes,2024-44060,66,40,0.8297872340425532,0.975,0.896551724137931,0.8636363636363636
trecrag,all,monot5-base-msmarco-10k,topic backbone warmup=yes,2024-58819,176,25,0.9,0.72,0.8,0.9488636363636364
trecrag,all,monot5-base-msmarco-10k,topic backbone warmup=yes,2024-73340,77,40,1.0,1.0,1.0,1.0
trecrag,all,monot5-base-msmarco-10k,topic backbone warmup=yes,2024-73918,198,28,0.8928571428571429,0.8928571428571429,0.8928571428571429,0.9696969696969697
trecrag,all,monot5-base-msmarco-10k,topic backbone warmup=yes,2024-79081,176,44,0.8723404255319149,0.9318181818181818,0.9010989010989011,0.9488636363636364
trecrag,all,monot5-base-msmarco-10k,topic backbone warmup=yes,2024-79154,99,66,1.0,0.9848484848484849,0.9923664122137404,0.98989898989899
trecrag,all,monot5-base-msmarco-10k,topic backbone warmup=yes,2024-88894,143,26,0.7,0.8076923076923077,0.75,0.9020979020979021
trecrag,all,monot5-base-msmarco-10k,topic backbone warmup=yes,2024-94706,120,43,0.8367346938775511,0.9534883720930233,0.8913043478260869,0.9166666666666666
trecrag,all,monot5-base-msmarco-10k,topic backbone warmup=yes,2024-96063,176,18,0.8235294117647058,0.7777777777777778,0.8,0.9602272727272727
trecrag,all,monot5-base-msmarco-10k,topic backbone warmup=yes,2024-96359,121,64,0.8163265306122449,0.625,0.7079646017699115,0.7272727272727273
trecrag,all,ettin-reranker-17m-v1,warmup pretrain full warmup=-,2024-105741,176,40,0.925,0.925,0.925,0.9659090909090909
trecrag,all,ettin-reranker-17m-v1,warmup pretrain full warmup=-,2024-121840,176,40,0.717948717948718,0.7,0.7088607594936709,0.8693181818181818
trecrag,all,ettin-reranker-17m-v1,warmup pretrain full warmup=-,2024-127266,132,41,0.875,0.8536585365853658,0.8641975308641975,0.9166666666666666
trecrag,all,ettin-reranker-17m-v1,warmup pretrain full warmup=-,2024-129925,121,62,0.9090909090909091,0.8064516129032258,0.8547008547008547,0.859504132231405
trecrag,all,ettin-reranker-17m-v1,warmup pretrain full warmup=-,2024-141577,220,81,0.8395061728395061,0.8395061728395061,0.8395061728395061,0.8818181818181818
trecrag,all,ettin-reranker-17m-v1,warmup pretrain full warmup=-,2024-142395,143,55,0.9782608695652174,0.8181818181818182,0.8910891089108911,0.9230769230769231
trecrag,all,ettin-reranker-17m-v1,warmup pretrain full warmup=-,2024-143869,220,69,0.9692307692307692,0.9130434782608695,0.9402985074626866,0.9636363636363636
trecrag,all,ettin-reranker-17m-v1,warmup pretrain full warmup=-,2024-145979,165,90,0.9425287356321839,0.9111111111111111,0.9265536723163842,0.9212121212121213
trecrag,all,ettin-reranker-17m-v1,warmup pretrain full warmup=-,2024-152259,132,58,0.9016393442622951,0.9482758620689655,0.9243697478991597,0.9318181818181818
trecrag,all,ettin-reranker-17m-v1,warmup pretrain full warmup=-,2024-152817,176,67,0.9393939393939394,0.9253731343283582,0.9323308270676691,0.9488636363636364
trecrag,all,ettin-reranker-17m-v1,warmup pretrain full warmup=-,2024-153051,154,89,0.967032967032967,0.9887640449438202,0.9777777777777777,0.974025974025974
trecrag,all,ettin-reranker-17m-v1,warmup pretrain full warmup=-,2024-158261,187,21,0.6923076923076923,0.8571428571428571,0.7659574468085106,0.9411764705882353
trecrag,all,ettin-reranker-17m-v1,warmup pretrain full warmup=-,2024-158677,198,67,0.5283018867924528,0.835820895522388,0.6473988439306358,0.6919191919191919
trecrag,all,ettin-reranker-17m-v1,warmup pretrain full warmup=-,2024-158743,198,46,0.7592592592592593,0.8913043478260869,0.82,0.9090909090909091
trecrag,all,ettin-reranker-17m-v1,warmup pretrain full warmup=-,2024-18963,187,30,0.6666666666666666,0.8666666666666667,0.7536231884057971,0.9090909090909091
trecrag,all,ettin-reranker-17m-v1,warmup pretrain full warmup=-,2024-19025,132,53,0.9148936170212766,0.8113207547169812,0.86,0.8939393939393939
trecrag,all,ettin-reranker-17m-v1,warmup pretrain full warmup=-,2024-213469,143,40,0.6923076923076923,0.675,0.6835443037974683,0.8251748251748252
trecrag,all,ettin-reranker-17m-v1,warmup pretrain full warmup=-,2024-213789,143,50,0.8913043478260869,0.82,0.8541666666666666,0.9020979020979021
trecrag,all,ettin-reranker-17m-v1,warmup pretrain full warmup=-,2024-213817,143,66,0.9041095890410958,1.0,0.9496402877697842,0.951048951048951
trecrag,all,ettin-reranker-17m-v1,warmup pretrain full warmup=-,2024-213978,99,16,0.8421052631578947,1.0,0.9142857142857143,0.9696969696969697
trecrag,all,ettin-reranker-17m-v1,warmup pretrain full warmup=-,2024-214096,176,69,0.9655172413793104,0.8115942028985508,0.8818897637795275,0.9147727272727273
trecrag,all,ettin-reranker-17m-v1,warmup pretrain full warmup=-,2024-214257,110,33,0.9117647058823529,0.9393939393939394,0.9253731343283582,0.9545454545454546
trecrag,all,ettin-reranker-17m-v1,warmup pretrain full warmup=-,2024-214467,77,42,0.975609756097561,0.9523809523809523,0.963855421686747,0.961038961038961
trecrag,all,ettin-reranker-17m-v1,warmup pretrain full warmup=-,2024-215044,165,19,0.7272727272727273,0.8421052631578947,0.7804878048780488,0.9454545454545454
trecrag,all,ettin-reranker-17m-v1,warmup pretrain full warmup=-,2024-215952,110,32,0.9565217391304348,0.6875,0.8,0.9
trecrag,all,ettin-reranker-17m-v1,warmup pretrain full warmup=-,2024-216592,220,75,0.8873239436619719,0.84,0.863013698630137,0.9090909090909091
trecrag,all,ettin-reranker-17m-v1,warmup pretrain full warmup=-,2024-217279,132,45,0.8604651162790697,0.8222222222222222,0.8409090909090909,0.8939393939393939
trecrag,all,ettin-reranker-17m-v1,warmup pretrain full warmup=-,2024-217812,140,62,0.9649122807017544,0.8870967741935484,0.9243697478991597,0.9357142857142857
trecrag,all,ettin-reranker-17m-v1,warmup pretrain full warmup=-,2024-219563,110,43,0.7894736842105263,0.6976744186046512,0.7407407407407407,0.8090909090909091
trecrag,all,ettin-reranker-17m-v1,warmup pretrain full warmup=-,2024-219624,143,52,0.9230769230769231,0.9230769230769231,0.9230769230769231,0.9440559440559441
trecrag,all,ettin-reranker-17m-v1,warmup pretrain full warmup=-,2024-224279,165,52,0.8048780487804879,0.6346153846153846,0.7096774193548387,0.8363636363636363
trecrag,all,ettin-reranker-17m-v1,warmup pretrain full warmup=-,2024-224701,198,83,0.8333333333333334,0.8433734939759037,0.8383233532934131,0.8636363636363636
trecrag,all,ettin-reranker-17m-v1,warmup pretrain full warmup=-,2024-224926,121,9,0.875,0.7777777777777778,0.8235294117647058,0.9752066115702479
trecrag,all,ettin-reranker-17m-v1,warmup pretrain full warmup=-,2024-22886,220,83,0.9852941176470589,0.8072289156626506,0.8874172185430463,0.9227272727272727
trecrag,all,ettin-reranker-17m-v1,warmup pretrain full warmup=-,2024-27366,176,68,0.8852459016393442,0.7941176470588235,0.8372093023255814,0.8806818181818182
trecrag,all,ettin-reranker-17m-v1,warmup pretrain full warmup=-,2024-29182,165,40,0.9032258064516129,0.7,0.7887323943661971,0.9090909090909091
trecrag,all,ettin-reranker-17m-v1,warmup pretrain full warmup=-,2024-32912,99,63,0.9538461538461539,0.9841269841269841,0.96875,0.9595959595959596
trecrag,all,ettin-reranker-17m-v1,warmup pretrain full warmup=-,2024-35227,198,83,0.8873239436619719,0.7590361445783133,0.8181818181818182,0.8585858585858586
trecrag,all,ettin-reranker-17m-v1,warmup pretrain full warmup=-,2024-35269,110,56,0.9473684210526315,0.9642857142857143,0.9557522123893806,0.9545454545454546
trecrag,all,ettin-reranker-17m-v1,warmup pretrain full warmup=-,2024-35284,143,66,0.9552238805970149,0.9696969696969697,0.9624060150375939,0.965034965034965
trecrag,all,ettin-reranker-17m-v1,warmup pretrain full warmup=-,2024-35620,187,50,0.8103448275862069,0.94,0.8703703703703703,0.9251336898395722
trecrag,all,ettin-reranker-17m-v1,warmup pretrain full warmup=-,2024-38986,176,67,0.8333333333333334,0.8208955223880597,0.8270676691729323,0.8693181818181818
trecrag,all,ettin-reranker-17m-v1,warmup pretrain full warmup=-,2024-41849,209,38,0.8787878787878788,0.7631578947368421,0.8169014084507042,0.937799043062201
trecrag,all,ettin-reranker-17m-v1,warmup pretrain full warmup=-,2024-42497,165,52,0.8571428571428571,0.9230769230769231,0.8888888888888888,0.9272727272727272
trecrag,all,ettin-reranker-17m-v1,warmup pretrain full warmup=-,2024-43037,110,52,0.75,0.8076923076923077,0.7777777777777778,0.7818181818181819
trecrag,all,ettin-reranker-17m-v1,warmup pretrain full warmup=-,2024-43983,110,20,0.7142857142857143,0.75,0.7317073170731707,0.9
trecrag,all,ettin-reranker-17m-v1,warmup pretrain full warmup=-,2024-44060,66,40,0.9285714285714286,0.975,0.9512195121951219,0.9393939393939394
trecrag,all,ettin-reranker-17m-v1,warmup pretrain full warmup=-,2024-58819,176,25,0.7333333333333333,0.88,0.8,0.9375
trecrag,all,ettin-reranker-17m-v1,warmup pretrain full warmup=-,2024-73340,77,40,1.0,1.0,1.0,1.0
trecrag,all,ettin-reranker-17m-v1,warmup pretrain full warmup=-,2024-73918,198,28,0.7931034482758621,0.8214285714285714,0.8070175438596491,0.9444444444444444
trecrag,all,ettin-reranker-17m-v1,warmup pretrain full warmup=-,2024-79081,176,44,0.8636363636363636,0.8636363636363636,0.8636363636363636,0.9318181818181818
trecrag,all,ettin-reranker-17m-v1,warmup pretrain full warmup=-,2024-79154,99,66,1.0,0.9848484848484849,0.9923664122137404,0.98989898989899
trecrag,all,ettin-reranker-17m-v1,warmup pretrain full warmup=-,2024-88894,143,26,0.75,0.6923076923076923,0.72,0.9020979020979021
trecrag,all,ettin-reranker-17m-v1,warmup pretrain full warmup=-,2024-94706,120,43,0.8444444444444444,0.8837209302325582,0.8636363636363636,0.9
trecrag,all,ettin-reranker-17m-v1,warmup pretrain full warmup=-,2024-96063,176,18,0.6666666666666666,0.7777777777777778,0.717948717948718,0.9375
trecrag,all,ettin-reranker-17m-v1,warmup pretrain full warmup=-,2024-96359,121,64,0.7794117647058824,0.828125,0.803030303030303,0.7851239669421488
trecrag,all,ettin-reranker-17m-v1,topic head warmup=yes,2024-105741,176,40,0.925,0.925,0.925,0.9659090909090909
trecrag,all,ettin-reranker-17m-v1,topic head warmup=yes,2024-121840,176,40,0.717948717948718,0.7,0.7088607594936709,0.8693181818181818
trecrag,all,ettin-reranker-17m-v1,topic head warmup=yes,2024-127266,132,41,0.875,0.8536585365853658,0.8641975308641975,0.9166666666666666
trecrag,all,ettin-reranker-17m-v1,topic head warmup=yes,2024-129925,121,62,0.9090909090909091,0.8064516129032258,0.8547008547008547,0.859504132231405
trecrag,all,ettin-reranker-17m-v1,topic head warmup=yes,2024-141577,220,81,0.85,0.8395061728395061,0.84472049689441,0.8863636363636364
trecrag,all,ettin-reranker-17m-v1,topic head warmup=yes,2024-142395,143,55,0.9782608695652174,0.8181818181818182,0.8910891089108911,0.9230769230769231
trecrag,all,ettin-reranker-17m-v1,topic head warmup=yes,2024-143869,220,69,0.9692307692307692,0.9130434782608695,0.9402985074626866,0.9636363636363636
trecrag,all,ettin-reranker-17m-v1,topic head warmup=yes,2024-145979,165,90,0.9529411764705882,0.9,0.9257142857142857,0.9212121212121213
trecrag,all,ettin-reranker-17m-v1,topic head warmup=yes,2024-152259,132,58,0.9016393442622951,0.9482758620689655,0.9243697478991597,0.9318181818181818
trecrag,all,ettin-reranker-17m-v1,topic head warmup=yes,2024-152817,176,67,0.9117647058823529,0.9253731343283582,0.9185185185185185,0.9375
trecrag,all,ettin-reranker-17m-v1,topic head warmup=yes,2024-153051,154,89,0.9777777777777777,0.9887640449438202,0.9832402234636871,0.9805194805194806
trecrag,all,ettin-reranker-17m-v1,topic head warmup=yes,2024-158261,187,21,0.72,0.8571428571428571,0.782608695652174,0.946524064171123
trecrag,all,ettin-reranker-17m-v1,topic head warmup=yes,2024-158677,198,67,0.5283018867924528,0.835820895522388,0.6473988439306358,0.6919191919191919
trecrag,all,ettin-reranker-17m-v1,topic head warmup=yes,2024-158743,198,46,0.7735849056603774,0.8913043478260869,0.8282828282828283,0.9141414141414141
trecrag,all,ettin-reranker-17m-v1,topic head warmup=yes,2024-18963,187,30,0.7142857142857143,0.8333333333333334,0.7692307692307693,0.9197860962566845
trecrag,all,ettin-reranker-17m-v1,topic head warmup=yes,2024-19025,132,53,0.9148936170212766,0.8113207547169812,0.86,0.8939393939393939
trecrag,all,ettin-reranker-17m-v1,topic head warmup=yes,2024-213469,143,40,0.7105263157894737,0.675,0.6923076923076923,0.8321678321678322
trecrag,all,ettin-reranker-17m-v1,topic head warmup=yes,2024-213789,143,50,0.8913043478260869,0.82,0.8541666666666666,0.9020979020979021
trecrag,all,ettin-reranker-17m-v1,topic head warmup=yes,2024-213817,143,66,0.9166666666666666,1.0,0.9565217391304348,0.958041958041958
trecrag,all,ettin-reranker-17m-v1,topic head warmup=yes,2024-213978,99,16,0.8421052631578947,1.0,0.9142857142857143,0.9696969696969697
trecrag,all,ettin-reranker-17m-v1,topic head warmup=yes,2024-214096,176,69,0.9655172413793104,0.8115942028985508,0.8818897637795275,0.9147727272727273
trecrag,all,ettin-reranker-17m-v1,topic head warmup=yes,2024-214257,110,33,0.9117647058823529,0.9393939393939394,0.9253731343283582,0.9545454545454546
trecrag,all,ettin-reranker-17m-v1,topic head warmup=yes,2024-214467,77,42,0.975,0.9285714285714286,0.9512195121951219,0.948051948051948
trecrag,all,ettin-reranker-17m-v1,topic head warmup=yes,2024-215044,165,19,0.6956521739130435,0.8421052631578947,0.7619047619047619,0.9393939393939394
trecrag,all,ettin-reranker-17m-v1,topic head warmup=yes,2024-215952,110,32,0.9565217391304348,0.6875,0.8,0.9
trecrag,all,ettin-reranker-17m-v1,topic head warmup=yes,2024-216592,220,75,0.9,0.84,0.8689655172413793,0.9136363636363637
trecrag,all,ettin-reranker-17m-v1,topic head warmup=yes,2024-217279,132,45,0.8604651162790697,0.8222222222222222,0.8409090909090909,0.8939393939393939
trecrag,all,ettin-reranker-17m-v1,topic head warmup=yes,2024-217812,140,62,0.9649122807017544,0.8870967741935484,0.9243697478991597,0.9357142857142857
trecrag,all,ettin-reranker-17m-v1,topic head warmup=yes,2024-219563,110,43,0.775,0.7209302325581395,0.7469879518072289,0.8090909090909091
trecrag,all,ettin-reranker-17m-v1,topic head warmup=yes,2024-219624,143,52,0.9230769230769231,0.9230769230769231,0.9230769230769231,0.9440559440559441
trecrag,all,ettin-reranker-17m-v1,topic head warmup=yes,2024-224279,165,52,0.8095238095238095,0.6538461538461539,0.723404255319149,0.8424242424242424
trecrag,all,ettin-reranker-17m-v1,topic head warmup=yes,2024-224701,198,83,0.8518518518518519,0.8313253012048193,0.8414634146341463,0.8686868686868687
trecrag,all,ettin-reranker-17m-v1,topic head warmup=yes,2024-224926,121,9,0.875,0.7777777777777778,0.8235294117647058,0.9752066115702479
trecrag,all,ettin-reranker-17m-v1,topic head warmup=yes,2024-22886,220,83,0.9855072463768116,0.8192771084337349,0.8947368421052632,0.9272727272727272
trecrag,all,ettin-reranker-17m-v1,topic head warmup=yes,2024-27366,176,68,0.8709677419354839,0.7941176470588235,0.8307692307692308,0.875
trecrag,all,ettin-reranker-17m-v1,topic head warmup=yes,2024-29182,165,40,0.9032258064516129,0.7,0.7887323943661971,0.9090909090909091
trecrag,all,ettin-reranker-17m-v1,topic head warmup=yes,2024-32912,99,63,0.9393939393939394,0.9841269841269841,0.9612403100775194,0.9494949494949495
trecrag,all,ettin-reranker-17m-v1,topic head warmup=yes,2024-35227,198,83,0.8873239436619719,0.7590361445783133,0.8181818181818182,0.8585858585858586
trecrag,all,ettin-reranker-17m-v1,topic head warmup=yes,2024-35269,110,56,0.9473684210526315,0.9642857142857143,0.9557522123893806,0.9545454545454546
trecrag,all,ettin-reranker-17m-v1,topic head warmup=yes,2024-35284,143,66,0.9558823529411765,0.9848484848484849,0.9701492537313433,0.972027972027972
trecrag,all,ettin-reranker-17m-v1,topic head warmup=yes,2024-35620,187,50,0.8214285714285714,0.92,0.8679245283018868,0.9251336898395722
trecrag,all,ettin-reranker-17m-v1,topic head warmup=yes,2024-38986,176,67,0.8333333333333334,0.8208955223880597,0.8270676691729323,0.8693181818181818
trecrag,all,ettin-reranker-17m-v1,topic head warmup=yes,2024-41849,209,38,0.8787878787878788,0.7631578947368421,0.8169014084507042,0.937799043062201
trecrag,all,ettin-reranker-17m-v1,topic head warmup=yes,2024-42497,165,52,0.8571428571428571,0.9230769230769231,0.8888888888888888,0.9272727272727272
trecrag,all,ettin-reranker-17m-v1,topic head warmup=yes,2024-43037,110,52,0.75,0.8076923076923077,0.7777777777777778,0.7818181818181819
trecrag,all,ettin-reranker-17m-v1,topic head warmup=yes,2024-43983,110,20,0.7142857142857143,0.75,0.7317073170731707,0.9
trecrag,all,ettin-reranker-17m-v1,topic head warmup=yes,2024-44060,66,40,0.9069767441860465,0.975,0.9397590361445783,0.9242424242424242
trecrag,all,ettin-reranker-17m-v1,topic head warmup=yes,2024-58819,176,25,0.8148148148148148,0.88,0.8461538461538461,0.9545454545454546
trecrag,all,ettin-reranker-17m-v1,topic head warmup=yes,2024-73340,77,40,1.0,1.0,1.0,1.0
trecrag,all,ettin-reranker-17m-v1,topic head warmup=yes,2024-73918,198,28,0.7931034482758621,0.8214285714285714,0.8070175438596491,0.9444444444444444
trecrag,all,ettin-reranker-17m-v1,topic head warmup=yes,2024-79081,176,44,0.851063829787234,0.9090909090909091,0.8791208791208791,0.9375
trecrag,all,ettin-reranker-17m-v1,topic head warmup=yes,2024-79154,99,66,1.0,0.9848484848484849,0.9923664122137404,0.98989898989899
trecrag,all,ettin-reranker-17m-v1,topic head warmup=yes,2024-88894,143,26,0.72,0.6923076923076923,0.7058823529411765,0.8951048951048951
trecrag,all,ettin-reranker-17m-v1,topic head warmup=yes,2024-94706,120,43,0.8444444444444444,0.8837209302325582,0.8636363636363636,0.9
trecrag,all,ettin-reranker-17m-v1,topic head warmup=yes,2024-96063,176,18,0.7368421052631579,0.7777777777777778,0.7567567567567568,0.9488636363636364
trecrag,all,ettin-reranker-17m-v1,topic head warmup=yes,2024-96359,121,64,0.7794117647058824,0.828125,0.803030303030303,0.7851239669421488
trecrag,all,ettin-reranker-17m-v1,topic backbone warmup=yes,2024-105741,176,40,0.9,0.9,0.9,0.9545454545454546
trecrag,all,ettin-reranker-17m-v1,topic backbone warmup=yes,2024-121840,176,40,0.6923076923076923,0.675,0.6835443037974683,0.8579545454545454
trecrag,all,ettin-reranker-17m-v1,topic backbone warmup=yes,2024-127266,132,41,0.8333333333333334,0.8536585365853658,0.8433734939759037,0.9015151515151515
trecrag,all,ettin-reranker-17m-v1,topic backbone warmup=yes,2024-129925,121,62,0.9259259259259259,0.8064516129032258,0.8620689655172413,0.8677685950413223
trecrag,all,ettin-reranker-17m-v1,topic backbone warmup=yes,2024-141577,220,81,0.8513513513513513,0.7777777777777778,0.8129032258064516,0.8681818181818182
trecrag,all,ettin-reranker-17m-v1,topic backbone warmup=yes,2024-142395,143,55,0.9375,0.8181818181818182,0.8737864077669902,0.9090909090909091
trecrag,all,ettin-reranker-17m-v1,topic backbone warmup=yes,2024-143869,220,69,0.9710144927536232,0.9710144927536232,0.9710144927536232,0.9818181818181818
trecrag,all,ettin-reranker-17m-v1,topic backbone warmup=yes,2024-145979,165,90,0.9651162790697675,0.9222222222222223,0.9431818181818182,0.9393939393939394
trecrag,all,ettin-reranker-17m-v1,topic backbone warmup=yes,2024-152259,132,58,0.9298245614035088,0.9137931034482759,0.9217391304347826,0.9318181818181818
trecrag,all,ettin-reranker-17m-v1,topic backbone warmup=yes,2024-152817,176,67,0.9104477611940298,0.9104477611940298,0.9104477611940298,0.9318181818181818
trecrag,all,ettin-reranker-17m-v1,topic backbone warmup=yes,2024-153051,154,89,0.9777777777777777,0.9887640449438202,0.9832402234636871,0.9805194805194806
trecrag,all,ettin-reranker-17m-v1,topic backbone warmup=yes,2024-158261,187,21,0.75,0.8571428571428571,0.8,0.9518716577540107
trecrag,all,ettin-reranker-17m-v1,topic backbone warmup=yes,2024-158677,198,67,0.5368421052631579,0.7611940298507462,0.6296296296296297,0.696969696969697
trecrag,all,ettin-reranker-17m-v1,topic backbone warmup=yes,2024-158743,198,46,0.7692307692307693,0.8695652173913043,0.8163265306122449,0.9090909090909091
trecrag,all,ettin-reranker-17m-v1,topic backbone warmup=yes,2024-18963,187,30,0.7352941176470589,0.8333333333333334,0.78125,0.9251336898395722
trecrag,all,ettin-reranker-17m-v1,topic backbone warmup=yes,2024-19025,132,53,0.9183673469387755,0.8490566037735849,0.8823529411764706,0.9090909090909091
trecrag,all,ettin-reranker-17m-v1,topic backbone warmup=yes,2024-213469,143,40,0.7352941176470589,0.625,0.6756756756756757,0.8321678321678322
trecrag,all,ettin-reranker-17m-v1,topic backbone warmup=yes,2024-213789,143,50,0.9111111111111111,0.82,0.8631578947368421,0.9090909090909091
trecrag,all,ettin-reranker-17m-v1,topic backbone warmup=yes,2024-213817,143,66,0.9154929577464789,0.9848484848484849,0.948905109489051,0.951048951048951
trecrag,all,ettin-reranker-17m-v1,topic backbone warmup=yes,2024-213978,99,16,0.8421052631578947,1.0,0.9142857142857143,0.9696969696969697
trecrag,all,ettin-reranker-17m-v1,topic backbone warmup=yes,2024-214096,176,69,0.95,0.8260869565217391,0.8837209302325582,0.9147727272727273
trecrag,all,ettin-reranker-17m-v1,topic backbone warmup=yes,2024-214257,110,33,0.8857142857142857,0.9393939393939394,0.9117647058823529,0.9454545454545454
trecrag,all,ettin-reranker-17m-v1,topic backbone warmup=yes,2024-214467,77,42,0.9736842105263158,0.8809523809523809,0.925,0.922077922077922
trecrag,all,ettin-reranker-17m-v1,topic backbone warmup=yes,2024-215044,165,19,0.8,0.8421052631578947,0.8205128205128205,0.9575757575757575
trecrag,all,ettin-reranker-17m-v1,topic backbone warmup=yes,2024-215952,110,32,0.9523809523809523,0.625,0.7547169811320755,0.8818181818181818
trecrag,all,ettin-reranker-17m-v1,topic backbone warmup=yes,2024-216592,220,75,0.9014084507042254,0.8533333333333334,0.8767123287671232,0.9181818181818182
trecrag,all,ettin-reranker-17m-v1,topic backbone warmup=yes,2024-217279,132,45,0.782608695652174,0.8,0.7912087912087912,0.8560606060606061
trecrag,all,ettin-reranker-17m-v1,topic backbone warmup=yes,2024-217812,140,62,0.9814814814814815,0.8548387096774194,0.9137931034482759,0.9285714285714286
trecrag,all,ettin-reranker-17m-v1,topic backbone warmup=yes,2024-219563,110,43,0.7674418604651163,0.7674418604651163,0.7674418604651163,0.8181818181818182
trecrag,all,ettin-reranker-17m-v1,topic backbone warmup=yes,2024-219624,143,52,0.9107142857142857,0.9807692307692307,0.9444444444444444,0.958041958041958
trecrag,all,ettin-reranker-17m-v1,topic backbone warmup=yes,2024-224279,165,52,0.8043478260869565,0.7115384615384616,0.7551020408163265,0.8545454545454545
trecrag,all,ettin-reranker-17m-v1,topic backbone warmup=yes,2024-224701,198,83,0.8375,0.8072289156626506,0.8220858895705522,0.8535353535353535
trecrag,all,ettin-reranker-17m-v1,topic backbone warmup=yes,2024-224926,121,9,1.0,0.7777777777777778,0.875,0.9834710743801653
trecrag,all,ettin-reranker-17m-v1,topic backbone warmup=yes,2024-22886,220,83,0.96,0.8674698795180723,0.9113924050632911,0.9363636363636364
trecrag,all,ettin-reranker-17m-v1,topic backbone warmup=yes,2024-27366,176,68,0.8524590163934426,0.7647058823529411,0.8062015503875969,0.8579545454545454
trecrag,all,ettin-reranker-17m-v1,topic backbone warmup=yes,2024-29182,165,40,0.9428571428571428,0.825,0.88,0.9454545454545454
trecrag,all,ettin-reranker-17m-v1,topic backbone warmup=yes,2024-32912,99,63,0.8955223880597015,0.9523809523809523,0.9230769230769231,0.898989898989899
trecrag,all,ettin-reranker-17m-v1,topic backbone warmup=yes,2024-35227,198,83,0.9545454545454546,0.7590361445783133,0.8456375838926175,0.8838383838383839
trecrag,all,ettin-reranker-17m-v1,topic backbone warmup=yes,2024-35269,110,56,0.9482758620689655,0.9821428571428571,0.9649122807017544,0.9636363636363636
trecrag,all,ettin-reranker-17m-v1,topic backbone warmup=yes,2024-35284,143,66,0.9692307692307692,0.9545454545454546,0.9618320610687023,0.965034965034965
trecrag,all,ettin-reranker-17m-v1,topic backbone warmup=yes,2024-35620,187,50,0.8571428571428571,0.96,0.9056603773584906,0.946524064171123
trecrag,all,ettin-reranker-17m-v1,topic backbone warmup=yes,2024-38986,176,67,0.8666666666666667,0.7761194029850746,0.8188976377952756,0.8693181818181818
trecrag,all,ettin-reranker-17m-v1,topic backbone warmup=yes,2024-41849,209,38,0.8571428571428571,0.7894736842105263,0.821917808219178,0.937799043062201
trecrag,all,ettin-reranker-17m-v1,topic backbone warmup=yes,2024-42497,165,52,0.8064516129032258,0.9615384615384616,0.8771929824561403,0.9151515151515152
trecrag,all,ettin-reranker-17m-v1,topic backbone warmup=yes,2024-43037,110,52,0.8301886792452831,0.8461538461538461,0.8380952380952381,0.8454545454545455
trecrag,all,ettin-reranker-17m-v1,topic backbone warmup=yes,2024-43983,110,20,0.7142857142857143,0.75,0.7317073170731707,0.9
trecrag,all,ettin-reranker-17m-v1,topic backbone warmup=yes,2024-44060,66,40,0.8837209302325582,0.95,0.9156626506024096,0.8939393939393939
trecrag,all,ettin-reranker-17m-v1,topic backbone warmup=yes,2024-58819,176,25,0.8076923076923077,0.84,0.8235294117647058,0.9488636363636364
trecrag,all,ettin-reranker-17m-v1,topic backbone warmup=yes,2024-73340,77,40,1.0,0.975,0.9873417721518988,0.987012987012987
trecrag,all,ettin-reranker-17m-v1,topic backbone warmup=yes,2024-73918,198,28,0.7096774193548387,0.7857142857142857,0.7457627118644068,0.9242424242424242
trecrag,all,ettin-reranker-17m-v1,topic backbone warmup=yes,2024-79081,176,44,0.8666666666666667,0.8863636363636364,0.8764044943820225,0.9375
trecrag,all,ettin-reranker-17m-v1,topic backbone warmup=yes,2024-79154,99,66,1.0,0.9848484848484849,0.9923664122137404,0.98989898989899
trecrag,all,ettin-reranker-17m-v1,topic backbone warmup=yes,2024-88894,143,26,0.8181818181818182,0.6923076923076923,0.75,0.916083916083916
trecrag,all,ettin-reranker-17m-v1,topic backbone warmup=yes,2024-94706,120,43,0.8260869565217391,0.8837209302325582,0.8539325842696629,0.8916666666666667
trecrag,all,ettin-reranker-17m-v1,topic backbone warmup=yes,2024-96063,176,18,0.6521739130434783,0.8333333333333334,0.7317073170731707,0.9375
trecrag,all,ettin-reranker-17m-v1,topic backbone warmup=yes,2024-96359,121,64,0.7619047619047619,0.75,0.7559055118110236,0.743801652892562
trecrag,all,ettin-reranker-32m-v1,warmup pretrain full warmup=-,2024-105741,176,40,0.9210526315789473,0.875,0.8974358974358975,0.9545454545454546
trecrag,all,ettin-reranker-32m-v1,warmup pretrain full warmup=-,2024-121840,176,40,0.7021276595744681,0.825,0.7586206896551724,0.8806818181818182
trecrag,all,ettin-reranker-32m-v1,warmup pretrain full warmup=-,2024-127266,132,41,0.9,0.8780487804878049,0.8888888888888888,0.9318181818181818
trecrag,all,ettin-reranker-32m-v1,warmup pretrain full warmup=-,2024-129925,121,62,0.9056603773584906,0.7741935483870968,0.8347826086956521,0.8429752066115702
trecrag,all,ettin-reranker-32m-v1,warmup pretrain full warmup=-,2024-141577,220,81,0.8414634146341463,0.8518518518518519,0.8466257668711656,0.8863636363636364
trecrag,all,ettin-reranker-32m-v1,warmup pretrain full warmup=-,2024-142395,143,55,0.9767441860465116,0.7636363636363637,0.8571428571428571,0.9020979020979021
trecrag,all,ettin-reranker-32m-v1,warmup pretrain full warmup=-,2024-143869,220,69,0.9571428571428572,0.9710144927536232,0.9640287769784173,0.9772727272727273
trecrag,all,ettin-reranker-32m-v1,warmup pretrain full warmup=-,2024-145979,165,90,0.9878048780487805,0.9,0.9418604651162791,0.9393939393939394
trecrag,all,ettin-reranker-32m-v1,warmup pretrain full warmup=-,2024-152259,132,58,0.8571428571428571,0.9310344827586207,0.8925619834710744,0.9015151515151515
trecrag,all,ettin-reranker-32m-v1,warmup pretrain full warmup=-,2024-152817,176,67,0.9130434782608695,0.9402985074626866,0.9264705882352942,0.9431818181818182
trecrag,all,ettin-reranker-32m-v1,warmup pretrain full warmup=-,2024-153051,154,89,0.9772727272727273,0.9662921348314607,0.9717514124293786,0.9675324675324676
trecrag,all,ettin-reranker-32m-v1,warmup pretrain full warmup=-,2024-158261,187,21,0.6896551724137931,0.9523809523809523,0.8,0.946524064171123
trecrag,all,ettin-reranker-32m-v1,warmup pretrain full warmup=-,2024-158677,198,67,0.7894736842105263,0.6716417910447762,0.7258064516129032,0.8282828282828283
trecrag,all,ettin-reranker-32m-v1,warmup pretrain full warmup=-,2024-158743,198,46,0.875,0.9130434782608695,0.8936170212765957,0.9494949494949495
trecrag,all,ettin-reranker-32m-v1,warmup pretrain full warmup=-,2024-18963,187,30,0.7419354838709677,0.7666666666666667,0.7540983606557377,0.9197860962566845
trecrag,all,ettin-reranker-32m-v1,warmup pretrain full warmup=-,2024-19025,132,53,0.9423076923076923,0.9245283018867925,0.9333333333333333,0.946969696969697
trecrag,all,ettin-reranker-32m-v1,warmup pretrain full warmup=-,2024-213469,143,40,0.84375,0.675,0.75,0.8741258741258742
trecrag,all,ettin-reranker-32m-v1,warmup pretrain full warmup=-,2024-213789,143,50,0.9523809523809523,0.8,0.8695652173913043,0.916083916083916
trecrag,all,ettin-reranker-32m-v1,warmup pretrain full warmup=-,2024-213817,143,66,0.9420289855072463,0.9848484848484849,0.9629629629629629,0.965034965034965
trecrag,all,ettin-reranker-32m-v1,warmup pretrain full warmup=-,2024-213978,99,16,0.8421052631578947,1.0,0.9142857142857143,0.9696969696969697
trecrag,all,ettin-reranker-32m-v1,warmup pretrain full warmup=-,2024-214096,176,69,0.9344262295081968,0.8260869565217391,0.8769230769230769,0.9090909090909091
trecrag,all,ettin-reranker-32m-v1,warmup pretrain full warmup=-,2024-214257,110,33,0.9142857142857143,0.9696969696969697,0.9411764705882353,0.9636363636363636
trecrag,all,ettin-reranker-32m-v1,warmup pretrain full warmup=-,2024-214467,77,42,0.9743589743589743,0.9047619047619048,0.9382716049382716,0.935064935064935
trecrag,all,ettin-reranker-32m-v1,warmup pretrain full warmup=-,2024-215044,165,19,0.9,0.9473684210526315,0.9230769230769231,0.9818181818181818
trecrag,all,ettin-reranker-32m-v1,warmup pretrain full warmup=-,2024-215952,110,32,0.9285714285714286,0.8125,0.8666666666666667,0.9272727272727272
trecrag,all,ettin-reranker-32m-v1,warmup pretrain full warmup=-,2024-216592,220,75,0.9577464788732394,0.9066666666666666,0.9315068493150684,0.9545454545454546
trecrag,all,ettin-reranker-32m-v1,warmup pretrain full warmup=-,2024-217279,132,45,0.8409090909090909,0.8222222222222222,0.8314606741573034,0.8863636363636364
trecrag,all,ettin-reranker-32m-v1,warmup pretrain full warmup=-,2024-217812,140,62,0.9508196721311475,0.9354838709677419,0.943089430894309,0.95
trecrag,all,ettin-reranker-32m-v1,warmup pretrain full warmup=-,2024-219563,110,43,0.7777777777777778,0.813953488372093,0.7954545454545454,0.8363636363636363
trecrag,all,ettin-reranker-32m-v1,warmup pretrain full warmup=-,2024-219624,143,52,0.8947368421052632,0.9807692307692307,0.9357798165137615,0.951048951048951
trecrag,all,ettin-reranker-32m-v1,warmup pretrain full warmup=-,2024-224279,165,52,0.8205128205128205,0.6153846153846154,0.7032967032967034,0.8363636363636363
trecrag,all,ettin-reranker-32m-v1,warmup pretrain full warmup=-,2024-224701,198,83,0.8395061728395061,0.8192771084337349,0.8292682926829268,0.8585858585858586
trecrag,all,ettin-reranker-32m-v1,warmup pretrain full warmup=-,2024-224926,121,9,0.8888888888888888,0.8888888888888888,0.8888888888888888,0.9834710743801653
trecrag,all,ettin-reranker-32m-v1,warmup pretrain full warmup=-,2024-22886,220,83,0.9722222222222222,0.8433734939759037,0.9032258064516129,0.9318181818181818
trecrag,all,ettin-reranker-32m-v1,warmup pretrain full warmup=-,2024-27366,176,68,0.8833333333333333,0.7794117647058824,0.828125,0.875
trecrag,all,ettin-reranker-32m-v1,warmup pretrain full warmup=-,2024-29182,165,40,0.9714285714285714,0.85,0.9066666666666666,0.9575757575757575
trecrag,all,ettin-reranker-32m-v1,warmup pretrain full warmup=-,2024-32912,99,63,0.953125,0.9682539682539683,0.9606299212598425,0.9494949494949495
trecrag,all,ettin-reranker-32m-v1,warmup pretrain full warmup=-,2024-35227,198,83,0.9041095890410958,0.7951807228915663,0.8461538461538461,0.8787878787878788
trecrag,all,ettin-reranker-32m-v1,warmup pretrain full warmup=-,2024-35269,110,56,0.9814814814814815,0.9464285714285714,0.9636363636363636,0.9636363636363636
trecrag,all,ettin-reranker-32m-v1,warmup pretrain full warmup=-,2024-35284,143,66,0.984375,0.9545454545454546,0.9692307692307692,0.972027972027972
trecrag,all,ettin-reranker-32m-v1,warmup pretrain full warmup=-,2024-35620,187,50,0.8448275862068966,0.98,0.9074074074074074,0.946524064171123
trecrag,all,ettin-reranker-32m-v1,warmup pretrain full warmup=-,2024-38986,176,67,0.8823529411764706,0.8955223880597015,0.8888888888888888,0.9147727272727273
trecrag,all,ettin-reranker-32m-v1,warmup pretrain full warmup=-,2024-41849,209,38,0.8095238095238095,0.8947368421052632,0.85,0.9425837320574163
trecrag,all,ettin-reranker-32m-v1,warmup pretrain full warmup=-,2024-42497,165,52,0.96,0.9230769230769231,0.9411764705882353,0.9636363636363636
trecrag,all,ettin-reranker-32m-v1,warmup pretrain full warmup=-,2024-43037,110,52,0.9148936170212766,0.8269230769230769,0.8686868686868687,0.8818181818181818
trecrag,all,ettin-reranker-32m-v1,warmup pretrain full warmup=-,2024-43983,110,20,1.0,0.8,0.8888888888888888,0.9636363636363636
trecrag,all,ettin-reranker-32m-v1,warmup pretrain full warmup=-,2024-44060,66,40,0.8863636363636364,0.975,0.9285714285714286,0.9090909090909091
trecrag,all,ettin-reranker-32m-v1,warmup pretrain full warmup=-,2024-58819,176,25,0.9047619047619048,0.76,0.8260869565217391,0.9545454545454546
trecrag,all,ettin-reranker-32m-v1,warmup pretrain full warmup=-,2024-73340,77,40,1.0,1.0,1.0,1.0
trecrag,all,ettin-reranker-32m-v1,warmup pretrain full warmup=-,2024-73918,198,28,0.88,0.7857142857142857,0.8301886792452831,0.9545454545454546
trecrag,all,ettin-reranker-32m-v1,warmup pretrain full warmup=-,2024-79081,176,44,0.875,0.9545454545454546,0.9130434782608695,0.9545454545454546
trecrag,all,ettin-reranker-32m-v1,warmup pretrain full warmup=-,2024-79154,99,66,1.0,0.9696969696969697,0.9846153846153847,0.9797979797979798
trecrag,all,ettin-reranker-32m-v1,warmup pretrain full warmup=-,2024-88894,143,26,0.6666666666666666,0.6923076923076923,0.6792452830188679,0.8811188811188811
trecrag,all,ettin-reranker-32m-v1,warmup pretrain full warmup=-,2024-94706,120,43,0.8863636363636364,0.9069767441860465,0.896551724137931,0.925
trecrag,all,ettin-reranker-32m-v1,warmup pretrain full warmup=-,2024-96063,176,18,0.8421052631578947,0.8888888888888888,0.8648648648648649,0.9715909090909091
trecrag,all,ettin-reranker-32m-v1,warmup pretrain full warmup=-,2024-96359,121,64,0.8225806451612904,0.796875,0.8095238095238095,0.8016528925619835
trecrag,all,ettin-reranker-32m-v1,topic head warmup=yes,2024-105741,176,40,0.9210526315789473,0.875,0.8974358974358975,0.9545454545454546
trecrag,all,ettin-reranker-32m-v1,topic head warmup=yes,2024-121840,176,40,0.717391304347826,0.825,0.7674418604651163,0.8863636363636364
trecrag,all,ettin-reranker-32m-v1,topic head warmup=yes,2024-127266,132,41,0.9,0.8780487804878049,0.8888888888888888,0.9318181818181818
trecrag,all,ettin-reranker-32m-v1,topic head warmup=yes,2024-129925,121,62,0.9056603773584906,0.7741935483870968,0.8347826086956521,0.8429752066115702
trecrag,all,ettin-reranker-32m-v1,topic head warmup=yes,2024-141577,220,81,0.8481012658227848,0.8271604938271605,0.8375,0.8818181818181818
trecrag,all,ettin-reranker-32m-v1,topic head warmup=yes,2024-142395,143,55,0.9767441860465116,0.7636363636363637,0.8571428571428571,0.9020979020979021
trecrag,all,ettin-reranker-32m-v1,topic head warmup=yes,2024-143869,220,69,0.9571428571428572,0.9710144927536232,0.9640287769784173,0.9772727272727273
trecrag,all,ettin-reranker-32m-v1,topic head warmup=yes,2024-145979,165,90,0.9878048780487805,0.9,0.9418604651162791,0.9393939393939394
trecrag,all,ettin-reranker-32m-v1,topic head warmup=yes,2024-152259,132,58,0.8709677419354839,0.9310344827586207,0.9,0.9090909090909091
trecrag,all,ettin-reranker-32m-v1,topic head warmup=yes,2024-152817,176,67,0.9130434782608695,0.9402985074626866,0.9264705882352942,0.9431818181818182
trecrag,all,ettin-reranker-32m-v1,topic head warmup=yes,2024-153051,154,89,0.9775280898876404,0.9775280898876404,0.9775280898876404,0.974025974025974
trecrag,all,ettin-reranker-32m-v1,topic head warmup=yes,2024-158261,187,21,0.7307692307692307,0.9047619047619048,0.8085106382978723,0.9518716577540107
trecrag,all,ettin-reranker-32m-v1,topic head warmup=yes,2024-158677,198,67,0.71875,0.6865671641791045,0.7022900763358778,0.803030303030303
trecrag,all,ettin-reranker-32m-v1,topic head warmup=yes,2024-158743,198,46,0.8936170212765957,0.9130434782608695,0.9032258064516129,0.9545454545454546
trecrag,all,ettin-reranker-32m-v1,topic head warmup=yes,2024-18963,187,30,0.7272727272727273,0.8,0.7619047619047619,0.9197860962566845
trecrag,all,ettin-reranker-32m-v1,topic head warmup=yes,2024-19025,132,53,0.9423076923076923,0.9245283018867925,0.9333333333333333,0.946969696969697
trecrag,all,ettin-reranker-32m-v1,topic head warmup=yes,2024-213469,143,40,0.84375,0.675,0.75,0.8741258741258742
trecrag,all,ettin-reranker-32m-v1,topic head warmup=yes,2024-213789,143,50,0.9318181818181818,0.82,0.8723404255319149,0.916083916083916
trecrag,all,ettin-reranker-32m-v1,topic head warmup=yes,2024-213817,143,66,0.9420289855072463,0.9848484848484849,0.9629629629629629,0.965034965034965
trecrag,all,ettin-reranker-32m-v1,topic head warmup=yes,2024-213978,99,16,0.8421052631578947,1.0,0.9142857142857143,0.9696969696969697
trecrag,all,ettin-reranker-32m-v1,topic head warmup=yes,2024-214096,176,69,0.9193548387096774,0.8260869565217391,0.8702290076335878,0.9034090909090909
trecrag,all,ettin-reranker-32m-v1,topic head warmup=yes,2024-214257,110,33,0.9142857142857143,0.9696969696969697,0.9411764705882353,0.9636363636363636
trecrag,all,ettin-reranker-32m-v1,topic head warmup=yes,2024-214467,77,42,0.9743589743589743,0.9047619047619048,0.9382716049382716,0.935064935064935
trecrag,all,ettin-reranker-32m-v1,topic head warmup=yes,2024-215044,165,19,0.9,0.9473684210526315,0.9230769230769231,0.9818181818181818
trecrag,all,ettin-reranker-32m-v1,topic head warmup=yes,2024-215952,110,32,0.9285714285714286,0.8125,0.8666666666666667,0.9272727272727272
trecrag,all,ettin-reranker-32m-v1,topic head warmup=yes,2024-216592,220,75,0.9577464788732394,0.9066666666666666,0.9315068493150684,0.9545454545454546
trecrag,all,ettin-reranker-32m-v1,topic head warmup=yes,2024-217279,132,45,0.8409090909090909,0.8222222222222222,0.8314606741573034,0.8863636363636364
trecrag,all,ettin-reranker-32m-v1,topic head warmup=yes,2024-217812,140,62,0.95,0.9193548387096774,0.9344262295081968,0.9428571428571428
trecrag,all,ettin-reranker-32m-v1,topic head warmup=yes,2024-219563,110,43,0.7777777777777778,0.813953488372093,0.7954545454545454,0.8363636363636363
trecrag,all,ettin-reranker-32m-v1,topic head warmup=yes,2024-219624,143,52,0.9107142857142857,0.9807692307692307,0.9444444444444444,0.958041958041958
trecrag,all,ettin-reranker-32m-v1,topic head warmup=yes,2024-224279,165,52,0.8205128205128205,0.6153846153846154,0.7032967032967034,0.8363636363636363
trecrag,all,ettin-reranker-32m-v1,topic head warmup=yes,2024-224701,198,83,0.8414634146341463,0.8313253012048193,0.8363636363636363,0.8636363636363636
trecrag,all,ettin-reranker-32m-v1,topic head warmup=yes,2024-224926,121,9,0.8888888888888888,0.8888888888888888,0.8888888888888888,0.9834710743801653
trecrag,all,ettin-reranker-32m-v1,topic head warmup=yes,2024-22886,220,83,0.9722222222222222,0.8433734939759037,0.9032258064516129,0.9318181818181818
trecrag,all,ettin-reranker-32m-v1,topic head warmup=yes,2024-27366,176,68,0.8688524590163934,0.7794117647058824,0.8217054263565892,0.8693181818181818
trecrag,all,ettin-reranker-32m-v1,topic head warmup=yes,2024-29182,165,40,0.9714285714285714,0.85,0.9066666666666666,0.9575757575757575
trecrag,all,ettin-reranker-32m-v1,topic head warmup=yes,2024-32912,99,63,0.953125,0.9682539682539683,0.9606299212598425,0.9494949494949495
trecrag,all,ettin-reranker-32m-v1,topic head warmup=yes,2024-35227,198,83,0.9041095890410958,0.7951807228915663,0.8461538461538461,0.8787878787878788
trecrag,all,ettin-reranker-32m-v1,topic head warmup=yes,2024-35269,110,56,0.9814814814814815,0.9464285714285714,0.9636363636363636,0.9636363636363636
trecrag,all,ettin-reranker-32m-v1,topic head warmup=yes,2024-35284,143,66,0.9692307692307692,0.9545454545454546,0.9618320610687023,0.965034965034965
trecrag,all,ettin-reranker-32m-v1,topic head warmup=yes,2024-35620,187,50,0.8448275862068966,0.98,0.9074074074074074,0.946524064171123
trecrag,all,ettin-reranker-32m-v1,topic head warmup=yes,2024-38986,176,67,0.9090909090909091,0.8955223880597015,0.9022556390977443,0.9261363636363636
trecrag,all,ettin-reranker-32m-v1,topic head warmup=yes,2024-41849,209,38,0.8048780487804879,0.868421052631579,0.8354430379746836,0.937799043062201
trecrag,all,ettin-reranker-32m-v1,topic head warmup=yes,2024-42497,165,52,0.96,0.9230769230769231,0.9411764705882353,0.9636363636363636
trecrag,all,ettin-reranker-32m-v1,topic head warmup=yes,2024-43037,110,52,0.9148936170212766,0.8269230769230769,0.8686868686868687,0.8818181818181818
trecrag,all,ettin-reranker-32m-v1,topic head warmup=yes,2024-43983,110,20,1.0,0.8,0.8888888888888888,0.9636363636363636
trecrag,all,ettin-reranker-32m-v1,topic head warmup=yes,2024-44060,66,40,0.8863636363636364,0.975,0.9285714285714286,0.9090909090909091
trecrag,all,ettin-reranker-32m-v1,topic head warmup=yes,2024-58819,176,25,0.9047619047619048,0.76,0.8260869565217391,0.9545454545454546
trecrag,all,ettin-reranker-32m-v1,topic head warmup=yes,2024-73340,77,40,1.0,1.0,1.0,1.0
trecrag,all,ettin-reranker-32m-v1,topic head warmup=yes,2024-73918,198,28,0.88,0.7857142857142857,0.8301886792452831,0.9545454545454546
trecrag,all,ettin-reranker-32m-v1,topic head warmup=yes,2024-79081,176,44,0.875,0.9545454545454546,0.9130434782608695,0.9545454545454546
trecrag,all,ettin-reranker-32m-v1,topic head warmup=yes,2024-79154,99,66,1.0,0.9696969696969697,0.9846153846153847,0.9797979797979798
trecrag,all,ettin-reranker-32m-v1,topic head warmup=yes,2024-88894,143,26,0.6666666666666666,0.6153846153846154,0.64,0.8741258741258742
trecrag,all,ettin-reranker-32m-v1,topic head warmup=yes,2024-94706,120,43,0.8863636363636364,0.9069767441860465,0.896551724137931,0.925
trecrag,all,ettin-reranker-32m-v1,topic head warmup=yes,2024-96063,176,18,0.8421052631578947,0.8888888888888888,0.8648648648648649,0.9715909090909091
trecrag,all,ettin-reranker-32m-v1,topic head warmup=yes,2024-96359,121,64,0.8166666666666667,0.765625,0.7903225806451613,0.7851239669421488
trecrag,all,ettin-reranker-32m-v1,topic backbone warmup=yes,2024-105741,176,40,0.8974358974358975,0.875,0.8860759493670886,0.9488636363636364
trecrag,all,ettin-reranker-32m-v1,topic backbone warmup=yes,2024-121840,176,40,0.7272727272727273,0.8,0.7619047619047619,0.8863636363636364
trecrag,all,ettin-reranker-32m-v1,topic backbone warmup=yes,2024-127266,132,41,0.9444444444444444,0.8292682926829268,0.8831168831168831,0.9318181818181818
trecrag,all,ettin-reranker-32m-v1,topic backbone warmup=yes,2024-129925,121,62,0.9245283018867925,0.7903225806451613,0.8521739130434782,0.859504132231405
trecrag,all,ettin-reranker-32m-v1,topic backbone warmup=yes,2024-141577,220,81,0.8589743589743589,0.8271604938271605,0.8427672955974843,0.8863636363636364
trecrag,all,ettin-reranker-32m-v1,topic backbone warmup=yes,2024-142395,143,55,0.9782608695652174,0.8181818181818182,0.8910891089108911,0.9230769230769231
trecrag,all,ettin-reranker-32m-v1,topic backbone warmup=yes,2024-143869,220,69,0.9324324324324325,1.0,0.965034965034965,0.9772727272727273
trecrag,all,ettin-reranker-32m-v1,topic backbone warmup=yes,2024-145979,165,90,0.9871794871794872,0.8555555555555555,0.9166666666666666,0.9151515151515152
trecrag,all,ettin-reranker-32m-v1,topic backbone warmup=yes,2024-152259,132,58,0.8571428571428571,0.9310344827586207,0.8925619834710744,0.9015151515151515
trecrag,all,ettin-reranker-32m-v1,topic backbone warmup=yes,2024-152817,176,67,0.9154929577464789,0.9701492537313433,0.9420289855072463,0.9545454545454546
trecrag,all,ettin-reranker-32m-v1,topic backbone warmup=yes,2024-153051,154,89,0.9777777777777777,0.9887640449438202,0.9832402234636871,0.9805194805194806
trecrag,all,ettin-reranker-32m-v1,topic backbone warmup=yes,2024-158261,187,21,0.76,0.9047619047619048,0.8260869565217391,0.9572192513368984
trecrag,all,ettin-reranker-32m-v1,topic backbone warmup=yes,2024-158677,198,67,0.7285714285714285,0.7611940298507462,0.7445255474452555,0.8232323232323232
trecrag,all,ettin-reranker-32m-v1,topic backbone warmup=yes,2024-158743,198,46,0.88,0.9565217391304348,0.9166666666666666,0.9595959595959596
trecrag,all,ettin-reranker-32m-v1,topic backbone warmup=yes,2024-18963,187,30,0.8148148148148148,0.7333333333333333,0.7719298245614035,0.93048128342246
trecrag,all,ettin-reranker-32m-v1,topic backbone warmup=yes,2024-19025,132,53,0.9090909090909091,0.9433962264150944,0.9259259259259259,0.9393939393939394
trecrag,all,ettin-reranker-32m-v1,topic backbone warmup=yes,2024-213469,143,40,0.8,0.7,0.7466666666666667,0.8671328671328671
trecrag,all,ettin-reranker-32m-v1,topic backbone warmup=yes,2024-213789,143,50,0.9555555555555556,0.86,0.9052631578947369,0.9370629370629371
trecrag,all,ettin-reranker-32m-v1,topic backbone warmup=yes,2024-213817,143,66,0.927536231884058,0.9696969696969697,0.9481481481481482,0.951048951048951
trecrag,all,ettin-reranker-32m-v1,topic backbone warmup=yes,2024-213978,99,16,0.8823529411764706,0.9375,0.9090909090909091,0.9696969696969697
trecrag,all,ettin-reranker-32m-v1,topic backbone warmup=yes,2024-214096,176,69,0.9354838709677419,0.8405797101449275,0.8854961832061069,0.9147727272727273
trecrag,all,ettin-reranker-32m-v1,topic backbone warmup=yes,2024-214257,110,33,0.9142857142857143,0.9696969696969697,0.9411764705882353,0.9636363636363636
trecrag,all,ettin-reranker-32m-v1,topic backbone warmup=yes,2024-214467,77,42,1.0,0.9047619047619048,0.95,0.948051948051948
trecrag,all,ettin-reranker-32m-v1,topic backbone warmup=yes,2024-215044,165,19,0.9,0.9473684210526315,0.9230769230769231,0.9818181818181818
trecrag,all,ettin-reranker-32m-v1,topic backbone warmup=yes,2024-215952,110,32,0.9230769230769231,0.75,0.8275862068965517,0.9090909090909091
trecrag,all,ettin-reranker-32m-v1,topic backbone warmup=yes,2024-216592,220,75,0.9571428571428572,0.8933333333333333,0.9241379310344827,0.95
trecrag,all,ettin-reranker-32m-v1,topic backbone warmup=yes,2024-217279,132,45,0.875,0.7777777777777778,0.8235294117647058,0.8863636363636364
trecrag,all,ettin-reranker-32m-v1,topic backbone warmup=yes,2024-217812,140,62,0.9344262295081968,0.9193548387096774,0.926829268292683,0.9357142857142857
trecrag,all,ettin-reranker-32m-v1,topic backbone warmup=yes,2024-219563,110,43,0.8260869565217391,0.8837209302325582,0.8539325842696629,0.8818181818181818
trecrag,all,ettin-reranker-32m-v1,topic backbone warmup=yes,2024-219624,143,52,0.9433962264150944,0.9615384615384616,0.9523809523809523,0.965034965034965
trecrag,all,ettin-reranker-32m-v1,topic backbone warmup=yes,2024-224279,165,52,0.8292682926829268,0.6538461538461539,0.7311827956989247,0.8484848484848485
trecrag,all,ettin-reranker-32m-v1,topic backbone warmup=yes,2024-224701,198,83,0.8271604938271605,0.8072289156626506,0.8170731707317073,0.8484848484848485
trecrag,all,ettin-reranker-32m-v1,topic backbone warmup=yes,2024-224926,121,9,1.0,0.7777777777777778,0.875,0.9834710743801653
trecrag,all,ettin-reranker-32m-v1,topic backbone warmup=yes,2024-22886,220,83,0.9146341463414634,0.9036144578313253,0.9090909090909091,0.9318181818181818
trecrag,all,ettin-reranker-32m-v1,topic backbone warmup=yes,2024-27366,176,68,0.8548387096774194,0.7794117647058824,0.8153846153846154,0.8636363636363636
trecrag,all,ettin-reranker-32m-v1,topic backbone warmup=yes,2024-29182,165,40,0.9722222222222222,0.875,0.9210526315789473,0.9636363636363636
trecrag,all,ettin-reranker-32m-v1,topic backbone warmup=yes,2024-32912,99,63,0.9384615384615385,0.9682539682539683,0.953125,0.9393939393939394
trecrag,all,ettin-reranker-32m-v1,topic backbone warmup=yes,2024-35227,198,83,0.9178082191780822,0.8072289156626506,0.8589743589743589,0.8888888888888888
trecrag,all,ettin-reranker-32m-v1,topic backbone warmup=yes,2024-35269,110,56,1.0,0.9464285714285714,0.9724770642201835,0.9727272727272728
trecrag,all,ettin-reranker-32m-v1,topic backbone warmup=yes,2024-35284,143,66,0.9841269841269841,0.9393939393939394,0.9612403100775194,0.965034965034965
trecrag,all,ettin-reranker-32m-v1,topic backbone warmup=yes,2024-35620,187,50,0.7966101694915254,0.94,0.8623853211009175,0.9197860962566845
trecrag,all,ettin-reranker-32m-v1,topic backbone warmup=yes,2024-38986,176,67,0.8888888888888888,0.835820895522388,0.8615384615384616,0.8977272727272727
trecrag,all,ettin-reranker-32m-v1,topic backbone warmup=yes,2024-41849,209,38,0.8571428571428571,0.7894736842105263,0.821917808219178,0.937799043062201
trecrag,all,ettin-reranker-32m-v1,topic backbone warmup=yes,2024-42497,165,52,0.9090909090909091,0.9615384615384616,0.9345794392523364,0.9575757575757575
trecrag,all,ettin-reranker-32m-v1,topic backbone warmup=yes,2024-43037,110,52,0.8958333333333334,0.8269230769230769,0.86,0.8727272727272727
trecrag,all,ettin-reranker-32m-v1,topic backbone warmup=yes,2024-43983,110,20,1.0,0.8,0.8888888888888888,0.9636363636363636
trecrag,all,ettin-reranker-32m-v1,topic backbone warmup=yes,2024-44060,66,40,0.9,0.9,0.9,0.8787878787878788
trecrag,all,ettin-reranker-32m-v1,topic backbone warmup=yes,2024-58819,176,25,0.9090909090909091,0.8,0.851063829787234,0.9602272727272727
trecrag,all,ettin-reranker-32m-v1,topic backbone warmup=yes,2024-73340,77,40,1.0,1.0,1.0,1.0
trecrag,all,ettin-reranker-32m-v1,topic backbone warmup=yes,2024-73918,198,28,0.9565217391304348,0.7857142857142857,0.8627450980392157,0.9646464646464646
trecrag,all,ettin-reranker-32m-v1,topic backbone warmup=yes,2024-79081,176,44,0.8888888888888888,0.9090909090909091,0.898876404494382,0.9488636363636364
trecrag,all,ettin-reranker-32m-v1,topic backbone warmup=yes,2024-79154,99,66,0.9848484848484849,0.9848484848484849,0.9848484848484849,0.9797979797979798
trecrag,all,ettin-reranker-32m-v1,topic backbone warmup=yes,2024-88894,143,26,0.8260869565217391,0.7307692307692307,0.7755102040816326,0.9230769230769231
trecrag,all,ettin-reranker-32m-v1,topic backbone warmup=yes,2024-94706,120,43,0.9069767441860465,0.9069767441860465,0.9069767441860465,0.9333333333333333
trecrag,all,ettin-reranker-32m-v1,topic backbone warmup=yes,2024-96063,176,18,0.8125,0.7222222222222222,0.7647058823529411,0.9545454545454546
trecrag,all,ettin-reranker-32m-v1,topic backbone warmup=yes,2024-96359,121,64,0.819672131147541,0.78125,0.8,0.7933884297520661
trecrag,all,ettin-reranker-68m-v1,warmup pretrain full warmup=-,2024-105741,176,40,0.9473684210526315,0.9,0.9230769230769231,0.9659090909090909
trecrag,all,ettin-reranker-68m-v1,warmup pretrain full warmup=-,2024-121840,176,40,0.7708333333333334,0.925,0.8409090909090909,0.9204545454545454
trecrag,all,ettin-reranker-68m-v1,warmup pretrain full warmup=-,2024-127266,132,41,0.972972972972973,0.8780487804878049,0.9230769230769231,0.9545454545454546
trecrag,all,ettin-reranker-68m-v1,warmup pretrain full warmup=-,2024-129925,121,62,0.9245283018867925,0.7903225806451613,0.8521739130434782,0.859504132231405
trecrag,all,ettin-reranker-68m-v1,warmup pretrain full warmup=-,2024-141577,220,81,0.9459459459459459,0.8641975308641975,0.9032258064516129,0.9318181818181818
trecrag,all,ettin-reranker-68m-v1,warmup pretrain full warmup=-,2024-142395,143,55,0.9622641509433962,0.9272727272727272,0.9444444444444444,0.958041958041958
trecrag,all,ettin-reranker-68m-v1,warmup pretrain full warmup=-,2024-143869,220,69,0.9583333333333334,1.0,0.9787234042553191,0.9863636363636363
trecrag,all,ettin-reranker-68m-v1,warmup pretrain full warmup=-,2024-145979,165,90,0.9878048780487805,0.9,0.9418604651162791,0.9393939393939394
trecrag,all,ettin-reranker-68m-v1,warmup pretrain full warmup=-,2024-152259,132,58,0.9047619047619048,0.9827586206896551,0.9421487603305785,0.946969696969697
trecrag,all,ettin-reranker-68m-v1,warmup pretrain full warmup=-,2024-152817,176,67,0.9154929577464789,0.9701492537313433,0.9420289855072463,0.9545454545454546
trecrag,all,ettin-reranker-68m-v1,warmup pretrain full warmup=-,2024-153051,154,89,0.9885057471264368,0.9662921348314607,0.9772727272727273,0.974025974025974
trecrag,all,ettin-reranker-68m-v1,warmup pretrain full warmup=-,2024-158261,187,21,0.782608695652174,0.8571428571428571,0.8181818181818182,0.9572192513368984
trecrag,all,ettin-reranker-68m-v1,warmup pretrain full warmup=-,2024-158677,198,67,0.7297297297297297,0.8059701492537313,0.7659574468085106,0.8333333333333334
trecrag,all,ettin-reranker-68m-v1,warmup pretrain full warmup=-,2024-158743,198,46,0.9333333333333333,0.9130434782608695,0.9230769230769231,0.9646464646464646
trecrag,all,ettin-reranker-68m-v1,warmup pretrain full warmup=-,2024-18963,187,30,0.8,0.8,0.8,0.9358288770053476
trecrag,all,ettin-reranker-68m-v1,warmup pretrain full warmup=-,2024-19025,132,53,0.9591836734693877,0.8867924528301887,0.9215686274509803,0.9393939393939394
trecrag,all,ettin-reranker-68m-v1,warmup pretrain full warmup=-,2024-213469,143,40,0.8421052631578947,0.8,0.8205128205128205,0.9020979020979021
trecrag,all,ettin-reranker-68m-v1,warmup pretrain full warmup=-,2024-213789,143,50,0.9375,0.9,0.9183673469387755,0.9440559440559441
trecrag,all,ettin-reranker-68m-v1,warmup pretrain full warmup=-,2024-213817,143,66,0.9565217391304348,1.0,0.9777777777777777,0.9790209790209791
trecrag,all,ettin-reranker-68m-v1,warmup pretrain full warmup=-,2024-213978,99,16,0.8421052631578947,1.0,0.9142857142857143,0.9696969696969697
trecrag,all,ettin-reranker-68m-v1,warmup pretrain full warmup=-,2024-214096,176,69,0.8985507246376812,0.8985507246376812,0.8985507246376812,0.9204545454545454
trecrag,all,ettin-reranker-68m-v1,warmup pretrain full warmup=-,2024-214257,110,33,0.9393939393939394,0.9393939393939394,0.9393939393939394,0.9636363636363636
trecrag,all,ettin-reranker-68m-v1,warmup pretrain full warmup=-,2024-214467,77,42,1.0,0.8809523809523809,0.9367088607594937,0.935064935064935
trecrag,all,ettin-reranker-68m-v1,warmup pretrain full warmup=-,2024-215044,165,19,0.9047619047619048,1.0,0.95,0.9878787878787879
trecrag,all,ettin-reranker-68m-v1,warmup pretrain full warmup=-,2024-215952,110,32,0.9130434782608695,0.65625,0.7636363636363637,0.8818181818181818
trecrag,all,ettin-reranker-68m-v1,warmup pretrain full warmup=-,2024-216592,220,75,0.9066666666666666,0.9066666666666666,0.9066666666666666,0.9363636363636364
trecrag,all,ettin-reranker-68m-v1,warmup pretrain full warmup=-,2024-217279,132,45,0.9487179487179487,0.8222222222222222,0.8809523809523809,0.9242424242424242
trecrag,all,ettin-reranker-68m-v1,warmup pretrain full warmup=-,2024-217812,140,62,0.9821428571428571,0.8870967741935484,0.9322033898305084,0.9428571428571428
trecrag,all,ettin-reranker-68m-v1,warmup pretrain full warmup=-,2024-219563,110,43,0.8571428571428571,0.8372093023255814,0.8470588235294118,0.8818181818181818
trecrag,all,ettin-reranker-68m-v1,warmup pretrain full warmup=-,2024-219624,143,52,0.8620689655172413,0.9615384615384616,0.9090909090909091,0.9300699300699301
trecrag,all,ettin-reranker-68m-v1,warmup pretrain full warmup=-,2024-224279,165,52,0.8292682926829268,0.6538461538461539,0.7311827956989247,0.8484848484848485
trecrag,all,ettin-reranker-68m-v1,warmup pretrain full warmup=-,2024-224701,198,83,0.8513513513513513,0.7590361445783133,0.802547770700637,0.8434343434343434
trecrag,all,ettin-reranker-68m-v1,warmup pretrain full warmup=-,2024-224926,121,9,0.6,1.0,0.75,0.9504132231404959
trecrag,all,ettin-reranker-68m-v1,warmup pretrain full warmup=-,2024-22886,220,83,0.9473684210526315,0.8674698795180723,0.9056603773584906,0.9318181818181818
trecrag,all,ettin-reranker-68m-v1,warmup pretrain full warmup=-,2024-27366,176,68,0.8666666666666667,0.7647058823529411,0.8125,0.8636363636363636
trecrag,all,ettin-reranker-68m-v1,warmup pretrain full warmup=-,2024-29182,165,40,0.918918918918919,0.85,0.8831168831168831,0.9454545454545454
trecrag,all,ettin-reranker-68m-v1,warmup pretrain full warmup=-,2024-32912,99,63,0.9838709677419355,0.9682539682539683,0.976,0.9696969696969697
trecrag,all,ettin-reranker-68m-v1,warmup pretrain full warmup=-,2024-35227,198,83,0.9411764705882353,0.7710843373493976,0.847682119205298,0.8838383838383839
trecrag,all,ettin-reranker-68m-v1,warmup pretrain full warmup=-,2024-35269,110,56,0.9791666666666666,0.8392857142857143,0.9038461538461539,0.9090909090909091
trecrag,all,ettin-reranker-68m-v1,warmup pretrain full warmup=-,2024-35284,143,66,0.9836065573770492,0.9090909090909091,0.9448818897637795,0.951048951048951
trecrag,all,ettin-reranker-68m-v1,warmup pretrain full warmup=-,2024-35620,187,50,0.8275862068965517,0.96,0.8888888888888888,0.9358288770053476
trecrag,all,ettin-reranker-68m-v1,warmup pretrain full warmup=-,2024-38986,176,67,0.9322033898305084,0.8208955223880597,0.873015873015873,0.9090909090909091
trecrag,all,ettin-reranker-68m-v1,warmup pretrain full warmup=-,2024-41849,209,38,0.9032258064516129,0.7368421052631579,0.8115942028985508,0.937799043062201
trecrag,all,ettin-reranker-68m-v1,warmup pretrain full warmup=-,2024-42497,165,52,0.9107142857142857,0.9807692307692307,0.9444444444444444,0.9636363636363636
trecrag,all,ettin-reranker-68m-v1,warmup pretrain full warmup=-,2024-43037,110,52,0.9038461538461539,0.9038461538461539,0.9038461538461539,0.9090909090909091
trecrag,all,ettin-reranker-68m-v1,warmup pretrain full warmup=-,2024-43983,110,20,1.0,0.75,0.8571428571428571,0.9545454545454546
trecrag,all,ettin-reranker-68m-v1,warmup pretrain full warmup=-,2024-44060,66,40,0.851063829787234,1.0,0.9195402298850575,0.8939393939393939
trecrag,all,ettin-reranker-68m-v1,warmup pretrain full warmup=-,2024-58819,176,25,0.95,0.76,0.8444444444444444,0.9602272727272727
trecrag,all,ettin-reranker-68m-v1,warmup pretrain full warmup=-,2024-73340,77,40,1.0,1.0,1.0,1.0
trecrag,all,ettin-reranker-68m-v1,warmup pretrain full warmup=-,2024-73918,198,28,0.9583333333333334,0.8214285714285714,0.8846153846153846,0.9696969696969697
trecrag,all,ettin-reranker-68m-v1,warmup pretrain full warmup=-,2024-79081,176,44,0.8235294117647058,0.9545454545454546,0.8842105263157894,0.9375
trecrag,all,ettin-reranker-68m-v1,warmup pretrain full warmup=-,2024-79154,99,66,1.0,0.9848484848484849,0.9923664122137404,0.98989898989899
trecrag,all,ettin-reranker-68m-v1,warmup pretrain full warmup=-,2024-88894,143,26,0.85,0.6538461538461539,0.7391304347826086,0.916083916083916
trecrag,all,ettin-reranker-68m-v1,warmup pretrain full warmup=-,2024-94706,120,43,0.8837209302325582,0.8837209302325582,0.8837209302325582,0.9166666666666666
trecrag,all,ettin-reranker-68m-v1,warmup pretrain full warmup=-,2024-96063,176,18,0.8823529411764706,0.8333333333333334,0.8571428571428571,0.9715909090909091
trecrag,all,ettin-reranker-68m-v1,warmup pretrain full warmup=-,2024-96359,121,64,0.8392857142857143,0.734375,0.7833333333333333,0.7851239669421488
trecrag,all,ettin-reranker-68m-v1,topic head warmup=yes,2024-105741,176,40,0.9473684210526315,0.9,0.9230769230769231,0.9659090909090909
trecrag,all,ettin-reranker-68m-v1,topic head warmup=yes,2024-121840,176,40,0.8222222222222222,0.925,0.8705882352941177,0.9375
trecrag,all,ettin-reranker-68m-v1,topic head warmup=yes,2024-127266,132,41,0.972972972972973,0.8780487804878049,0.9230769230769231,0.9545454545454546
trecrag,all,ettin-reranker-68m-v1,topic head warmup=yes,2024-129925,121,62,0.9245283018867925,0.7903225806451613,0.8521739130434782,0.859504132231405
trecrag,all,ettin-reranker-68m-v1,topic head warmup=yes,2024-141577,220,81,0.9459459459459459,0.8641975308641975,0.9032258064516129,0.9318181818181818
trecrag,all,ettin-reranker-68m-v1,topic head warmup=yes,2024-142395,143,55,0.9615384615384616,0.9090909090909091,0.9345794392523364,0.951048951048951
trecrag,all,ettin-reranker-68m-v1,topic head warmup=yes,2024-143869,220,69,0.9583333333333334,1.0,0.9787234042553191,0.9863636363636363
trecrag,all,ettin-reranker-68m-v1,topic head warmup=yes,2024-145979,165,90,0.9879518072289156,0.9111111111111111,0.9479768786127167,0.9454545454545454
trecrag,all,ettin-reranker-68m-v1,topic head warmup=yes,2024-152259,132,58,0.9047619047619048,0.9827586206896551,0.9421487603305785,0.946969696969697
trecrag,all,ettin-reranker-68m-v1,topic head warmup=yes,2024-152817,176,67,0.9142857142857143,0.9552238805970149,0.9343065693430657,0.9488636363636364
trecrag,all,ettin-reranker-68m-v1,topic head warmup=yes,2024-153051,154,89,0.9885057471264368,0.9662921348314607,0.9772727272727273,0.974025974025974
trecrag,all,ettin-reranker-68m-v1,topic head warmup=yes,2024-158261,187,21,0.782608695652174,0.8571428571428571,0.8181818181818182,0.9572192513368984
trecrag,all,ettin-reranker-68m-v1,topic head warmup=yes,2024-158677,198,67,0.7361111111111112,0.7910447761194029,0.762589928057554,0.8333333333333334
trecrag,all,ettin-reranker-68m-v1,topic head warmup=yes,2024-158743,198,46,0.9333333333333333,0.9130434782608695,0.9230769230769231,0.9646464646464646
trecrag,all,ettin-reranker-68m-v1,topic head warmup=yes,2024-18963,187,30,0.7931034482758621,0.7666666666666667,0.7796610169491526,0.93048128342246
trecrag,all,ettin-reranker-68m-v1,topic head warmup=yes,2024-19025,132,53,0.9591836734693877,0.8867924528301887,0.9215686274509803,0.9393939393939394
trecrag,all,ettin-reranker-68m-v1,topic head warmup=yes,2024-213469,143,40,0.8378378378378378,0.775,0.8051948051948052,0.8951048951048951
trecrag,all,ettin-reranker-68m-v1,topic head warmup=yes,2024-213789,143,50,0.9375,0.9,0.9183673469387755,0.9440559440559441
trecrag,all,ettin-reranker-68m-v1,topic head warmup=yes,2024-213817,143,66,0.9565217391304348,1.0,0.9777777777777777,0.9790209790209791
trecrag,all,ettin-reranker-68m-v1,topic head warmup=yes,2024-213978,99,16,0.8421052631578947,1.0,0.9142857142857143,0.9696969696969697
trecrag,all,ettin-reranker-68m-v1,topic head warmup=yes,2024-214096,176,69,0.8970588235294118,0.8840579710144928,0.8905109489051095,0.9147727272727273
trecrag,all,ettin-reranker-68m-v1,topic head warmup=yes,2024-214257,110,33,0.9393939393939394,0.9393939393939394,0.9393939393939394,0.9636363636363636
trecrag,all,ettin-reranker-68m-v1,topic head warmup=yes,2024-214467,77,42,1.0,0.8809523809523809,0.9367088607594937,0.935064935064935
trecrag,all,ettin-reranker-68m-v1,topic head warmup=yes,2024-215044,165,19,0.9047619047619048,1.0,0.95,0.9878787878787879
trecrag,all,ettin-reranker-68m-v1,topic head warmup=yes,2024-215952,110,32,0.9130434782608695,0.65625,0.7636363636363637,0.8818181818181818
trecrag,all,ettin-reranker-68m-v1,topic head warmup=yes,2024-216592,220,75,0.9436619718309859,0.8933333333333333,0.9178082191780822,0.9454545454545454
trecrag,all,ettin-reranker-68m-v1,topic head warmup=yes,2024-217279,132,45,0.926829268292683,0.8444444444444444,0.8837209302325582,0.9242424242424242
trecrag,all,ettin-reranker-68m-v1,topic head warmup=yes,2024-217812,140,62,0.9821428571428571,0.8870967741935484,0.9322033898305084,0.9428571428571428
trecrag,all,ettin-reranker-68m-v1,topic head warmup=yes,2024-219563,110,43,0.8571428571428571,0.8372093023255814,0.8470588235294118,0.8818181818181818
trecrag,all,ettin-reranker-68m-v1,topic head warmup=yes,2024-219624,143,52,0.9074074074074074,0.9423076923076923,0.9245283018867925,0.9440559440559441
trecrag,all,ettin-reranker-68m-v1,topic head warmup=yes,2024-224279,165,52,0.7916666666666666,0.7307692307692307,0.76,0.8545454545454545
trecrag,all,ettin-reranker-68m-v1,topic head warmup=yes,2024-224701,198,83,0.8481012658227848,0.8072289156626506,0.8271604938271605,0.8585858585858586
trecrag,all,ettin-reranker-68m-v1,topic head warmup=yes,2024-224926,121,9,0.6,1.0,0.75,0.9504132231404959
trecrag,all,ettin-reranker-68m-v1,topic head warmup=yes,2024-22886,220,83,0.9487179487179487,0.891566265060241,0.9192546583850931,0.9409090909090909
trecrag,all,ettin-reranker-68m-v1,topic head warmup=yes,2024-27366,176,68,0.8947368421052632,0.75,0.816,0.8693181818181818
trecrag,all,ettin-reranker-68m-v1,topic head warmup=yes,2024-29182,165,40,0.918918918918919,0.85,0.8831168831168831,0.9454545454545454
trecrag,all,ettin-reranker-68m-v1,topic head warmup=yes,2024-32912,99,63,0.9838709677419355,0.9682539682539683,0.976,0.9696969696969697
trecrag,all,ettin-reranker-68m-v1,topic head warmup=yes,2024-35227,198,83,0.9411764705882353,0.7710843373493976,0.847682119205298,0.8838383838383839
trecrag,all,ettin-reranker-68m-v1,topic head warmup=yes,2024-35269,110,56,0.9795918367346939,0.8571428571428571,0.9142857142857143,0.9181818181818182
trecrag,all,ettin-reranker-68m-v1,topic head warmup=yes,2024-35284,143,66,0.9836065573770492,0.9090909090909091,0.9448818897637795,0.951048951048951
trecrag,all,ettin-reranker-68m-v1,topic head warmup=yes,2024-35620,187,50,0.8421052631578947,0.96,0.897196261682243,0.9411764705882353
trecrag,all,ettin-reranker-68m-v1,topic head warmup=yes,2024-38986,176,67,0.9193548387096774,0.8507462686567164,0.8837209302325582,0.9147727272727273
trecrag,all,ettin-reranker-68m-v1,topic head warmup=yes,2024-41849,209,38,0.8823529411764706,0.7894736842105263,0.8333333333333334,0.9425837320574163
trecrag,all,ettin-reranker-68m-v1,topic head warmup=yes,2024-42497,165,52,0.9107142857142857,0.9807692307692307,0.9444444444444444,0.9636363636363636
trecrag,all,ettin-reranker-68m-v1,topic head warmup=yes,2024-43037,110,52,0.9166666666666666,0.8461538461538461,0.88,0.8909090909090909
trecrag,all,ettin-reranker-68m-v1,topic head warmup=yes,2024-43983,110,20,1.0,0.75,0.8571428571428571,0.9545454545454546
trecrag,all,ettin-reranker-68m-v1,topic head warmup=yes,2024-44060,66,40,0.8478260869565217,0.975,0.9069767441860465,0.8787878787878788
trecrag,all,ettin-reranker-68m-v1,topic head warmup=yes,2024-58819,176,25,0.95,0.76,0.8444444444444444,0.9602272727272727
trecrag,all,ettin-reranker-68m-v1,topic head warmup=yes,2024-73340,77,40,1.0,1.0,1.0,1.0
trecrag,all,ettin-reranker-68m-v1,topic head warmup=yes,2024-73918,198,28,0.9545454545454546,0.75,0.84,0.9595959595959596
trecrag,all,ettin-reranker-68m-v1,topic head warmup=yes,2024-79081,176,44,0.8235294117647058,0.9545454545454546,0.8842105263157894,0.9375
trecrag,all,ettin-reranker-68m-v1,topic head warmup=yes,2024-79154,99,66,1.0,0.9848484848484849,0.9923664122137404,0.98989898989899
trecrag,all,ettin-reranker-68m-v1,topic head warmup=yes,2024-88894,143,26,0.8947368421052632,0.6538461538461539,0.7555555555555555,0.9230769230769231
trecrag,all,ettin-reranker-68m-v1,topic head warmup=yes,2024-94706,120,43,0.8695652173913043,0.9302325581395349,0.898876404494382,0.925
trecrag,all,ettin-reranker-68m-v1,topic head warmup=yes,2024-96063,176,18,0.8823529411764706,0.8333333333333334,0.8571428571428571,0.9715909090909091
trecrag,all,ettin-reranker-68m-v1,topic head warmup=yes,2024-96359,121,64,0.8392857142857143,0.734375,0.7833333333333333,0.7851239669421488
trecrag,all,ettin-reranker-68m-v1,topic backbone warmup=yes,2024-105741,176,40,0.9230769230769231,0.9,0.9113924050632911,0.9602272727272727
trecrag,all,ettin-reranker-68m-v1,topic backbone warmup=yes,2024-121840,176,40,0.8157894736842105,0.775,0.7948717948717948,0.9090909090909091
trecrag,all,ettin-reranker-68m-v1,topic backbone warmup=yes,2024-127266,132,41,0.9722222222222222,0.8536585365853658,0.9090909090909091,0.946969696969697
trecrag,all,ettin-reranker-68m-v1,topic backbone warmup=yes,2024-129925,121,62,0.9444444444444444,0.8225806451612904,0.8793103448275862,0.8842975206611571
trecrag,all,ettin-reranker-68m-v1,topic backbone warmup=yes,2024-141577,220,81,0.8705882352941177,0.9135802469135802,0.891566265060241,0.9181818181818182
trecrag,all,ettin-reranker-68m-v1,topic backbone warmup=yes,2024-142395,143,55,0.9423076923076923,0.8909090909090909,0.9158878504672897,0.9370629370629371
trecrag,all,ettin-reranker-68m-v1,topic backbone warmup=yes,2024-143869,220,69,0.9577464788732394,0.9855072463768116,0.9714285714285714,0.9818181818181818
trecrag,all,ettin-reranker-68m-v1,topic backbone warmup=yes,2024-145979,165,90,0.9878048780487805,0.9,0.9418604651162791,0.9393939393939394
trecrag,all,ettin-reranker-68m-v1,topic backbone warmup=yes,2024-152259,132,58,0.9166666666666666,0.9482758620689655,0.9322033898305084,0.9393939393939394
trecrag,all,ettin-reranker-68m-v1,topic backbone warmup=yes,2024-152817,176,67,0.9154929577464789,0.9701492537313433,0.9420289855072463,0.9545454545454546
trecrag,all,ettin-reranker-68m-v1,topic backbone warmup=yes,2024-153051,154,89,0.9886363636363636,0.9775280898876404,0.9830508474576272,0.9805194805194806
trecrag,all,ettin-reranker-68m-v1,topic backbone warmup=yes,2024-158261,187,21,0.782608695652174,0.8571428571428571,0.8181818181818182,0.9572192513368984
trecrag,all,ettin-reranker-68m-v1,topic backbone warmup=yes,2024-158677,198,67,0.803030303030303,0.7910447761194029,0.7969924812030075,0.8636363636363636
trecrag,all,ettin-reranker-68m-v1,topic backbone warmup=yes,2024-158743,198,46,0.8936170212765957,0.9130434782608695,0.9032258064516129,0.9545454545454546
trecrag,all,ettin-reranker-68m-v1,topic backbone warmup=yes,2024-18963,187,30,0.7419354838709677,0.7666666666666667,0.7540983606557377,0.9197860962566845
trecrag,all,ettin-reranker-68m-v1,topic backbone warmup=yes,2024-19025,132,53,0.94,0.8867924528301887,0.912621359223301,0.9318181818181818
trecrag,all,ettin-reranker-68m-v1,topic backbone warmup=yes,2024-213469,143,40,0.8333333333333334,0.75,0.7894736842105263,0.8881118881118881
trecrag,all,ettin-reranker-68m-v1,topic backbone warmup=yes,2024-213789,143,50,0.9361702127659575,0.88,0.9072164948453608,0.9370629370629371
trecrag,all,ettin-reranker-68m-v1,topic backbone warmup=yes,2024-213817,143,66,0.9565217391304348,1.0,0.9777777777777777,0.9790209790209791
trecrag,all,ettin-reranker-68m-v1,topic backbone warmup=yes,2024-213978,99,16,0.8421052631578947,1.0,0.9142857142857143,0.9696969696969697
trecrag,all,ettin-reranker-68m-v1,topic backbone warmup=yes,2024-214096,176,69,0.9344262295081968,0.8260869565217391,0.8769230769230769,0.9090909090909091
trecrag,all,ettin-reranker-68m-v1,topic backbone warmup=yes,2024-214257,110,33,0.9411764705882353,0.9696969696969697,0.9552238805970149,0.9727272727272728
trecrag,all,ettin-reranker-68m-v1,topic backbone warmup=yes,2024-214467,77,42,0.975,0.9285714285714286,0.9512195121951219,0.948051948051948
trecrag,all,ettin-reranker-68m-v1,topic backbone warmup=yes,2024-215044,165,19,0.95,1.0,0.9743589743589743,0.9939393939393939
trecrag,all,ettin-reranker-68m-v1,topic backbone warmup=yes,2024-215952,110,32,0.9545454545454546,0.65625,0.7777777777777778,0.8909090909090909
trecrag,all,ettin-reranker-68m-v1,topic backbone warmup=yes,2024-216592,220,75,0.958904109589041,0.9333333333333333,0.9459459459459459,0.9636363636363636
trecrag,all,ettin-reranker-68m-v1,topic backbone warmup=yes,2024-217279,132,45,0.9090909090909091,0.8888888888888888,0.898876404494382,0.9318181818181818
trecrag,all,ettin-reranker-68m-v1,topic backbone warmup=yes,2024-217812,140,62,0.9830508474576272,0.9354838709677419,0.9586776859504132,0.9642857142857143
trecrag,all,ettin-reranker-68m-v1,topic backbone warmup=yes,2024-219563,110,43,0.813953488372093,0.813953488372093,0.813953488372093,0.8545454545454545
trecrag,all,ettin-reranker-68m-v1,topic backbone warmup=yes,2024-219624,143,52,0.9259259259259259,0.9615384615384616,0.9433962264150944,0.958041958041958
trecrag,all,ettin-reranker-68m-v1,topic backbone warmup=yes,2024-224279,165,52,0.8444444444444444,0.7307692307692307,0.7835051546391752,0.8727272727272727
trecrag,all,ettin-reranker-68m-v1,topic backbone warmup=yes,2024-224701,198,83,0.8674698795180723,0.8674698795180723,0.8674698795180723,0.8888888888888888
trecrag,all,ettin-reranker-68m-v1,topic backbone warmup=yes,2024-224926,121,9,0.8888888888888888,0.8888888888888888,0.8888888888888888,0.9834710743801653
trecrag,all,ettin-reranker-68m-v1,topic backbone warmup=yes,2024-22886,220,83,0.935064935064935,0.8674698795180723,0.9,0.9272727272727272
trecrag,all,ettin-reranker-68m-v1,topic backbone warmup=yes,2024-27366,176,68,0.9,0.7941176470588235,0.84375,0.8863636363636364
trecrag,all,ettin-reranker-68m-v1,topic backbone warmup=yes,2024-29182,165,40,0.9166666666666666,0.825,0.868421052631579,0.9393939393939394
trecrag,all,ettin-reranker-68m-v1,topic backbone warmup=yes,2024-32912,99,63,0.9523809523809523,0.9523809523809523,0.9523809523809523,0.9393939393939394
trecrag,all,ettin-reranker-68m-v1,topic backbone warmup=yes,2024-35227,198,83,0.9324324324324325,0.8313253012048193,0.8789808917197452,0.9040404040404041
trecrag,all,ettin-reranker-68m-v1,topic backbone warmup=yes,2024-35269,110,56,0.9821428571428571,0.9821428571428571,0.9821428571428571,0.9818181818181818
trecrag,all,ettin-reranker-68m-v1,topic backbone warmup=yes,2024-35284,143,66,0.9545454545454546,0.9545454545454546,0.9545454545454546,0.958041958041958
trecrag,all,ettin-reranker-68m-v1,topic backbone warmup=yes,2024-35620,187,50,0.8703703703703703,0.94,0.9038461538461539,0.946524064171123
trecrag,all,ettin-reranker-68m-v1,topic backbone warmup=yes,2024-38986,176,67,0.8615384615384616,0.835820895522388,0.8484848484848485,0.8863636363636364
trecrag,all,ettin-reranker-68m-v1,topic backbone warmup=yes,2024-41849,209,38,0.9375,0.7894736842105263,0.8571428571428571,0.9521531100478469
trecrag,all,ettin-reranker-68m-v1,topic backbone warmup=yes,2024-42497,165,52,0.8928571428571429,0.9615384615384616,0.9259259259259259,0.9515151515151515
trecrag,all,ettin-reranker-68m-v1,topic backbone warmup=yes,2024-43037,110,52,0.92,0.8846153846153846,0.9019607843137255,0.9090909090909091
trecrag,all,ettin-reranker-68m-v1,topic backbone warmup=yes,2024-43983,110,20,1.0,0.75,0.8571428571428571,0.9545454545454546
trecrag,all,ettin-reranker-68m-v1,topic backbone warmup=yes,2024-44060,66,40,0.975,0.975,0.975,0.9696969696969697
trecrag,all,ettin-reranker-68m-v1,topic backbone warmup=yes,2024-58819,176,25,1.0,0.8,0.8888888888888888,0.9715909090909091
trecrag,all,ettin-reranker-68m-v1,topic backbone warmup=yes,2024-73340,77,40,1.0,1.0,1.0,1.0
trecrag,all,ettin-reranker-68m-v1,topic backbone warmup=yes,2024-73918,198,28,0.8846153846153846,0.8214285714285714,0.8518518518518519,0.9595959595959596
trecrag,all,ettin-reranker-68m-v1,topic backbone warmup=yes,2024-79081,176,44,0.8723404255319149,0.9318181818181818,0.9010989010989011,0.9488636363636364
trecrag,all,ettin-reranker-68m-v1,topic backbone warmup=yes,2024-79154,99,66,1.0,0.9848484848484849,0.9923664122137404,0.98989898989899
trecrag,all,ettin-reranker-68m-v1,topic backbone warmup=yes,2024-88894,143,26,0.8235294117647058,0.5384615384615384,0.6511627906976745,0.8951048951048951
trecrag,all,ettin-reranker-68m-v1,topic backbone warmup=yes,2024-94706,120,43,0.8695652173913043,0.9302325581395349,0.898876404494382,0.925
trecrag,all,ettin-reranker-68m-v1,topic backbone warmup=yes,2024-96063,176,18,0.8125,0.7222222222222222,0.7647058823529411,0.9545454545454546
trecrag,all,ettin-reranker-68m-v1,topic backbone warmup=yes,2024-96359,121,64,0.7962962962962963,0.671875,0.7288135593220338,0.7355371900826446
trecrag,all,ettin-reranker-150m-v1,warmup pretrain full warmup=-,2024-105741,176,40,0.9487179487179487,0.925,0.9367088607594937,0.9715909090909091
trecrag,all,ettin-reranker-150m-v1,warmup pretrain full warmup=-,2024-121840,176,40,0.8378378378378378,0.775,0.8051948051948052,0.9147727272727273
trecrag,all,ettin-reranker-150m-v1,warmup pretrain full warmup=-,2024-127266,132,41,0.9047619047619048,0.926829268292683,0.9156626506024096,0.946969696969697
trecrag,all,ettin-reranker-150m-v1,warmup pretrain full warmup=-,2024-129925,121,62,0.9122807017543859,0.8387096774193549,0.8739495798319328,0.8760330578512396
trecrag,all,ettin-reranker-150m-v1,warmup pretrain full warmup=-,2024-141577,220,81,0.9102564102564102,0.8765432098765432,0.8930817610062893,0.9227272727272727
trecrag,all,ettin-reranker-150m-v1,warmup pretrain full warmup=-,2024-142395,143,55,0.98,0.8909090909090909,0.9333333333333333,0.951048951048951
trecrag,all,ettin-reranker-150m-v1,warmup pretrain full warmup=-,2024-143869,220,69,0.9577464788732394,0.9855072463768116,0.9714285714285714,0.9818181818181818
trecrag,all,ettin-reranker-150m-v1,warmup pretrain full warmup=-,2024-145979,165,90,0.9662921348314607,0.9555555555555556,0.9608938547486033,0.9575757575757575
trecrag,all,ettin-reranker-150m-v1,warmup pretrain full warmup=-,2024-152259,132,58,0.9333333333333333,0.9655172413793104,0.9491525423728814,0.9545454545454546
trecrag,all,ettin-reranker-150m-v1,warmup pretrain full warmup=-,2024-152817,176,67,0.9411764705882353,0.9552238805970149,0.9481481481481482,0.9602272727272727
trecrag,all,ettin-reranker-150m-v1,warmup pretrain full warmup=-,2024-153051,154,89,1.0,0.9775280898876404,0.9886363636363636,0.987012987012987
trecrag,all,ettin-reranker-150m-v1,warmup pretrain full warmup=-,2024-158261,187,21,0.8333333333333334,0.9523809523809523,0.8888888888888888,0.9732620320855615
trecrag,all,ettin-reranker-150m-v1,warmup pretrain full warmup=-,2024-158677,198,67,0.7619047619047619,0.7164179104477612,0.7384615384615385,0.8282828282828283
trecrag,all,ettin-reranker-150m-v1,warmup pretrain full warmup=-,2024-158743,198,46,0.8958333333333334,0.9347826086956522,0.9148936170212766,0.9595959595959596
trecrag,all,ettin-reranker-150m-v1,warmup pretrain full warmup=-,2024-18963,187,30,0.8275862068965517,0.8,0.8135593220338984,0.9411764705882353
trecrag,all,ettin-reranker-150m-v1,warmup pretrain full warmup=-,2024-19025,132,53,0.9375,0.8490566037735849,0.8910891089108911,0.9166666666666666
trecrag,all,ettin-reranker-150m-v1,warmup pretrain full warmup=-,2024-213469,143,40,0.9,0.675,0.7714285714285715,0.8881118881118881
trecrag,all,ettin-reranker-150m-v1,warmup pretrain full warmup=-,2024-213789,143,50,0.8775510204081632,0.86,0.8686868686868687,0.9090909090909091
trecrag,all,ettin-reranker-150m-v1,warmup pretrain full warmup=-,2024-213817,143,66,0.9565217391304348,1.0,0.9777777777777777,0.9790209790209791
trecrag,all,ettin-reranker-150m-v1,warmup pretrain full warmup=-,2024-213978,99,16,0.8421052631578947,1.0,0.9142857142857143,0.9696969696969697
trecrag,all,ettin-reranker-150m-v1,warmup pretrain full warmup=-,2024-214096,176,69,0.9206349206349206,0.8405797101449275,0.8787878787878788,0.9090909090909091
trecrag,all,ettin-reranker-150m-v1,warmup pretrain full warmup=-,2024-214257,110,33,0.9333333333333333,0.8484848484848485,0.8888888888888888,0.9363636363636364
trecrag,all,ettin-reranker-150m-v1,warmup pretrain full warmup=-,2024-214467,77,42,1.0,0.9285714285714286,0.9629629629629629,0.961038961038961
trecrag,all,ettin-reranker-150m-v1,warmup pretrain full warmup=-,2024-215044,165,19,0.9047619047619048,1.0,0.95,0.9878787878787879
trecrag,all,ettin-reranker-150m-v1,warmup pretrain full warmup=-,2024-215952,110,32,0.9545454545454546,0.65625,0.7777777777777778,0.8909090909090909
trecrag,all,ettin-reranker-150m-v1,warmup pretrain full warmup=-,2024-216592,220,75,0.9420289855072463,0.8666666666666667,0.9027777777777778,0.9363636363636364
trecrag,all,ettin-reranker-150m-v1,warmup pretrain full warmup=-,2024-217279,132,45,0.918918918918919,0.7555555555555555,0.8292682926829268,0.8939393939393939
trecrag,all,ettin-reranker-150m-v1,warmup pretrain full warmup=-,2024-217812,140,62,0.9661016949152542,0.9193548387096774,0.9421487603305785,0.95
trecrag,all,ettin-reranker-150m-v1,warmup pretrain full warmup=-,2024-219563,110,43,0.75,0.627906976744186,0.6835443037974683,0.7727272727272727
trecrag,all,ettin-reranker-150m-v1,warmup pretrain full warmup=-,2024-219624,143,52,0.9803921568627451,0.9615384615384616,0.970873786407767,0.9790209790209791
trecrag,all,ettin-reranker-150m-v1,warmup pretrain full warmup=-,2024-224279,165,52,0.803921568627451,0.7884615384615384,0.7961165048543689,0.8727272727272727
trecrag,all,ettin-reranker-150m-v1,warmup pretrain full warmup=-,2024-224701,198,83,0.8607594936708861,0.8192771084337349,0.8395061728395061,0.8686868686868687
trecrag,all,ettin-reranker-150m-v1,warmup pretrain full warmup=-,2024-224926,121,9,0.9,1.0,0.9473684210526315,0.9917355371900827
trecrag,all,ettin-reranker-150m-v1,warmup pretrain full warmup=-,2024-22886,220,83,0.9367088607594937,0.891566265060241,0.9135802469135802,0.9363636363636364
trecrag,all,ettin-reranker-150m-v1,warmup pretrain full warmup=-,2024-27366,176,68,0.9090909090909091,0.7352941176470589,0.8130081300813008,0.8693181818181818
trecrag,all,ettin-reranker-150m-v1,warmup pretrain full warmup=-,2024-29182,165,40,0.9428571428571428,0.825,0.88,0.9454545454545454
trecrag,all,ettin-reranker-150m-v1,warmup pretrain full warmup=-,2024-32912,99,63,0.96875,0.9841269841269841,0.9763779527559056,0.9696969696969697
trecrag,all,ettin-reranker-150m-v1,warmup pretrain full warmup=-,2024-35227,198,83,0.9285714285714286,0.7831325301204819,0.8496732026143791,0.8838383838383839
trecrag,all,ettin-reranker-150m-v1,warmup pretrain full warmup=-,2024-35269,110,56,1.0,0.9107142857142857,0.9532710280373832,0.9545454545454546
trecrag,all,ettin-reranker-150m-v1,warmup pretrain full warmup=-,2024-35284,143,66,0.9692307692307692,0.9545454545454546,0.9618320610687023,0.965034965034965
trecrag,all,ettin-reranker-150m-v1,warmup pretrain full warmup=-,2024-35620,187,50,0.8888888888888888,0.96,0.9230769230769231,0.9572192513368984
trecrag,all,ettin-reranker-150m-v1,warmup pretrain full warmup=-,2024-38986,176,67,0.9444444444444444,0.7611940298507462,0.8429752066115702,0.8920454545454546
trecrag,all,ettin-reranker-150m-v1,warmup pretrain full warmup=-,2024-41849,209,38,0.8529411764705882,0.7631578947368421,0.8055555555555556,0.9330143540669856
trecrag,all,ettin-reranker-150m-v1,warmup pretrain full warmup=-,2024-42497,165,52,0.847457627118644,0.9615384615384616,0.9009009009009009,0.9333333333333333
trecrag,all,ettin-reranker-150m-v1,warmup pretrain full warmup=-,2024-43037,110,52,0.9130434782608695,0.8076923076923077,0.8571428571428571,0.8727272727272727
trecrag,all,ettin-reranker-150m-v1,warmup pretrain full warmup=-,2024-43983,110,20,1.0,0.65,0.7878787878787878,0.9363636363636364
trecrag,all,ettin-reranker-150m-v1,warmup pretrain full warmup=-,2024-44060,66,40,0.95,0.95,0.95,0.9393939393939394
trecrag,all,ettin-reranker-150m-v1,warmup pretrain full warmup=-,2024-58819,176,25,0.9166666666666666,0.88,0.8979591836734694,0.9715909090909091
trecrag,all,ettin-reranker-150m-v1,warmup pretrain full warmup=-,2024-73340,77,40,1.0,1.0,1.0,1.0
trecrag,all,ettin-reranker-150m-v1,warmup pretrain full warmup=-,2024-73918,198,28,0.96,0.8571428571428571,0.9056603773584906,0.9747474747474747
trecrag,all,ettin-reranker-150m-v1,warmup pretrain full warmup=-,2024-79081,176,44,0.851063829787234,0.9090909090909091,0.8791208791208791,0.9375
trecrag,all,ettin-reranker-150m-v1,warmup pretrain full warmup=-,2024-79154,99,66,1.0,0.9696969696969697,0.9846153846153847,0.9797979797979798
trecrag,all,ettin-reranker-150m-v1,warmup pretrain full warmup=-,2024-88894,143,26,0.75,0.6923076923076923,0.72,0.9020979020979021
trecrag,all,ettin-reranker-150m-v1,warmup pretrain full warmup=-,2024-94706,120,43,0.9047619047619048,0.8837209302325582,0.8941176470588236,0.925
trecrag,all,ettin-reranker-150m-v1,warmup pretrain full warmup=-,2024-96063,176,18,0.875,0.7777777777777778,0.8235294117647058,0.9659090909090909
trecrag,all,ettin-reranker-150m-v1,warmup pretrain full warmup=-,2024-96359,121,64,0.8545454545454545,0.734375,0.7899159663865546,0.7933884297520661
trecrag,all,ettin-reranker-150m-v1,topic head warmup=yes,2024-105741,176,40,0.925,0.925,0.925,0.9659090909090909
trecrag,all,ettin-reranker-150m-v1,topic head warmup=yes,2024-121840,176,40,0.7906976744186046,0.85,0.8192771084337349,0.9147727272727273
trecrag,all,ettin-reranker-150m-v1,topic head warmup=yes,2024-127266,132,41,0.9047619047619048,0.926829268292683,0.9156626506024096,0.946969696969697
trecrag,all,ettin-reranker-150m-v1,topic head warmup=yes,2024-129925,121,62,0.9259259259259259,0.8064516129032258,0.8620689655172413,0.8677685950413223
trecrag,all,ettin-reranker-150m-v1,topic head warmup=yes,2024-141577,220,81,0.8674698795180723,0.8888888888888888,0.8780487804878049,0.9090909090909091
trecrag,all,ettin-reranker-150m-v1,topic head warmup=yes,2024-142395,143,55,0.9803921568627451,0.9090909090909091,0.9433962264150944,0.958041958041958
trecrag,all,ettin-reranker-150m-v1,topic head warmup=yes,2024-143869,220,69,0.9571428571428572,0.9710144927536232,0.9640287769784173,0.9772727272727273
trecrag,all,ettin-reranker-150m-v1,topic head warmup=yes,2024-145979,165,90,0.9770114942528736,0.9444444444444444,0.96045197740113,0.9575757575757575
trecrag,all,ettin-reranker-150m-v1,topic head warmup=yes,2024-152259,132,58,0.9322033898305084,0.9482758620689655,0.9401709401709402,0.946969696969697
trecrag,all,ettin-reranker-150m-v1,topic head warmup=yes,2024-152817,176,67,0.9411764705882353,0.9552238805970149,0.9481481481481482,0.9602272727272727
trecrag,all,ettin-reranker-150m-v1,topic head warmup=yes,2024-153051,154,89,1.0,0.9662921348314607,0.9828571428571429,0.9805194805194806
trecrag,all,ettin-reranker-150m-v1,topic head warmup=yes,2024-158261,187,21,0.8333333333333334,0.9523809523809523,0.8888888888888888,0.9732620320855615
trecrag,all,ettin-reranker-150m-v1,topic head warmup=yes,2024-158677,198,67,0.7012987012987013,0.8059701492537313,0.75,0.8181818181818182
trecrag,all,ettin-reranker-150m-v1,topic head warmup=yes,2024-158743,198,46,0.8958333333333334,0.9347826086956522,0.9148936170212766,0.9595959595959596
trecrag,all,ettin-reranker-150m-v1,topic head warmup=yes,2024-18963,187,30,0.7741935483870968,0.8,0.7868852459016393,0.93048128342246
trecrag,all,ettin-reranker-150m-v1,topic head warmup=yes,2024-19025,132,53,0.9230769230769231,0.9056603773584906,0.9142857142857143,0.9318181818181818
trecrag,all,ettin-reranker-150m-v1,topic head warmup=yes,2024-213469,143,40,0.9,0.675,0.7714285714285715,0.8881118881118881
trecrag,all,ettin-reranker-150m-v1,topic head warmup=yes,2024-213789,143,50,0.8775510204081632,0.86,0.8686868686868687,0.9090909090909091
trecrag,all,ettin-reranker-150m-v1,topic head warmup=yes,2024-213817,143,66,0.9565217391304348,1.0,0.9777777777777777,0.9790209790209791
trecrag,all,ettin-reranker-150m-v1,topic head warmup=yes,2024-213978,99,16,0.8421052631578947,1.0,0.9142857142857143,0.9696969696969697
trecrag,all,ettin-reranker-150m-v1,topic head warmup=yes,2024-214096,176,69,0.921875,0.855072463768116,0.8872180451127819,0.9147727272727273
trecrag,all,ettin-reranker-150m-v1,topic head warmup=yes,2024-214257,110,33,0.9333333333333333,0.8484848484848485,0.8888888888888888,0.9363636363636364
trecrag,all,ettin-reranker-150m-v1,topic head warmup=yes,2024-214467,77,42,1.0,0.9285714285714286,0.9629629629629629,0.961038961038961
trecrag,all,ettin-reranker-150m-v1,topic head warmup=yes,2024-215044,165,19,0.9047619047619048,1.0,0.95,0.9878787878787879
trecrag,all,ettin-reranker-150m-v1,topic head warmup=yes,2024-215952,110,32,0.9565217391304348,0.6875,0.8,0.9
trecrag,all,ettin-reranker-150m-v1,topic head warmup=yes,2024-216592,220,75,0.9444444444444444,0.9066666666666666,0.9251700680272109,0.95
trecrag,all,ettin-reranker-150m-v1,topic head warmup=yes,2024-217279,132,45,0.9024390243902439,0.8222222222222222,0.8604651162790697,0.9090909090909091
trecrag,all,ettin-reranker-150m-v1,topic head warmup=yes,2024-217812,140,62,0.9661016949152542,0.9193548387096774,0.9421487603305785,0.95
trecrag,all,ettin-reranker-150m-v1,topic head warmup=yes,2024-219563,110,43,0.7317073170731707,0.6976744186046512,0.7142857142857143,0.7818181818181819
trecrag,all,ettin-reranker-150m-v1,topic head warmup=yes,2024-219624,143,52,0.9803921568627451,0.9615384615384616,0.970873786407767,0.9790209790209791
trecrag,all,ettin-reranker-150m-v1,topic head warmup=yes,2024-224279,165,52,0.8297872340425532,0.75,0.7878787878787878,0.8727272727272727
trecrag,all,ettin-reranker-150m-v1,topic head warmup=yes,2024-224701,198,83,0.88,0.7951807228915663,0.8354430379746836,0.8686868686868687
trecrag,all,ettin-reranker-150m-v1,topic head warmup=yes,2024-224926,121,9,0.9,1.0,0.9473684210526315,0.9917355371900827
trecrag,all,ettin-reranker-150m-v1,topic head warmup=yes,2024-22886,220,83,0.948051948051948,0.8795180722891566,0.9125,0.9363636363636364
trecrag,all,ettin-reranker-150m-v1,topic head warmup=yes,2024-27366,176,68,0.8983050847457628,0.7794117647058824,0.8346456692913385,0.8806818181818182
trecrag,all,ettin-reranker-150m-v1,topic head warmup=yes,2024-29182,165,40,0.9428571428571428,0.825,0.88,0.9454545454545454
trecrag,all,ettin-reranker-150m-v1,topic head warmup=yes,2024-32912,99,63,0.9393939393939394,0.9841269841269841,0.9612403100775194,0.9494949494949495
trecrag,all,ettin-reranker-150m-v1,topic head warmup=yes,2024-35227,198,83,0.9285714285714286,0.7831325301204819,0.8496732026143791,0.8838383838383839
trecrag,all,ettin-reranker-150m-v1,topic head warmup=yes,2024-35269,110,56,1.0,0.9464285714285714,0.9724770642201835,0.9727272727272728
trecrag,all,ettin-reranker-150m-v1,topic head warmup=yes,2024-35284,143,66,0.9692307692307692,0.9545454545454546,0.9618320610687023,0.965034965034965
trecrag,all,ettin-reranker-150m-v1,topic head warmup=yes,2024-35620,187,50,0.8888888888888888,0.96,0.9230769230769231,0.9572192513368984
trecrag,all,ettin-reranker-150m-v1,topic head warmup=yes,2024-38986,176,67,0.95,0.8507462686567164,0.8976377952755905,0.9261363636363636
trecrag,all,ettin-reranker-150m-v1,topic head warmup=yes,2024-41849,209,38,0.8787878787878788,0.7631578947368421,0.8169014084507042,0.937799043062201
trecrag,all,ettin-reranker-150m-v1,topic head warmup=yes,2024-42497,165,52,0.9090909090909091,0.9615384615384616,0.9345794392523364,0.9575757575757575
trecrag,all,ettin-reranker-150m-v1,topic head warmup=yes,2024-43037,110,52,0.8958333333333334,0.8269230769230769,0.86,0.8727272727272727
trecrag,all,ettin-reranker-150m-v1,topic head warmup=yes,2024-43983,110,20,1.0,0.75,0.8571428571428571,0.9545454545454546
trecrag,all,ettin-reranker-150m-v1,topic head warmup=yes,2024-44060,66,40,0.9047619047619048,0.95,0.926829268292683,0.9090909090909091
trecrag,all,ettin-reranker-150m-v1,topic head warmup=yes,2024-58819,176,25,0.9166666666666666,0.88,0.8979591836734694,0.9715909090909091
trecrag,all,ettin-reranker-150m-v1,topic head warmup=yes,2024-73340,77,40,1.0,1.0,1.0,1.0
trecrag,all,ettin-reranker-150m-v1,topic head warmup=yes,2024-73918,198,28,0.9583333333333334,0.8214285714285714,0.8846153846153846,0.9696969696969697
trecrag,all,ettin-reranker-150m-v1,topic head warmup=yes,2024-79081,176,44,0.8333333333333334,0.9090909090909091,0.8695652173913043,0.9318181818181818
trecrag,all,ettin-reranker-150m-v1,topic head warmup=yes,2024-79154,99,66,1.0,0.9696969696969697,0.9846153846153847,0.9797979797979798
trecrag,all,ettin-reranker-150m-v1,topic head warmup=yes,2024-88894,143,26,0.72,0.6923076923076923,0.7058823529411765,0.8951048951048951
trecrag,all,ettin-reranker-150m-v1,topic head warmup=yes,2024-94706,120,43,0.9047619047619048,0.8837209302325582,0.8941176470588236,0.925
trecrag,all,ettin-reranker-150m-v1,topic head warmup=yes,2024-96063,176,18,0.875,0.7777777777777778,0.8235294117647058,0.9659090909090909
trecrag,all,ettin-reranker-150m-v1,topic head warmup=yes,2024-96359,121,64,0.8571428571428571,0.75,0.8,0.8016528925619835
trecrag,all,ettin-reranker-150m-v1,topic backbone warmup=yes,2024-105741,176,40,0.925,0.925,0.925,0.9659090909090909
trecrag,all,ettin-reranker-150m-v1,topic backbone warmup=yes,2024-121840,176,40,0.8333333333333334,0.75,0.7894736842105263,0.9090909090909091
trecrag,all,ettin-reranker-150m-v1,topic backbone warmup=yes,2024-127266,132,41,0.9473684210526315,0.8780487804878049,0.9113924050632911,0.946969696969697
trecrag,all,ettin-reranker-150m-v1,topic backbone warmup=yes,2024-129925,121,62,0.9433962264150944,0.8064516129032258,0.8695652173913043,0.8760330578512396
trecrag,all,ettin-reranker-150m-v1,topic backbone warmup=yes,2024-141577,220,81,0.8850574712643678,0.9506172839506173,0.9166666666666666,0.9363636363636364
trecrag,all,ettin-reranker-150m-v1,topic backbone warmup=yes,2024-142395,143,55,0.9795918367346939,0.8727272727272727,0.9230769230769231,0.9440559440559441
trecrag,all,ettin-reranker-150m-v1,topic backbone warmup=yes,2024-143869,220,69,0.9577464788732394,0.9855072463768116,0.9714285714285714,0.9818181818181818
trecrag,all,ettin-reranker-150m-v1,topic backbone warmup=yes,2024-145979,165,90,0.9764705882352941,0.9222222222222223,0.9485714285714286,0.9454545454545454
trecrag,all,ettin-reranker-150m-v1,topic backbone warmup=yes,2024-152259,132,58,0.9180327868852459,0.9655172413793104,0.9411764705882353,0.946969696969697
trecrag,all,ettin-reranker-150m-v1,topic backbone warmup=yes,2024-152817,176,67,0.9393939393939394,0.9253731343283582,0.9323308270676691,0.9488636363636364
trecrag,all,ettin-reranker-150m-v1,topic backbone warmup=yes,2024-153051,154,89,0.9887640449438202,0.9887640449438202,0.9887640449438202,0.987012987012987
trecrag,all,ettin-reranker-150m-v1,topic backbone warmup=yes,2024-158261,187,21,0.7916666666666666,0.9047619047619048,0.8444444444444444,0.9625668449197861
trecrag,all,ettin-reranker-150m-v1,topic backbone warmup=yes,2024-158677,198,67,0.7857142857142857,0.8208955223880597,0.8029197080291971,0.8636363636363636
trecrag,all,ettin-reranker-150m-v1,topic backbone warmup=yes,2024-158743,198,46,0.8775510204081632,0.9347826086956522,0.9052631578947369,0.9545454545454546
trecrag,all,ettin-reranker-150m-v1,topic backbone warmup=yes,2024-18963,187,30,0.6666666666666666,0.8,0.7272727272727273,0.9037433155080213
trecrag,all,ettin-reranker-150m-v1,topic backbone warmup=yes,2024-19025,132,53,0.9387755102040817,0.8679245283018868,0.9019607843137255,0.9242424242424242
trecrag,all,ettin-reranker-150m-v1,topic backbone warmup=yes,2024-213469,143,40,0.8387096774193549,0.65,0.7323943661971831,0.8671328671328671
trecrag,all,ettin-reranker-150m-v1,topic backbone warmup=yes,2024-213789,143,50,1.0,0.82,0.9010989010989011,0.9370629370629371
trecrag,all,ettin-reranker-150m-v1,topic backbone warmup=yes,2024-213817,143,66,0.9552238805970149,0.9696969696969697,0.9624060150375939,0.965034965034965
trecrag,all,ettin-reranker-150m-v1,topic backbone warmup=yes,2024-213978,99,16,0.8823529411764706,0.9375,0.9090909090909091,0.9696969696969697
trecrag,all,ettin-reranker-150m-v1,topic backbone warmup=yes,2024-214096,176,69,0.9354838709677419,0.8405797101449275,0.8854961832061069,0.9147727272727273
trecrag,all,ettin-reranker-150m-v1,topic backbone warmup=yes,2024-214257,110,33,0.9428571428571428,1.0,0.9705882352941176,0.9818181818181818
trecrag,all,ettin-reranker-150m-v1,topic backbone warmup=yes,2024-214467,77,42,0.975609756097561,0.9523809523809523,0.963855421686747,0.961038961038961
trecrag,all,ettin-reranker-150m-v1,topic backbone warmup=yes,2024-215044,165,19,0.95,1.0,0.9743589743589743,0.9939393939393939
trecrag,all,ettin-reranker-150m-v1,topic backbone warmup=yes,2024-215952,110,32,0.9615384615384616,0.78125,0.8620689655172413,0.9272727272727272
trecrag,all,ettin-reranker-150m-v1,topic backbone warmup=yes,2024-216592,220,75,0.9333333333333333,0.9333333333333333,0.9333333333333333,0.9545454545454546
trecrag,all,ettin-reranker-150m-v1,topic backbone warmup=yes,2024-217279,132,45,0.9090909090909091,0.8888888888888888,0.898876404494382,0.9318181818181818
trecrag,all,ettin-reranker-150m-v1,topic backbone warmup=yes,2024-217812,140,62,0.9508196721311475,0.9354838709677419,0.943089430894309,0.95
trecrag,all,ettin-reranker-150m-v1,topic backbone warmup=yes,2024-219563,110,43,0.7954545454545454,0.813953488372093,0.8045977011494253,0.8454545454545455
trecrag,all,ettin-reranker-150m-v1,topic backbone warmup=yes,2024-219624,143,52,0.9622641509433962,0.9807692307692307,0.9714285714285714,0.9790209790209791
trecrag,all,ettin-reranker-150m-v1,topic backbone warmup=yes,2024-224279,165,52,0.825,0.6346153846153846,0.717391304347826,0.8424242424242424
trecrag,all,ettin-reranker-150m-v1,topic backbone warmup=yes,2024-224701,198,83,0.8505747126436781,0.891566265060241,0.8705882352941177,0.8888888888888888
trecrag,all,ettin-reranker-150m-v1,topic backbone warmup=yes,2024-224926,121,9,0.8,0.8888888888888888,0.8421052631578947,0.9752066115702479
trecrag,all,ettin-reranker-150m-v1,topic backbone warmup=yes,2024-22886,220,83,0.9367088607594937,0.891566265060241,0.9135802469135802,0.9363636363636364
trecrag,all,ettin-reranker-150m-v1,topic backbone warmup=yes,2024-27366,176,68,0.9166666666666666,0.8088235294117647,0.859375,0.8977272727272727
trecrag,all,ettin-reranker-150m-v1,topic backbone warmup=yes,2024-29182,165,40,0.972972972972973,0.9,0.935064935064935,0.9696969696969697
trecrag,all,ettin-reranker-150m-v1,topic backbone warmup=yes,2024-32912,99,63,0.9682539682539683,0.9682539682539683,0.9682539682539683,0.9595959595959596
trecrag,all,ettin-reranker-150m-v1,topic backbone warmup=yes,2024-35227,198,83,0.9577464788732394,0.8192771084337349,0.8831168831168831,0.9090909090909091
trecrag,all,ettin-reranker-150m-v1,topic backbone warmup=yes,2024-35269,110,56,0.9821428571428571,0.9821428571428571,0.9821428571428571,0.9818181818181818
trecrag,all,ettin-reranker-150m-v1,topic backbone warmup=yes,2024-35284,143,66,1.0,0.9545454545454546,0.9767441860465116,0.9790209790209791
trecrag,all,ettin-reranker-150m-v1,topic backbone warmup=yes,2024-35620,187,50,0.8867924528301887,0.94,0.912621359223301,0.9518716577540107
trecrag,all,ettin-reranker-150m-v1,topic backbone warmup=yes,2024-38986,176,67,0.9464285714285714,0.7910447761194029,0.8617886178861789,0.9034090909090909
trecrag,all,ettin-reranker-150m-v1,topic backbone warmup=yes,2024-41849,209,38,0.8421052631578947,0.8421052631578947,0.8421052631578947,0.9425837320574163
trecrag,all,ettin-reranker-150m-v1,topic backbone warmup=yes,2024-42497,165,52,0.875,0.9423076923076923,0.9074074074074074,0.9393939393939394
trecrag,all,ettin-reranker-150m-v1,topic backbone warmup=yes,2024-43037,110,52,0.9347826086956522,0.8269230769230769,0.8775510204081632,0.8909090909090909
trecrag,all,ettin-reranker-150m-v1,topic backbone warmup=yes,2024-43983,110,20,1.0,0.85,0.918918918918919,0.9727272727272728
trecrag,all,ettin-reranker-150m-v1,topic backbone warmup=yes,2024-44060,66,40,0.9069767441860465,0.975,0.9397590361445783,0.9242424242424242
trecrag,all,ettin-reranker-150m-v1,topic backbone warmup=yes,2024-58819,176,25,1.0,0.84,0.9130434782608695,0.9772727272727273
trecrag,all,ettin-reranker-150m-v1,topic backbone warmup=yes,2024-73340,77,40,1.0,1.0,1.0,1.0
trecrag,all,ettin-reranker-150m-v1,topic backbone warmup=yes,2024-73918,198,28,0.8888888888888888,0.8571428571428571,0.8727272727272727,0.9646464646464646
trecrag,all,ettin-reranker-150m-v1,topic backbone warmup=yes,2024-79081,176,44,0.8235294117647058,0.9545454545454546,0.8842105263157894,0.9375
trecrag,all,ettin-reranker-150m-v1,topic backbone warmup=yes,2024-79154,99,66,1.0,0.9696969696969697,0.9846153846153847,0.9797979797979798
trecrag,all,ettin-reranker-150m-v1,topic backbone warmup=yes,2024-88894,143,26,0.8333333333333334,0.5769230769230769,0.6818181818181818,0.9020979020979021
trecrag,all,ettin-reranker-150m-v1,topic backbone warmup=yes,2024-94706,120,43,0.8723404255319149,0.9534883720930233,0.9111111111111111,0.9333333333333333
trecrag,all,ettin-reranker-150m-v1,topic backbone warmup=yes,2024-96063,176,18,0.8333333333333334,0.8333333333333334,0.8333333333333334,0.9659090909090909
trecrag,all,ettin-reranker-150m-v1,topic backbone warmup=yes,2024-96359,121,64,0.8166666666666667,0.765625,0.7903225806451613,0.7851239669421488
trecrag,all,nuggetizer-grade3-Llama-3.3-70B-Instruct,llm zero-shot warmup=-,2024-105741,176,40,1.0,0.425,0.5964912280701754,0.8693181818181818
trecrag,all,nuggetizer-grade3-Llama-3.3-70B-Instruct,llm zero-shot warmup=-,2024-121840,176,40,0.8,0.6,0.6857142857142857,0.875
trecrag,all,nuggetizer-grade3-Llama-3.3-70B-Instruct,llm zero-shot warmup=-,2024-127266,132,41,0.8888888888888888,0.7804878048780488,0.8311688311688312,0.9015151515151515
trecrag,all,nuggetizer-grade3-Llama-3.3-70B-Instruct,llm zero-shot warmup=-,2024-129925,121,62,0.7910447761194029,0.8548387096774194,0.8217054263565892,0.8099173553719008
trecrag,all,nuggetizer-grade3-Llama-3.3-70B-Instruct,llm zero-shot warmup=-,2024-141577,220,81,0.7941176470588235,0.6666666666666666,0.7248322147651006,0.8136363636363636
trecrag,all,nuggetizer-grade3-Llama-3.3-70B-Instruct,llm zero-shot warmup=-,2024-142395,143,55,0.9714285714285714,0.6181818181818182,0.7555555555555555,0.8461538461538461
trecrag,all,nuggetizer-grade3-Llama-3.3-70B-Instruct,llm zero-shot warmup=-,2024-143869,220,69,0.9714285714285714,0.4927536231884058,0.6538461538461539,0.8363636363636363
trecrag,all,nuggetizer-grade3-Llama-3.3-70B-Instruct,llm zero-shot warmup=-,2024-145979,165,90,0.9545454545454546,0.7,0.8076923076923077,0.8181818181818182
trecrag,all,nuggetizer-grade3-Llama-3.3-70B-Instruct,llm zero-shot warmup=-,2024-152259,132,58,0.6938775510204082,0.5862068965517241,0.6355140186915887,0.7045454545454546
trecrag,all,nuggetizer-grade3-Llama-3.3-70B-Instruct,llm zero-shot warmup=-,2024-152817,176,67,0.9056603773584906,0.7164179104477612,0.8,0.8636363636363636
trecrag,all,nuggetizer-grade3-Llama-3.3-70B-Instruct,llm zero-shot warmup=-,2024-153051,154,89,0.9545454545454546,0.9438202247191011,0.9491525423728814,0.9415584415584416
trecrag,all,nuggetizer-grade3-Llama-3.3-70B-Instruct,llm zero-shot warmup=-,2024-158261,187,21,0.6428571428571429,0.8571428571428571,0.7346938775510204,0.93048128342246
trecrag,all,nuggetizer-grade3-Llama-3.3-70B-Instruct,llm zero-shot warmup=-,2024-158677,198,67,0.8235294117647058,0.417910447761194,0.5544554455445545,0.7727272727272727
trecrag,all,nuggetizer-grade3-Llama-3.3-70B-Instruct,llm zero-shot warmup=-,2024-158743,198,46,0.7647058823529411,0.8478260869565217,0.8041237113402062,0.9040404040404041
trecrag,all,nuggetizer-grade3-Llama-3.3-70B-Instruct,llm zero-shot warmup=-,2024-18963,187,30,0.55,0.7333333333333333,0.6285714285714286,0.8609625668449198
trecrag,all,nuggetizer-grade3-Llama-3.3-70B-Instruct,llm zero-shot warmup=-,2024-19025,132,53,0.8571428571428571,0.33962264150943394,0.4864864864864865,0.7121212121212122
trecrag,all,nuggetizer-grade3-Llama-3.3-70B-Instruct,llm zero-shot warmup=-,2024-213469,143,40,0.75,0.675,0.7105263157894737,0.8461538461538461
trecrag,all,nuggetizer-grade3-Llama-3.3-70B-Instruct,llm zero-shot warmup=-,2024-213789,143,50,0.8035714285714286,0.9,0.8490566037735849,0.8881118881118881
trecrag,all,nuggetizer-grade3-Llama-3.3-70B-Instruct,llm zero-shot warmup=-,2024-213817,143,66,0.8947368421052632,0.7727272727272727,0.8292682926829268,0.8531468531468531
trecrag,all,nuggetizer-grade3-Llama-3.3-70B-Instruct,llm zero-shot warmup=-,2024-213978,99,16,0.8235294117647058,0.875,0.8484848484848485,0.9494949494949495
trecrag,all,nuggetizer-grade3-Llama-3.3-70B-Instruct,llm zero-shot warmup=-,2024-214096,176,69,0.84,0.6086956521739131,0.7058823529411765,0.8011363636363636
trecrag,all,nuggetizer-grade3-Llama-3.3-70B-Instruct,llm zero-shot warmup=-,2024-214257,110,33,0.9090909090909091,0.6060606060606061,0.7272727272727273,0.8636363636363636
trecrag,all,nuggetizer-grade3-Llama-3.3-70B-Instruct,llm zero-shot warmup=-,2024-214467,77,42,1.0,0.8809523809523809,0.9367088607594937,0.935064935064935
trecrag,all,nuggetizer-grade3-Llama-3.3-70B-Instruct,llm zero-shot warmup=-,2024-215044,165,19,0.7727272727272727,0.8947368421052632,0.8292682926829268,0.9575757575757575
trecrag,all,nuggetizer-grade3-Llama-3.3-70B-Instruct,llm zero-shot warmup=-,2024-215952,110,32,0.631578947368421,0.75,0.6857142857142857,0.8
trecrag,all,nuggetizer-grade3-Llama-3.3-70B-Instruct,llm zero-shot warmup=-,2024-216592,220,75,0.8939393939393939,0.7866666666666666,0.8368794326241135,0.8954545454545455
trecrag,all,nuggetizer-grade3-Llama-3.3-70B-Instruct,llm zero-shot warmup=-,2024-217279,132,45,0.8571428571428571,0.8,0.8275862068965517,0.8863636363636364
trecrag,all,nuggetizer-grade3-Llama-3.3-70B-Instruct,llm zero-shot warmup=-,2024-217812,140,62,0.8153846153846154,0.8548387096774194,0.8346456692913385,0.85
trecrag,all,nuggetizer-grade3-Llama-3.3-70B-Instruct,llm zero-shot warmup=-,2024-219563,110,43,0.6904761904761905,0.6744186046511628,0.6823529411764706,0.7545454545454545
trecrag,all,nuggetizer-grade3-Llama-3.3-70B-Instruct,llm zero-shot warmup=-,2024-219624,143,52,0.9714285714285714,0.6538461538461539,0.7816091954022989,0.8671328671328671
trecrag,all,nuggetizer-grade3-Llama-3.3-70B-Instruct,llm zero-shot warmup=-,2024-224279,165,52,0.7755102040816326,0.7307692307692307,0.7524752475247525,0.8484848484848485
trecrag,all,nuggetizer-grade3-Llama-3.3-70B-Instruct,llm zero-shot warmup=-,2024-224701,198,83,0.5398230088495575,0.7349397590361446,0.6224489795918368,0.6262626262626263
trecrag,all,nuggetizer-grade3-Llama-3.3-70B-Instruct,llm zero-shot warmup=-,2024-224926,121,9,1.0,0.5555555555555556,0.7142857142857143,0.9669421487603306
trecrag,all,nuggetizer-grade3-Llama-3.3-70B-Instruct,llm zero-shot warmup=-,2024-22886,220,83,0.7471264367816092,0.7831325301204819,0.7647058823529411,0.8181818181818182
trecrag,all,nuggetizer-grade3-Llama-3.3-70B-Instruct,llm zero-shot warmup=-,2024-27366,176,68,0.8793103448275862,0.75,0.8095238095238095,0.8636363636363636
trecrag,all,nuggetizer-grade3-Llama-3.3-70B-Instruct,llm zero-shot warmup=-,2024-29182,165,40,0.7692307692307693,0.75,0.759493670886076,0.8848484848484849
trecrag,all,nuggetizer-grade3-Llama-3.3-70B-Instruct,llm zero-shot warmup=-,2024-32912,99,63,0.8888888888888888,0.8888888888888888,0.8888888888888888,0.8585858585858586
trecrag,all,nuggetizer-grade3-Llama-3.3-70B-Instruct,llm zero-shot warmup=-,2024-35227,198,83,0.6704545454545454,0.7108433734939759,0.6900584795321637,0.7323232323232324
trecrag,all,nuggetizer-grade3-Llama-3.3-70B-Instruct,llm zero-shot warmup=-,2024-35269,110,56,0.9,0.9642857142857143,0.9310344827586207,0.9272727272727272
trecrag,all,nuggetizer-grade3-Llama-3.3-70B-Instruct,llm zero-shot warmup=-,2024-35284,143,66,0.8309859154929577,0.8939393939393939,0.8613138686131386,0.8671328671328671
trecrag,all,nuggetizer-grade3-Llama-3.3-70B-Instruct,llm zero-shot warmup=-,2024-35620,187,50,0.8148148148148148,0.88,0.8461538461538461,0.9144385026737968
trecrag,all,nuggetizer-grade3-Llama-3.3-70B-Instruct,llm zero-shot warmup=-,2024-38986,176,67,0.9111111111111111,0.6119402985074627,0.7321428571428571,0.8295454545454546
trecrag,all,nuggetizer-grade3-Llama-3.3-70B-Instruct,llm zero-shot warmup=-,2024-41849,209,38,0.7,0.7368421052631579,0.717948717948718,0.8947368421052632
trecrag,all,nuggetizer-grade3-Llama-3.3-70B-Instruct,llm zero-shot warmup=-,2024-42497,165,52,0.6792452830188679,0.6923076923076923,0.6857142857142857,0.8
trecrag,all,nuggetizer-grade3-Llama-3.3-70B-Instruct,llm zero-shot warmup=-,2024-43037,110,52,0.9166666666666666,0.6346153846153846,0.75,0.8
trecrag,all,nuggetizer-grade3-Llama-3.3-70B-Instruct,llm zero-shot warmup=-,2024-43983,110,20,0.6875,0.55,0.6111111111111112,0.8727272727272727
trecrag,all,nuggetizer-grade3-Llama-3.3-70B-Instruct,llm zero-shot warmup=-,2024-44060,66,40,0.76,0.95,0.8444444444444444,0.7878787878787878
trecrag,all,nuggetizer-grade3-Llama-3.3-70B-Instruct,llm zero-shot warmup=-,2024-58819,176,25,0.8260869565217391,0.76,0.7916666666666666,0.9431818181818182
trecrag,all,nuggetizer-grade3-Llama-3.3-70B-Instruct,llm zero-shot warmup=-,2024-73340,77,40,1.0,0.925,0.961038961038961,0.961038961038961
trecrag,all,nuggetizer-grade3-Llama-3.3-70B-Instruct,llm zero-shot warmup=-,2024-73918,198,28,1.0,0.5714285714285714,0.7272727272727273,0.9393939393939394
trecrag,all,nuggetizer-grade3-Llama-3.3-70B-Instruct,llm zero-shot warmup=-,2024-79081,176,44,0.8444444444444444,0.8636363636363636,0.8539325842696629,0.9261363636363636
trecrag,all,nuggetizer-grade3-Llama-3.3-70B-Instruct,llm zero-shot warmup=-,2024-79154,99,66,1.0,0.9545454545454546,0.9767441860465116,0.9696969696969697
trecrag,all,nuggetizer-grade3-Llama-3.3-70B-Instruct,llm zero-shot warmup=-,2024-88894,143,26,0.8888888888888888,0.3076923076923077,0.45714285714285713,0.8671328671328671
trecrag,all,nuggetizer-grade3-Llama-3.3-70B-Instruct,llm zero-shot warmup=-,2024-94706,120,43,0.8846153846153846,0.5348837209302325,0.6666666666666666,0.8083333333333333
trecrag,all,nuggetizer-grade3-Llama-3.3-70B-Instruct,llm zero-shot warmup=-,2024-96063,176,18,0.8181818181818182,0.5,0.6206896551724138,0.9375
trecrag,all,nuggetizer-grade3-Llama-3.3-70B-Instruct,llm zero-shot warmup=-,2024-96359,121,64,0.6338028169014085,0.703125,0.6666666666666666,0.628099173553719
trecrag,all,rouge,rouge1 ref=nugget,2024-105741,176,40,0.42105263157894735,0.8,0.5517241379310345,0.7045454545454546
trecrag,all,rouge,rouge1 ref=nugget,2024-121840,176,40,0.5581395348837209,0.6,0.5783132530120482,0.8011363636363636
trecrag,all,rouge,rouge1 ref=nugget,2024-127266,132,41,0.4788732394366197,0.8292682926829268,0.6071428571428571,0.6666666666666666
trecrag,all,rouge,rouge1 ref=nugget,2024-129925,121,62,0.6986301369863014,0.8225806451612904,0.7555555555555555,0.7272727272727273
trecrag,all,rouge,rouge1 ref=nugget,2024-141577,220,81,0.6060606060606061,0.49382716049382713,0.54421768707483,0.6954545454545454
trecrag,all,rouge,rouge1 ref=nugget,2024-142395,143,55,0.6785714285714286,0.6909090909090909,0.6846846846846847,0.7552447552447552
trecrag,all,rouge,rouge1 ref=nugget,2024-143869,220,69,0.49572649572649574,0.8405797101449275,0.6236559139784946,0.6818181818181818
trecrag,all,rouge,rouge1 ref=nugget,2024-145979,165,90,0.8833333333333333,0.5888888888888889,0.7066666666666667,0.7333333333333333
trecrag,all,rouge,rouge1 ref=nugget,2024-152259,132,58,0.9090909090909091,0.5172413793103449,0.6593406593406593,0.7651515151515151
trecrag,all,rouge,rouge1 ref=nugget,2024-152817,176,67,0.8148148148148148,0.6567164179104478,0.7272727272727273,0.8125
trecrag,all,rouge,rouge1 ref=nugget,2024-153051,154,89,0.7346938775510204,0.8089887640449438,0.7700534759358288,0.7207792207792207
trecrag,all,rouge,rouge1 ref=nugget,2024-158261,187,21,0.25,0.7619047619047619,0.3764705882352941,0.7165775401069518
trecrag,all,rouge,rouge1 ref=nugget,2024-158677,198,67,0.6842105263157895,0.582089552238806,0.6290322580645161,0.7676767676767676
trecrag,all,rouge,rouge1 ref=nugget,2024-158743,198,46,0.4444444444444444,0.5217391304347826,0.48,0.7373737373737373
trecrag,all,rouge,rouge1 ref=nugget,2024-18963,187,30,0.4375,0.7,0.5384615384615384,0.8074866310160428
trecrag,all,rouge,rouge1 ref=nugget,2024-19025,132,53,0.8222222222222222,0.6981132075471698,0.7551020408163265,0.8181818181818182
trecrag,all,rouge,rouge1 ref=nugget,2024-213469,143,40,0.8333333333333334,0.25,0.38461538461538464,0.7762237762237763
trecrag,all,rouge,rouge1 ref=nugget,2024-213789,143,50,0.39285714285714285,0.88,0.5432098765432098,0.4825174825174825
trecrag,all,rouge,rouge1 ref=nugget,2024-213817,143,66,0.8382352941176471,0.8636363636363636,0.8507462686567164,0.8601398601398601
trecrag,all,rouge,rouge1 ref=nugget,2024-213978,99,16,0.8235294117647058,0.875,0.8484848484848485,0.9494949494949495
trecrag,all,rouge,rouge1 ref=nugget,2024-214096,176,69,0.75,0.5217391304347826,0.6153846153846154,0.7443181818181818
trecrag,all,rouge,rouge1 ref=nugget,2024-214257,110,33,0.7619047619047619,0.48484848484848486,0.5925925925925926,0.8
trecrag,all,rouge,rouge1 ref=nugget,2024-214467,77,42,0.9333333333333333,0.6666666666666666,0.7777777777777778,0.7922077922077922
trecrag,all,rouge,rouge1 ref=nugget,2024-215044,165,19,0.45,0.9473684210526315,0.6101694915254238,0.8606060606060606
trecrag,all,rouge,rouge1 ref=nugget,2024-215952,110,32,0.5777777777777777,0.8125,0.6753246753246753,0.7727272727272727
trecrag,all,rouge,rouge1 ref=nugget,2024-216592,220,75,0.5824175824175825,0.7066666666666667,0.6385542168674698,0.7272727272727273
trecrag,all,rouge,rouge1 ref=nugget,2024-217279,132,45,0.6818181818181818,0.6666666666666666,0.6741573033707865,0.7803030303030303
trecrag,all,rouge,rouge1 ref=nugget,2024-217812,140,62,0.6136363636363636,0.8709677419354839,0.72,0.7
trecrag,all,rouge,rouge1 ref=nugget,2024-219563,110,43,0.5961538461538461,0.7209302325581395,0.6526315789473685,0.7
trecrag,all,rouge,rouge1 ref=nugget,2024-219624,143,52,0.7142857142857143,0.7692307692307693,0.7407407407407407,0.8041958041958042
trecrag,all,rouge,rouge1 ref=nugget,2024-224279,165,52,0.4716981132075472,0.4807692307692308,0.47619047619047616,0.6666666666666666
trecrag,all,rouge,rouge1 ref=nugget,2024-224701,198,83,0.5271317829457365,0.8192771084337349,0.6415094339622641,0.6161616161616161
trecrag,all,rouge,rouge1 ref=nugget,2024-224926,121,9,0.6363636363636364,0.7777777777777778,0.7,0.9504132231404959
trecrag,all,rouge,rouge1 ref=nugget,2024-22886,220,83,0.6263736263736264,0.6867469879518072,0.6551724137931034,0.7272727272727273
trecrag,all,rouge,rouge1 ref=nugget,2024-27366,176,68,0.6307692307692307,0.6029411764705882,0.6165413533834586,0.7102272727272727
trecrag,all,rouge,rouge1 ref=nugget,2024-29182,165,40,0.65625,0.525,0.5833333333333334,0.8181818181818182
trecrag,all,rouge,rouge1 ref=nugget,2024-32912,99,63,0.9433962264150944,0.7936507936507936,0.8620689655172413,0.8383838383838383
trecrag,all,rouge,rouge1 ref=nugget,2024-35227,198,83,0.5121951219512195,0.7590361445783133,0.6116504854368932,0.5959595959595959
trecrag,all,rouge,rouge1 ref=nugget,2024-35269,110,56,0.6595744680851063,0.5535714285714286,0.6019417475728155,0.6272727272727273
trecrag,all,rouge,rouge1 ref=nugget,2024-35284,143,66,0.7333333333333333,0.6666666666666666,0.6984126984126984,0.7342657342657343
trecrag,all,rouge,rouge1 ref=nugget,2024-35620,187,50,0.6833333333333333,0.82,0.7454545454545455,0.8502673796791443
trecrag,all,rouge,rouge1 ref=nugget,2024-38986,176,67,0.6290322580645161,0.582089552238806,0.6046511627906976,0.7102272727272727
trecrag,all,rouge,rouge1 ref=nugget,2024-41849,209,38,0.6808510638297872,0.8421052631578947,0.7529411764705882,0.8995215311004785
trecrag,all,rouge,rouge1 ref=nugget,2024-42497,165,52,0.37398373983739835,0.8846153846153846,0.5257142857142857,0.49696969696969695
trecrag,all,rouge,rouge1 ref=nugget,2024-43037,110,52,0.7272727272727273,0.46153846153846156,0.5647058823529412,0.6636363636363637
trecrag,all,rouge,rouge1 ref=nugget,2024-43983,110,20,0.4090909090909091,0.9,0.5625,0.7454545454545455
trecrag,all,rouge,rouge1 ref=nugget,2024-44060,66,40,0.6779661016949152,1.0,0.8080808080808081,0.7121212121212122
trecrag,all,rouge,rouge1 ref=nugget,2024-58819,176,25,0.56,0.56,0.56,0.875
trecrag,all,rouge,rouge1 ref=nugget,2024-73340,77,40,1.0,0.925,0.961038961038961,0.961038961038961
trecrag,all,rouge,rouge1 ref=nugget,2024-73918,198,28,0.3392857142857143,0.6785714285714286,0.4523809523809524,0.7676767676767676
trecrag,all,rouge,rouge1 ref=nugget,2024-79081,176,44,0.42857142857142855,0.8181818181818182,0.5625,0.6818181818181818
trecrag,all,rouge,rouge1 ref=nugget,2024-79154,99,66,0.9242424242424242,0.9242424242424242,0.9242424242424242,0.898989898989899
trecrag,all,rouge,rouge1 ref=nugget,2024-88894,143,26,0.4642857142857143,0.5,0.48148148148148145,0.8041958041958042
trecrag,all,rouge,rouge1 ref=nugget,2024-94706,120,43,0.8,0.6511627906976745,0.717948717948718,0.8166666666666667
trecrag,all,rouge,rouge1 ref=nugget,2024-96063,176,18,0.2073170731707317,0.9444444444444444,0.34,0.625
trecrag,all,rouge,rouge1 ref=nugget,2024-96359,121,64,0.7543859649122807,0.671875,0.7107438016528925,0.7107438016528925
trecrag,all,rouge,rougeL ref=nugget,2024-105741,176,40,0.3902439024390244,0.8,0.5245901639344263,0.6704545454545454
trecrag,all,rouge,rougeL ref=nugget,2024-121840,176,40,0.5625,0.45,0.5,0.7954545454545454
trecrag,all,rouge,rougeL ref=nugget,2024-127266,132,41,0.45454545454545453,0.8536585365853658,0.5932203389830508,0.6363636363636364
trecrag,all,rouge,rougeL ref=nugget,2024-129925,121,62,0.6341463414634146,0.8387096774193549,0.7222222222222222,0.6694214876033058
trecrag,all,rouge,rougeL ref=nugget,2024-141577,220,81,0.5434782608695652,0.6172839506172839,0.5780346820809249,0.6681818181818182
trecrag,all,rouge,rougeL ref=nugget,2024-142395,143,55,0.5802469135802469,0.8545454545454545,0.6911764705882353,0.7062937062937062
trecrag,all,rouge,rougeL ref=nugget,2024-143869,220,69,0.4236111111111111,0.8840579710144928,0.5727699530516432,0.5863636363636363
trecrag,all,rouge,rougeL ref=nugget,2024-145979,165,90,0.7752808988764045,0.7666666666666667,0.770949720670391,0.7515151515151515
trecrag,all,rouge,rougeL ref=nugget,2024-152259,132,58,0.7631578947368421,0.5,0.6041666666666666,0.7121212121212122
trecrag,all,rouge,rougeL ref=nugget,2024-152817,176,67,0.6666666666666666,0.7164179104477612,0.6906474820143885,0.7556818181818182
trecrag,all,rouge,rougeL ref=nugget,2024-153051,154,89,0.7522935779816514,0.9213483146067416,0.8282828282828283,0.7792207792207793
trecrag,all,rouge,rougeL ref=nugget,2024-158261,187,21,0.20833333333333334,0.9523809523809523,0.3418803418803419,0.5882352941176471
trecrag,all,rouge,rougeL ref=nugget,2024-158677,198,67,0.6268656716417911,0.6268656716417911,0.6268656716417911,0.7474747474747475
trecrag,all,rouge,rougeL ref=nugget,2024-158743,198,46,0.39705882352941174,0.5869565217391305,0.47368421052631576,0.696969696969697
trecrag,all,rouge,rougeL ref=nugget,2024-18963,187,30,0.3617021276595745,0.5666666666666667,0.44155844155844154,0.7700534759358288
trecrag,all,rouge,rougeL ref=nugget,2024-19025,132,53,0.711864406779661,0.7924528301886793,0.75,0.7878787878787878
trecrag,all,rouge,rougeL ref=nugget,2024-213469,143,40,0.6666666666666666,0.3,0.41379310344827586,0.7622377622377622
trecrag,all,rouge,rougeL ref=nugget,2024-213789,143,50,0.3821138211382114,0.94,0.5433526011560693,0.44755244755244755
trecrag,all,rouge,rougeL ref=nugget,2024-213817,143,66,0.7261904761904762,0.9242424242424242,0.8133333333333334,0.8041958041958042
trecrag,all,rouge,rougeL ref=nugget,2024-213978,99,16,0.8125,0.8125,0.8125,0.9393939393939394
trecrag,all,rouge,rougeL ref=nugget,2024-214096,176,69,0.7627118644067796,0.6521739130434783,0.703125,0.7840909090909091
trecrag,all,rouge,rougeL ref=nugget,2024-214257,110,33,0.7857142857142857,0.6666666666666666,0.7213114754098361,0.8454545454545455
trecrag,all,rouge,rougeL ref=nugget,2024-214467,77,42,0.7368421052631579,0.6666666666666666,0.7,0.6883116883116883
trecrag,all,rouge,rougeL ref=nugget,2024-215044,165,19,0.45,0.9473684210526315,0.6101694915254238,0.8606060606060606
trecrag,all,rouge,rougeL ref=nugget,2024-215952,110,32,0.45454545454545453,0.9375,0.6122448979591837,0.6545454545454545
trecrag,all,rouge,rougeL ref=nugget,2024-216592,220,75,0.5238095238095238,0.7333333333333333,0.6111111111111112,0.6818181818181818
trecrag,all,rouge,rougeL ref=nugget,2024-217279,132,45,0.5238095238095238,0.7333333333333333,0.6111111111111112,0.6818181818181818
trecrag,all,rouge,rougeL ref=nugget,2024-217812,140,62,0.5619047619047619,0.9516129032258065,0.7065868263473054,0.65
trecrag,all,rouge,rougeL ref=nugget,2024-219563,110,43,0.5714285714285714,0.7441860465116279,0.6464646464646465,0.6818181818181818
trecrag,all,rouge,rougeL ref=nugget,2024-219624,143,52,0.6231884057971014,0.8269230769230769,0.7107438016528925,0.7552447552447552
trecrag,all,rouge,rougeL ref=nugget,2024-224279,165,52,0.43373493975903615,0.6923076923076923,0.5333333333333333,0.6181818181818182
trecrag,all,rouge,rougeL ref=nugget,2024-224701,198,83,0.5033112582781457,0.9156626506024096,0.6495726495726496,0.5858585858585859
trecrag,all,rouge,rougeL ref=nugget,2024-224926,121,9,0.3181818181818182,0.7777777777777778,0.45161290322580644,0.859504132231405
trecrag,all,rouge,rougeL ref=nugget,2024-22886,220,83,0.6493506493506493,0.6024096385542169,0.625,0.7272727272727273
trecrag,all,rouge,rougeL ref=nugget,2024-27366,176,68,0.5471698113207547,0.8529411764705882,0.6666666666666666,0.6704545454545454
trecrag,all,rouge,rougeL ref=nugget,2024-29182,165,40,0.6136363636363636,0.675,0.6428571428571429,0.8181818181818182
trecrag,all,rouge,rougeL ref=nugget,2024-32912,99,63,0.859375,0.873015873015873,0.8661417322834646,0.8282828282828283
trecrag,all,rouge,rougeL ref=nugget,2024-35227,198,83,0.4327485380116959,0.891566265060241,0.5826771653543307,0.46464646464646464
trecrag,all,rouge,rougeL ref=nugget,2024-35269,110,56,0.6346153846153846,0.5892857142857143,0.6111111111111112,0.6181818181818182
trecrag,all,rouge,rougeL ref=nugget,2024-35284,143,66,0.7746478873239436,0.8333333333333334,0.8029197080291971,0.8111888111888111
trecrag,all,rouge,rougeL ref=nugget,2024-35620,187,50,0.6142857142857143,0.86,0.7166666666666667,0.8181818181818182
trecrag,all,rouge,rougeL ref=nugget,2024-38986,176,67,0.5584415584415584,0.6417910447761194,0.5972222222222222,0.6704545454545454
trecrag,all,rouge,rougeL ref=nugget,2024-41849,209,38,0.5769230769230769,0.7894736842105263,0.6666666666666666,0.8564593301435407
trecrag,all,rouge,rougeL ref=nugget,2024-42497,165,52,0.371900826446281,0.8653846153846154,0.5202312138728323,0.49696969696969695
trecrag,all,rouge,rougeL ref=nugget,2024-43037,110,52,0.7380952380952381,0.5961538461538461,0.6595744680851063,0.7090909090909091
trecrag,all,rouge,rougeL ref=nugget,2024-43983,110,20,0.391304347826087,0.9,0.5454545454545454,0.7272727272727273
trecrag,all,rouge,rougeL ref=nugget,2024-44060,66,40,0.6451612903225806,1.0,0.7843137254901961,0.6666666666666666
trecrag,all,rouge,rougeL ref=nugget,2024-58819,176,25,0.56,0.56,0.56,0.875
trecrag,all,rouge,rougeL ref=nugget,2024-73340,77,40,0.9722222222222222,0.875,0.9210526315789473,0.922077922077922
trecrag,all,rouge,rougeL ref=nugget,2024-73918,198,28,0.27692307692307694,0.6428571428571429,0.3870967741935484,0.7121212121212122
trecrag,all,rouge,rougeL ref=nugget,2024-79081,176,44,0.3188405797101449,1.0,0.4835164835164835,0.4659090909090909
trecrag,all,rouge,rougeL ref=nugget,2024-79154,99,66,0.8157894736842105,0.9393939393939394,0.8732394366197183,0.8181818181818182
trecrag,all,rouge,rougeL ref=nugget,2024-88894,143,26,0.3695652173913043,0.6538461538461539,0.4722222222222222,0.7342657342657343
trecrag,all,rouge,rougeL ref=nugget,2024-94706,120,43,0.6111111111111112,0.7674418604651163,0.6804123711340206,0.7416666666666667
trecrag,all,rouge,rougeL ref=nugget,2024-96063,176,18,0.16071428571428573,1.0,0.27692307692307694,0.4659090909090909
trecrag,all,rouge,rougeL ref=nugget,2024-96359,121,64,0.68,0.796875,0.7338129496402878,0.6942148760330579
ragtime-na,overlap,monot5-base-msmarco-10k,warmup pretrain full warmup=-,1025,277,155,0.9230769230769231,0.8516129032258064,0.8859060402684564,0.8772563176895307
ragtime-na,overlap,monot5-base-msmarco-10k,warmup pretrain full warmup=-,1033,116,34,0.8620689655172413,0.7352941176470589,0.7936507936507936,0.8879310344827587
ragtime-na,overlap,monot5-base-msmarco-10k,warmup pretrain full warmup=-,1009,368,202,0.9609756097560975,0.9752475247524752,0.9680589680589681,0.9646739130434783
ragtime-na,overlap,monot5-base-msmarco-10k,warmup pretrain full warmup=-,1029,190,54,0.9444444444444444,0.9444444444444444,0.9444444444444444,0.968421052631579
ragtime-na,overlap,monot5-base-msmarco-10k,warmup pretrain full warmup=-,1087,322,183,0.9302325581395349,0.8743169398907104,0.9014084507042254,0.8913043478260869
ragtime-na,overlap,monot5-base-msmarco-10k,warmup pretrain full warmup=-,1013,441,240,0.9451476793248945,0.9333333333333333,0.939203354297694,0.9342403628117913
ragtime-na,overlap,monot5-base-msmarco-10k,warmup pretrain full warmup=-,1005,168,40,0.8604651162790697,0.925,0.891566265060241,0.9464285714285714
ragtime-na,overlap,monot5-base-msmarco-10k,warmup pretrain full warmup=-,1053,250,132,0.9253731343283582,0.9393939393939394,0.9323308270676691,0.928
ragtime-na,overlap,monot5-base-msmarco-10k,warmup pretrain full warmup=-,1065,145,37,0.9411764705882353,0.8648648648648649,0.9014084507042254,0.9517241379310345
ragtime-na,overlap,monot5-base-msmarco-10k,warmup pretrain full warmup=-,1081,396,234,0.9497716894977168,0.8888888888888888,0.9183222958057395,0.9065656565656566
ragtime-na,overlap,monot5-base-msmarco-10k,warmup pretrain full warmup=-,1039,182,72,0.9852941176470589,0.9305555555555556,0.9571428571428572,0.967032967032967
ragtime-na,overlap,monot5-base-msmarco-10k,warmup pretrain full warmup=-,1015,100,25,0.9230769230769231,0.96,0.9411764705882353,0.97
ragtime-na,overlap,monot5-base-msmarco-10k,warmup pretrain full warmup=-,1003,202,60,1.0,0.9333333333333333,0.9655172413793104,0.9801980198019802
ragtime-na,overlap,monot5-base-msmarco-10k,warmup pretrain full warmup=-,1023,59,13,1.0,0.6923076923076923,0.8181818181818182,0.9322033898305084
ragtime-na,overlap,monot5-base-msmarco-10k,warmup pretrain full warmup=-,1035,53,10,1.0,0.9,0.9473684210526315,0.9811320754716981
ragtime-na,overlap,monot5-base-msmarco-10k,warmup pretrain full warmup=-,1019,383,241,0.88,0.9128630705394191,0.8961303462321792,0.8668407310704961
ragtime-na,overlap,monot5-base-msmarco-10k,warmup pretrain full warmup=-,1075,202,78,1.0,0.9358974358974359,0.9668874172185431,0.9752475247524752
ragtime-na,overlap,monot5-base-msmarco-10k,warmup pretrain full warmup=-,1055,155,93,0.9651162790697675,0.8924731182795699,0.9273743016759777,0.9161290322580645
ragtime-na,overlap,monot5-base-msmarco-10k,warmup pretrain full warmup=-,1079,148,35,1.0,1.0,1.0,1.0
ragtime-na,overlap,monot5-base-msmarco-10k,warmup pretrain full warmup=-,1001,353,158,0.8819444444444444,0.8037974683544303,0.8410596026490066,0.8640226628895185
ragtime-na,overlap,monot5-base-msmarco-10k,warmup pretrain full warmup=-,1017,164,37,0.9411764705882353,0.8648648648648649,0.9014084507042254,0.9573170731707317
ragtime-na,overlap,monot5-base-msmarco-10k,warmup pretrain full warmup=-,1083,398,261,0.9407407407407408,0.9731800766283525,0.9566854990583804,0.9422110552763819
ragtime-na,overlap,monot5-base-msmarco-10k,warmup pretrain full warmup=-,1037,113,34,1.0,0.8529411764705882,0.9206349206349206,0.9557522123893806
ragtime-na,overlap,monot5-base-msmarco-10k,warmup pretrain full warmup=-,1021,242,113,0.9180327868852459,0.9911504424778761,0.9531914893617022,0.9545454545454546
ragtime-na,overlap,monot5-base-msmarco-10k,warmup pretrain full warmup=-,1077,212,86,0.8705882352941177,0.8604651162790697,0.8654970760233918,0.8915094339622641
ragtime-na,overlap,monot5-base-msmarco-10k,warmup pretrain full warmup=-,1041,129,40,0.9142857142857143,0.8,0.8533333333333334,0.9147286821705426
ragtime-na,overlap,monot5-base-msmarco-10k,warmup pretrain full warmup=-,1031,111,19,0.8947368421052632,0.8947368421052632,0.8947368421052632,0.963963963963964
ragtime-na,overlap,monot5-base-msmarco-10k,warmup pretrain full warmup=-,1027,167,93,0.8791208791208791,0.8602150537634409,0.8695652173913043,0.8562874251497006
ragtime-na,overlap,monot5-base-msmarco-10k,warmup pretrain full warmup=-,1007,437,214,0.9247311827956989,0.8037383177570093,0.86,0.8718535469107551
ragtime-na,overlap,monot5-base-msmarco-10k,warmup pretrain full warmup=-,1011,245,104,0.9117647058823529,0.8942307692307693,0.9029126213592233,0.9183673469387755
ragtime-na,overlap,monot5-base-msmarco-10k,warmup pretrain full warmup=-,1085,149,43,0.9318181818181818,0.9534883720930233,0.9425287356321839,0.9664429530201343
ragtime-na,overlap,monot5-base-msmarco-10k,warmup pretrain full warmup=-,1047,276,137,0.9696969696969697,0.9343065693430657,0.9516728624535316,0.9528985507246377
ragtime-na,overlap,monot5-base-msmarco-10k,warmup pretrain full warmup=-,1067,152,55,0.9433962264150944,0.9090909090909091,0.9259259259259259,0.9473684210526315
ragtime-na,overlap,monot5-base-msmarco-10k,topic adapter warmup=yes,1001,353,158,0.87248322147651,0.8227848101265823,0.8469055374592834,0.8668555240793201
ragtime-na,overlap,monot5-base-msmarco-10k,topic adapter warmup=yes,1003,202,60,1.0,0.95,0.9743589743589743,0.9851485148514851
ragtime-na,overlap,monot5-base-msmarco-10k,topic adapter warmup=yes,1005,168,40,0.8604651162790697,0.925,0.891566265060241,0.9464285714285714
ragtime-na,overlap,monot5-base-msmarco-10k,topic adapter warmup=yes,1007,437,214,0.9137055837563451,0.8411214953271028,0.8759124087591241,0.8832951945080092
ragtime-na,overlap,monot5-base-msmarco-10k,topic adapter warmup=yes,1009,368,202,0.9565217391304348,0.9801980198019802,0.9682151589242054,0.9646739130434783
ragtime-na,overlap,monot5-base-msmarco-10k,topic adapter warmup=yes,1011,245,104,0.8952380952380953,0.9038461538461539,0.8995215311004785,0.9142857142857143
ragtime-na,overlap,monot5-base-msmarco-10k,topic adapter warmup=yes,1013,441,240,0.9377593360995851,0.9416666666666667,0.9397089397089398,0.9342403628117913
ragtime-na,overlap,monot5-base-msmarco-10k,topic adapter warmup=yes,1015,100,25,0.9230769230769231,0.96,0.9411764705882353,0.97
ragtime-na,overlap,monot5-base-msmarco-10k,topic adapter warmup=yes,1017,164,37,0.9428571428571428,0.8918918918918919,0.9166666666666666,0.9634146341463414
ragtime-na,overlap,monot5-base-msmarco-10k,topic adapter warmup=yes,1019,383,241,0.8804780876494024,0.91701244813278,0.8983739837398373,0.8694516971279374
ragtime-na,overlap,monot5-base-msmarco-10k,topic adapter warmup=yes,1021,242,113,0.9180327868852459,0.9911504424778761,0.9531914893617022,0.9545454545454546
ragtime-na,overlap,monot5-base-msmarco-10k,topic adapter warmup=yes,1023,59,13,0.9090909090909091,0.7692307692307693,0.8333333333333334,0.9322033898305084
ragtime-na,overlap,monot5-base-msmarco-10k,topic adapter warmup=yes,1025,277,155,0.910828025477707,0.9225806451612903,0.9166666666666666,0.9061371841155235
ragtime-na,overlap,monot5-base-msmarco-10k,topic adapter warmup=yes,1027,167,93,0.8602150537634409,0.8602150537634409,0.8602150537634409,0.844311377245509
ragtime-na,overlap,monot5-base-msmarco-10k,topic adapter warmup=yes,1029,190,54,0.9444444444444444,0.9444444444444444,0.9444444444444444,0.968421052631579
ragtime-na,overlap,monot5-base-msmarco-10k,topic adapter warmup=yes,1031,111,19,0.8947368421052632,0.8947368421052632,0.8947368421052632,0.963963963963964
ragtime-na,overlap,monot5-base-msmarco-10k,topic adapter warmup=yes,1033,116,34,0.8620689655172413,0.7352941176470589,0.7936507936507936,0.8879310344827587
ragtime-na,overlap,monot5-base-msmarco-10k,topic adapter warmup=yes,1035,53,10,1.0,0.9,0.9473684210526315,0.9811320754716981
ragtime-na,overlap,monot5-base-msmarco-10k,topic adapter warmup=yes,1037,113,34,1.0,0.8529411764705882,0.9206349206349206,0.9557522123893806
ragtime-na,overlap,monot5-base-msmarco-10k,topic adapter warmup=yes,1039,182,72,0.9855072463768116,0.9444444444444444,0.9645390070921985,0.9725274725274725
ragtime-na,overlap,monot5-base-msmarco-10k,topic adapter warmup=yes,1041,129,40,0.9142857142857143,0.8,0.8533333333333334,0.9147286821705426
ragtime-na,overlap,monot5-base-msmarco-10k,topic adapter warmup=yes,1047,276,137,0.9701492537313433,0.948905109489051,0.959409594095941,0.9601449275362319
ragtime-na,overlap,monot5-base-msmarco-10k,topic adapter warmup=yes,1053,250,132,0.9197080291970803,0.9545454545454546,0.9368029739776952,0.932
ragtime-na,overlap,monot5-base-msmarco-10k,topic adapter warmup=yes,1055,155,93,0.9560439560439561,0.9354838709677419,0.9456521739130435,0.9354838709677419
ragtime-na,overlap,monot5-base-msmarco-10k,topic adapter warmup=yes,1065,145,37,0.9411764705882353,0.8648648648648649,0.9014084507042254,0.9517241379310345
ragtime-na,overlap,monot5-base-msmarco-10k,topic adapter warmup=yes,1067,152,55,0.9615384615384616,0.9090909090909091,0.9345794392523364,0.9539473684210527
ragtime-na,overlap,monot5-base-msmarco-10k,topic adapter warmup=yes,1075,202,78,0.9864864864864865,0.9358974358974359,0.9605263157894737,0.9702970297029703
ragtime-na,overlap,monot5-base-msmarco-10k,topic adapter warmup=yes,1077,212,86,0.8705882352941177,0.8604651162790697,0.8654970760233918,0.8915094339622641
ragtime-na,overlap,monot5-base-msmarco-10k,topic adapter warmup=yes,1079,148,35,1.0,1.0,1.0,1.0
ragtime-na,overlap,monot5-base-msmarco-10k,topic adapter warmup=yes,1081,396,234,0.9427312775330396,0.9145299145299145,0.928416485900217,0.9166666666666666
ragtime-na,overlap,monot5-base-msmarco-10k,topic adapter warmup=yes,1083,398,261,0.947565543071161,0.9693486590038314,0.9583333333333334,0.9447236180904522
ragtime-na,overlap,monot5-base-msmarco-10k,topic adapter warmup=yes,1085,149,43,0.9333333333333333,0.9767441860465116,0.9545454545454546,0.9731543624161074
ragtime-na,overlap,monot5-base-msmarco-10k,topic adapter warmup=yes,1087,322,183,0.9139784946236559,0.9289617486338798,0.9214092140921409,0.9099378881987578
ragtime-na,overlap,monot5-base-msmarco-10k,topic backbone warmup=yes,1001,353,158,0.8805031446540881,0.8860759493670886,0.8832807570977917,0.8951841359773371
ragtime-na,overlap,monot5-base-msmarco-10k,topic backbone warmup=yes,1003,202,60,1.0,0.9666666666666667,0.9830508474576272,0.9900990099009901
ragtime-na,overlap,monot5-base-msmarco-10k,topic backbone warmup=yes,1005,168,40,0.8260869565217391,0.95,0.8837209302325582,0.9404761904761905
ragtime-na,overlap,monot5-base-msmarco-10k,topic backbone warmup=yes,1007,437,214,0.9086294416243654,0.8364485981308412,0.8710462287104623,0.8787185354691075
ragtime-na,overlap,monot5-base-msmarco-10k,topic backbone warmup=yes,1009,368,202,0.9478672985781991,0.9900990099009901,0.9685230024213075,0.9646739130434783
ragtime-na,overlap,monot5-base-msmarco-10k,topic backbone warmup=yes,1011,245,104,0.8672566371681416,0.9423076923076923,0.9032258064516129,0.9142857142857143
ragtime-na,overlap,monot5-base-msmarco-10k,topic backbone warmup=yes,1013,441,240,0.9608695652173913,0.9208333333333333,0.9404255319148936,0.9365079365079365
ragtime-na,overlap,monot5-base-msmarco-10k,topic backbone warmup=yes,1015,100,25,0.8888888888888888,0.96,0.9230769230769231,0.96
ragtime-na,overlap,monot5-base-msmarco-10k,topic backbone warmup=yes,1017,164,37,0.8717948717948718,0.918918918918919,0.8947368421052632,0.9512195121951219
ragtime-na,overlap,monot5-base-msmarco-10k,topic backbone warmup=yes,1019,383,241,0.8951612903225806,0.921161825726141,0.9079754601226994,0.8825065274151436
ragtime-na,overlap,monot5-base-msmarco-10k,topic backbone warmup=yes,1021,242,113,0.9565217391304348,0.9734513274336283,0.9649122807017544,0.9669421487603306
ragtime-na,overlap,monot5-base-msmarco-10k,topic backbone warmup=yes,1023,59,13,0.9166666666666666,0.8461538461538461,0.88,0.9491525423728814
ragtime-na,overlap,monot5-base-msmarco-10k,topic backbone warmup=yes,1025,277,155,0.9025974025974026,0.896774193548387,0.8996763754045307,0.8880866425992779
ragtime-na,overlap,monot5-base-msmarco-10k,topic backbone warmup=yes,1027,167,93,0.8817204301075269,0.8817204301075269,0.8817204301075269,0.8682634730538922
ragtime-na,overlap,monot5-base-msmarco-10k,topic backbone warmup=yes,1029,190,54,0.9298245614035088,0.9814814814814815,0.954954954954955,0.9736842105263158
ragtime-na,overlap,monot5-base-msmarco-10k,topic backbone warmup=yes,1031,111,19,0.8947368421052632,0.8947368421052632,0.8947368421052632,0.963963963963964
ragtime-na,overlap,monot5-base-msmarco-10k,topic backbone warmup=yes,1033,116,34,0.9032258064516129,0.8235294117647058,0.8615384615384616,0.9224137931034483
ragtime-na,overlap,monot5-base-msmarco-10k,topic backbone warmup=yes,1035,53,10,1.0,0.9,0.9473684210526315,0.9811320754716981
ragtime-na,overlap,monot5-base-msmarco-10k,topic backbone warmup=yes,1037,113,34,1.0,0.9411764705882353,0.9696969696969697,0.9823008849557522
ragtime-na,overlap,monot5-base-msmarco-10k,topic backbone warmup=yes,1039,182,72,0.9855072463768116,0.9444444444444444,0.9645390070921985,0.9725274725274725
ragtime-na,overlap,monot5-base-msmarco-10k,topic backbone warmup=yes,1041,129,40,0.9428571428571428,0.825,0.88,0.9302325581395349
ragtime-na,overlap,monot5-base-msmarco-10k,topic backbone warmup=yes,1047,276,137,0.9555555555555556,0.9416058394160584,0.9485294117647058,0.9492753623188406
ragtime-na,overlap,monot5-base-msmarco-10k,topic backbone warmup=yes,1053,250,132,0.9398496240601504,0.946969696969697,0.9433962264150944,0.94
ragtime-na,overlap,monot5-base-msmarco-10k,topic backbone warmup=yes,1055,155,93,0.9479166666666666,0.978494623655914,0.9629629629629629,0.9548387096774194
ragtime-na,overlap,monot5-base-msmarco-10k,topic backbone warmup=yes,1065,145,37,0.8536585365853658,0.9459459459459459,0.8974358974358975,0.9448275862068966
ragtime-na,overlap,monot5-base-msmarco-10k,topic backbone warmup=yes,1067,152,55,0.9622641509433962,0.9272727272727272,0.9444444444444444,0.9605263157894737
ragtime-na,overlap,monot5-base-msmarco-10k,topic backbone warmup=yes,1075,202,78,1.0,0.9230769230769231,0.96,0.9702970297029703
ragtime-na,overlap,monot5-base-msmarco-10k,topic backbone warmup=yes,1077,212,86,0.8735632183908046,0.8837209302325582,0.8786127167630058,0.9009433962264151
ragtime-na,overlap,monot5-base-msmarco-10k,topic backbone warmup=yes,1079,148,35,1.0,1.0,1.0,1.0
ragtime-na,overlap,monot5-base-msmarco-10k,topic backbone warmup=yes,1081,396,234,0.9439655172413793,0.9358974358974359,0.9399141630901288,0.9292929292929293
ragtime-na,overlap,monot5-base-msmarco-10k,topic backbone warmup=yes,1083,398,261,0.948339483394834,0.9846743295019157,0.9661654135338346,0.9547738693467337
ragtime-na,overlap,monot5-base-msmarco-10k,topic backbone warmup=yes,1085,149,43,0.9333333333333333,0.9767441860465116,0.9545454545454546,0.9731543624161074
ragtime-na,overlap,monot5-base-msmarco-10k,topic backbone warmup=yes,1087,322,183,0.9025641025641026,0.9617486338797814,0.9312169312169312,0.9192546583850931
ragtime-na,overlap,ettin-reranker-17m-v1,warmup pretrain full warmup=-,1025,277,155,0.8343558282208589,0.8774193548387097,0.8553459119496856,0.8339350180505415
ragtime-na,overlap,ettin-reranker-17m-v1,warmup pretrain full warmup=-,1033,116,34,0.8055555555555556,0.8529411764705882,0.8285714285714286,0.896551724137931
ragtime-na,overlap,ettin-reranker-17m-v1,warmup pretrain full warmup=-,1009,368,202,0.9473684210526315,0.9801980198019802,0.9635036496350365,0.9592391304347826
ragtime-na,overlap,ettin-reranker-17m-v1,warmup pretrain full warmup=-,1029,190,54,0.875,0.9074074074074074,0.8909090909090909,0.9368421052631579
ragtime-na,overlap,ettin-reranker-17m-v1,warmup pretrain full warmup=-,1087,322,183,0.9020618556701031,0.9562841530054644,0.9283819628647215,0.9161490683229814
ragtime-na,overlap,ettin-reranker-17m-v1,warmup pretrain full warmup=-,1013,441,240,0.9297520661157025,0.9375,0.9336099585062241,0.927437641723356
ragtime-na,overlap,ettin-reranker-17m-v1,warmup pretrain full warmup=-,1005,168,40,0.8095238095238095,0.85,0.8292682926829268,0.9166666666666666
ragtime-na,overlap,ettin-reranker-17m-v1,warmup pretrain full warmup=-,1053,250,132,0.952,0.9015151515151515,0.9260700389105059,0.924
ragtime-na,overlap,ettin-reranker-17m-v1,warmup pretrain full warmup=-,1065,145,37,1.0,0.8378378378378378,0.9117647058823529,0.9586206896551724
ragtime-na,overlap,ettin-reranker-17m-v1,warmup pretrain full warmup=-,1081,396,234,0.9210526315789473,0.8974358974358975,0.9090909090909091,0.8939393939393939
ragtime-na,overlap,ettin-reranker-17m-v1,warmup pretrain full warmup=-,1039,182,72,0.9710144927536232,0.9305555555555556,0.950354609929078,0.9615384615384616
ragtime-na,overlap,ettin-reranker-17m-v1,warmup pretrain full warmup=-,1015,100,25,0.92,0.92,0.92,0.96
ragtime-na,overlap,ettin-reranker-17m-v1,warmup pretrain full warmup=-,1003,202,60,0.9491525423728814,0.9333333333333333,0.9411764705882353,0.9653465346534653
ragtime-na,overlap,ettin-reranker-17m-v1,warmup pretrain full warmup=-,1023,59,13,0.7692307692307693,0.7692307692307693,0.7692307692307693,0.8983050847457628
ragtime-na,overlap,ettin-reranker-17m-v1,warmup pretrain full warmup=-,1035,53,10,0.9,0.9,0.9,0.9622641509433962
ragtime-na,overlap,ettin-reranker-17m-v1,warmup pretrain full warmup=-,1019,383,241,0.9,0.8962655601659751,0.8981288981288982,0.8720626631853786
ragtime-na,overlap,ettin-reranker-17m-v1,warmup pretrain full warmup=-,1075,202,78,0.9605263157894737,0.9358974358974359,0.948051948051948,0.9603960396039604
ragtime-na,overlap,ettin-reranker-17m-v1,warmup pretrain full warmup=-,1055,155,93,0.9456521739130435,0.9354838709677419,0.9405405405405406,0.9290322580645162
ragtime-na,overlap,ettin-reranker-17m-v1,warmup pretrain full warmup=-,1079,148,35,0.9722222222222222,1.0,0.9859154929577465,0.9932432432432432
ragtime-na,overlap,ettin-reranker-17m-v1,warmup pretrain full warmup=-,1001,353,158,0.8823529411764706,0.8544303797468354,0.8681672025723473,0.8838526912181303
ragtime-na,overlap,ettin-reranker-17m-v1,warmup pretrain full warmup=-,1017,164,37,0.875,0.7567567567567568,0.8115942028985508,0.9207317073170732
ragtime-na,overlap,ettin-reranker-17m-v1,warmup pretrain full warmup=-,1083,398,261,0.9362549800796812,0.9003831417624522,0.91796875,0.8944723618090452
ragtime-na,overlap,ettin-reranker-17m-v1,warmup pretrain full warmup=-,1037,113,34,0.9411764705882353,0.9411764705882353,0.9411764705882353,0.9646017699115044
ragtime-na,overlap,ettin-reranker-17m-v1,warmup pretrain full warmup=-,1021,242,113,0.8934426229508197,0.9646017699115044,0.9276595744680851,0.9297520661157025
ragtime-na,overlap,ettin-reranker-17m-v1,warmup pretrain full warmup=-,1077,212,86,0.8588235294117647,0.8488372093023255,0.8538011695906432,0.8820754716981132
ragtime-na,overlap,ettin-reranker-17m-v1,warmup pretrain full warmup=-,1041,129,40,0.9142857142857143,0.8,0.8533333333333334,0.9147286821705426
ragtime-na,overlap,ettin-reranker-17m-v1,warmup pretrain full warmup=-,1031,111,19,0.7727272727272727,0.8947368421052632,0.8292682926829268,0.9369369369369369
ragtime-na,overlap,ettin-reranker-17m-v1,warmup pretrain full warmup=-,1027,167,93,0.875,0.8279569892473119,0.850828729281768,0.8383233532934131
ragtime-na,overlap,ettin-reranker-17m-v1,warmup pretrain full warmup=-,1007,437,214,0.8817733990147784,0.8364485981308412,0.8585131894484412,0.8649885583524027
ragtime-na,overlap,ettin-reranker-17m-v1,warmup pretrain full warmup=-,1011,245,104,0.8878504672897196,0.9134615384615384,0.9004739336492891,0.9142857142857143
ragtime-na,overlap,ettin-reranker-17m-v1,warmup pretrain full warmup=-,1085,149,43,0.9069767441860465,0.9069767441860465,0.9069767441860465,0.9463087248322147
ragtime-na,overlap,ettin-reranker-17m-v1,warmup pretrain full warmup=-,1047,276,137,0.869281045751634,0.9708029197080292,0.9172413793103448,0.9130434782608695
ragtime-na,overlap,ettin-reranker-17m-v1,warmup pretrain full warmup=-,1067,152,55,0.9622641509433962,0.9272727272727272,0.9444444444444444,0.9605263157894737
ragtime-na,overlap,ettin-reranker-17m-v1,topic head warmup=yes,1001,353,158,0.8766233766233766,0.8544303797468354,0.8653846153846154,0.8810198300283286
ragtime-na,overlap,ettin-reranker-17m-v1,topic head warmup=yes,1003,202,60,0.9508196721311475,0.9666666666666667,0.9586776859504132,0.9752475247524752
ragtime-na,overlap,ettin-reranker-17m-v1,topic head warmup=yes,1005,168,40,0.8292682926829268,0.85,0.8395061728395061,0.9226190476190477
ragtime-na,overlap,ettin-reranker-17m-v1,topic head warmup=yes,1007,437,214,0.8861386138613861,0.8364485981308412,0.8605769230769231,0.8672768878718535
ragtime-na,overlap,ettin-reranker-17m-v1,topic head warmup=yes,1009,368,202,0.9473684210526315,0.9801980198019802,0.9635036496350365,0.9592391304347826
ragtime-na,overlap,ettin-reranker-17m-v1,topic head warmup=yes,1011,245,104,0.8807339449541285,0.9230769230769231,0.9014084507042254,0.9142857142857143
ragtime-na,overlap,ettin-reranker-17m-v1,topic head warmup=yes,1013,441,240,0.9330543933054394,0.9291666666666667,0.9311064718162839,0.9251700680272109
ragtime-na,overlap,ettin-reranker-17m-v1,topic head warmup=yes,1015,100,25,0.92,0.92,0.92,0.96
ragtime-na,overlap,ettin-reranker-17m-v1,topic head warmup=yes,1017,164,37,0.8787878787878788,0.7837837837837838,0.8285714285714286,0.926829268292683
ragtime-na,overlap,ettin-reranker-17m-v1,topic head warmup=yes,1019,383,241,0.9145299145299145,0.8879668049792531,0.9010526315789473,0.8772845953002611
ragtime-na,overlap,ettin-reranker-17m-v1,topic head warmup=yes,1021,242,113,0.8907563025210085,0.9380530973451328,0.9137931034482759,0.9173553719008265
ragtime-na,overlap,ettin-reranker-17m-v1,topic head warmup=yes,1023,59,13,0.7692307692307693,0.7692307692307693,0.7692307692307693,0.8983050847457628
ragtime-na,overlap,ettin-reranker-17m-v1,topic head warmup=yes,1025,277,155,0.8395061728395061,0.8774193548387097,0.8580441640378549,0.8375451263537906
ragtime-na,overlap,ettin-reranker-17m-v1,topic head warmup=yes,1027,167,93,0.875,0.8279569892473119,0.850828729281768,0.8383233532934131
ragtime-na,overlap,ettin-reranker-17m-v1,topic head warmup=yes,1029,190,54,0.8771929824561403,0.9259259259259259,0.9009009009009009,0.9421052631578948
ragtime-na,overlap,ettin-reranker-17m-v1,topic head warmup=yes,1031,111,19,0.85,0.8947368421052632,0.8717948717948718,0.954954954954955
ragtime-na,overlap,ettin-reranker-17m-v1,topic head warmup=yes,1033,116,34,0.8484848484848485,0.8235294117647058,0.835820895522388,0.9051724137931034
ragtime-na,overlap,ettin-reranker-17m-v1,topic head warmup=yes,1035,53,10,0.9,0.9,0.9,0.9622641509433962
ragtime-na,overlap,ettin-reranker-17m-v1,topic head warmup=yes,1037,113,34,0.9411764705882353,0.9411764705882353,0.9411764705882353,0.9646017699115044
ragtime-na,overlap,ettin-reranker-17m-v1,topic head warmup=yes,1039,182,72,0.9710144927536232,0.9305555555555556,0.950354609929078,0.9615384615384616
ragtime-na,overlap,ettin-reranker-17m-v1,topic head warmup=yes,1041,129,40,0.9142857142857143,0.8,0.8533333333333334,0.9147286821705426
ragtime-na,overlap,ettin-reranker-17m-v1,topic head warmup=yes,1047,276,137,0.8843537414965986,0.948905109489051,0.9154929577464789,0.9130434782608695
ragtime-na,overlap,ettin-reranker-17m-v1,topic head warmup=yes,1053,250,132,0.952,0.9015151515151515,0.9260700389105059,0.924
ragtime-na,overlap,ettin-reranker-17m-v1,topic head warmup=yes,1055,155,93,0.9468085106382979,0.956989247311828,0.9518716577540107,0.9419354838709677
ragtime-na,overlap,ettin-reranker-17m-v1,topic head warmup=yes,1065,145,37,0.96875,0.8378378378378378,0.8985507246376812,0.9517241379310345
ragtime-na,overlap,ettin-reranker-17m-v1,topic head warmup=yes,1067,152,55,0.9622641509433962,0.9272727272727272,0.9444444444444444,0.9605263157894737
ragtime-na,overlap,ettin-reranker-17m-v1,topic head warmup=yes,1075,202,78,0.9605263157894737,0.9358974358974359,0.948051948051948,0.9603960396039604
ragtime-na,overlap,ettin-reranker-17m-v1,topic head warmup=yes,1077,212,86,0.8588235294117647,0.8488372093023255,0.8538011695906432,0.8820754716981132
ragtime-na,overlap,ettin-reranker-17m-v1,topic head warmup=yes,1079,148,35,1.0,1.0,1.0,1.0
ragtime-na,overlap,ettin-reranker-17m-v1,topic head warmup=yes,1081,396,234,0.9141630901287554,0.9102564102564102,0.9122055674518201,0.8964646464646465
ragtime-na,overlap,ettin-reranker-17m-v1,topic head warmup=yes,1083,398,261,0.9239543726235742,0.9310344827586207,0.9274809160305344,0.9045226130653267
ragtime-na,overlap,ettin-reranker-17m-v1,topic head warmup=yes,1085,149,43,0.9069767441860465,0.9069767441860465,0.9069767441860465,0.9463087248322147
ragtime-na,overlap,ettin-reranker-17m-v1,topic head warmup=yes,1087,322,183,0.9153439153439153,0.9453551912568307,0.9301075268817204,0.9192546583850931
ragtime-na,overlap,ettin-reranker-17m-v1,topic backbone warmup=yes,1001,353,158,0.8666666666666667,0.9050632911392406,0.8854489164086687,0.8951841359773371
ragtime-na,overlap,ettin-reranker-17m-v1,topic backbone warmup=yes,1003,202,60,0.95,0.95,0.95,0.9702970297029703
ragtime-na,overlap,ettin-reranker-17m-v1,topic backbone warmup=yes,1005,168,40,0.9,0.9,0.9,0.9523809523809523
ragtime-na,overlap,ettin-reranker-17m-v1,topic backbone warmup=yes,1007,437,214,0.8921568627450981,0.8504672897196262,0.8708133971291866,0.8764302059496567
ragtime-na,overlap,ettin-reranker-17m-v1,topic backbone warmup=yes,1009,368,202,0.9603960396039604,0.9603960396039604,0.9603960396039604,0.9565217391304348
ragtime-na,overlap,ettin-reranker-17m-v1,topic backbone warmup=yes,1011,245,104,0.8909090909090909,0.9423076923076923,0.9158878504672897,0.926530612244898
ragtime-na,overlap,ettin-reranker-17m-v1,topic backbone warmup=yes,1013,441,240,0.9401709401709402,0.9166666666666666,0.9282700421940928,0.9229024943310657
ragtime-na,overlap,ettin-reranker-17m-v1,topic backbone warmup=yes,1015,100,25,0.8846153846153846,0.92,0.9019607843137255,0.95
ragtime-na,overlap,ettin-reranker-17m-v1,topic backbone warmup=yes,1017,164,37,0.8461538461538461,0.8918918918918919,0.868421052631579,0.9390243902439024
ragtime-na,overlap,ettin-reranker-17m-v1,topic backbone warmup=yes,1019,383,241,0.899581589958159,0.8921161825726142,0.8958333333333334,0.8694516971279374
ragtime-na,overlap,ettin-reranker-17m-v1,topic backbone warmup=yes,1021,242,113,0.9279279279279279,0.911504424778761,0.9196428571428571,0.9256198347107438
ragtime-na,overlap,ettin-reranker-17m-v1,topic backbone warmup=yes,1023,59,13,0.8,0.9230769230769231,0.8571428571428571,0.9322033898305084
ragtime-na,overlap,ettin-reranker-17m-v1,topic backbone warmup=yes,1025,277,155,0.8471337579617835,0.8580645161290322,0.8525641025641025,0.8339350180505415
ragtime-na,overlap,ettin-reranker-17m-v1,topic backbone warmup=yes,1027,167,93,0.8260869565217391,0.8172043010752689,0.8216216216216217,0.8023952095808383
ragtime-na,overlap,ettin-reranker-17m-v1,topic backbone warmup=yes,1029,190,54,0.8548387096774194,0.9814814814814815,0.9137931034482759,0.9473684210526315
ragtime-na,overlap,ettin-reranker-17m-v1,topic backbone warmup=yes,1031,111,19,0.8888888888888888,0.8421052631578947,0.8648648648648649,0.954954954954955
ragtime-na,overlap,ettin-reranker-17m-v1,topic backbone warmup=yes,1033,116,34,0.84375,0.7941176470588235,0.8181818181818182,0.896551724137931
ragtime-na,overlap,ettin-reranker-17m-v1,topic backbone warmup=yes,1035,53,10,0.9090909090909091,1.0,0.9523809523809523,0.9811320754716981
ragtime-na,overlap,ettin-reranker-17m-v1,topic backbone warmup=yes,1037,113,34,0.9411764705882353,0.9411764705882353,0.9411764705882353,0.9646017699115044
ragtime-na,overlap,ettin-reranker-17m-v1,topic backbone warmup=yes,1039,182,72,0.9705882352941176,0.9166666666666666,0.9428571428571428,0.9560439560439561
ragtime-na,overlap,ettin-reranker-17m-v1,topic backbone warmup=yes,1041,129,40,0.9411764705882353,0.8,0.8648648648648649,0.9224806201550387
ragtime-na,overlap,ettin-reranker-17m-v1,topic backbone warmup=yes,1047,276,137,0.948905109489051,0.948905109489051,0.948905109489051,0.9492753623188406
ragtime-na,overlap,ettin-reranker-17m-v1,topic backbone warmup=yes,1053,250,132,0.9448818897637795,0.9090909090909091,0.9266409266409267,0.924
ragtime-na,overlap,ettin-reranker-17m-v1,topic backbone warmup=yes,1055,155,93,0.9361702127659575,0.946236559139785,0.9411764705882353,0.9290322580645162
ragtime-na,overlap,ettin-reranker-17m-v1,topic backbone warmup=yes,1065,145,37,0.96875,0.8378378378378378,0.8985507246376812,0.9517241379310345
ragtime-na,overlap,ettin-reranker-17m-v1,topic backbone warmup=yes,1067,152,55,0.9454545454545454,0.9454545454545454,0.9454545454545454,0.9605263157894737
ragtime-na,overlap,ettin-reranker-17m-v1,topic backbone warmup=yes,1075,202,78,0.958904109589041,0.8974358974358975,0.9271523178807947,0.9455445544554455
ragtime-na,overlap,ettin-reranker-17m-v1,topic backbone warmup=yes,1077,212,86,0.8620689655172413,0.872093023255814,0.8670520231213873,0.8915094339622641
ragtime-na,overlap,ettin-reranker-17m-v1,topic backbone warmup=yes,1079,148,35,1.0,1.0,1.0,1.0
ragtime-na,overlap,ettin-reranker-17m-v1,topic backbone warmup=yes,1081,396,234,0.922077922077922,0.9102564102564102,0.9161290322580645,0.9015151515151515
ragtime-na,overlap,ettin-reranker-17m-v1,topic backbone warmup=yes,1083,398,261,0.9628099173553719,0.89272030651341,0.9264413518886679,0.907035175879397
ragtime-na,overlap,ettin-reranker-17m-v1,topic backbone warmup=yes,1085,149,43,0.9069767441860465,0.9069767441860465,0.9069767441860465,0.9463087248322147
ragtime-na,overlap,ettin-reranker-17m-v1,topic backbone warmup=yes,1087,322,183,0.9206349206349206,0.9508196721311475,0.9354838709677419,0.9254658385093167
ragtime-na,overlap,ettin-reranker-32m-v1,warmup pretrain full warmup=-,1025,277,155,0.8834355828220859,0.9290322580645162,0.9056603773584906,0.8916967509025271
ragtime-na,overlap,ettin-reranker-32m-v1,warmup pretrain full warmup=-,1033,116,34,0.8709677419354839,0.7941176470588235,0.8307692307692308,0.9051724137931034
ragtime-na,overlap,ettin-reranker-32m-v1,warmup pretrain full warmup=-,1009,368,202,0.9571428571428572,0.995049504950495,0.9757281553398058,0.9728260869565217
ragtime-na,overlap,ettin-reranker-32m-v1,warmup pretrain full warmup=-,1029,190,54,0.8548387096774194,0.9814814814814815,0.9137931034482759,0.9473684210526315
ragtime-na,overlap,ettin-reranker-32m-v1,warmup pretrain full warmup=-,1087,322,183,0.8979591836734694,0.9617486338797814,0.9287598944591029,0.9161490683229814
ragtime-na,overlap,ettin-reranker-32m-v1,warmup pretrain full warmup=-,1013,441,240,0.9399141630901288,0.9125,0.9260042283298098,0.9206349206349206
ragtime-na,overlap,ettin-reranker-32m-v1,warmup pretrain full warmup=-,1005,168,40,0.7708333333333334,0.925,0.8409090909090909,0.9166666666666666
ragtime-na,overlap,ettin-reranker-32m-v1,warmup pretrain full warmup=-,1053,250,132,0.9465648854961832,0.9393939393939394,0.9429657794676806,0.94
ragtime-na,overlap,ettin-reranker-32m-v1,warmup pretrain full warmup=-,1065,145,37,0.9,0.972972972972973,0.935064935064935,0.9655172413793104
ragtime-na,overlap,ettin-reranker-32m-v1,warmup pretrain full warmup=-,1081,396,234,0.9065040650406504,0.9529914529914529,0.9291666666666667,0.9141414141414141
ragtime-na,overlap,ettin-reranker-32m-v1,warmup pretrain full warmup=-,1039,182,72,0.9315068493150684,0.9444444444444444,0.9379310344827586,0.9505494505494505
ragtime-na,overlap,ettin-reranker-32m-v1,warmup pretrain full warmup=-,1015,100,25,0.9259259259259259,1.0,0.9615384615384616,0.98
ragtime-na,overlap,ettin-reranker-32m-v1,warmup pretrain full warmup=-,1003,202,60,0.9666666666666667,0.9666666666666667,0.9666666666666667,0.9801980198019802
ragtime-na,overlap,ettin-reranker-32m-v1,warmup pretrain full warmup=-,1023,59,13,0.7857142857142857,0.8461538461538461,0.8148148148148148,0.9152542372881356
ragtime-na,overlap,ettin-reranker-32m-v1,warmup pretrain full warmup=-,1035,53,10,1.0,0.9,0.9473684210526315,0.9811320754716981
ragtime-na,overlap,ettin-reranker-32m-v1,warmup pretrain full warmup=-,1019,383,241,0.9132231404958677,0.91701244813278,0.9151138716356108,0.8929503916449086
ragtime-na,overlap,ettin-reranker-32m-v1,warmup pretrain full warmup=-,1075,202,78,0.9726027397260274,0.9102564102564102,0.9403973509933775,0.9554455445544554
ragtime-na,overlap,ettin-reranker-32m-v1,warmup pretrain full warmup=-,1055,155,93,0.9278350515463918,0.967741935483871,0.9473684210526315,0.9354838709677419
ragtime-na,overlap,ettin-reranker-32m-v1,warmup pretrain full warmup=-,1079,148,35,1.0,1.0,1.0,1.0
ragtime-na,overlap,ettin-reranker-32m-v1,warmup pretrain full warmup=-,1001,353,158,0.8666666666666667,0.9050632911392406,0.8854489164086687,0.8951841359773371
ragtime-na,overlap,ettin-reranker-32m-v1,warmup pretrain full warmup=-,1017,164,37,0.9142857142857143,0.8648648648648649,0.8888888888888888,0.9512195121951219
ragtime-na,overlap,ettin-reranker-32m-v1,warmup pretrain full warmup=-,1083,398,261,0.9455252918287937,0.9310344827586207,0.9382239382239382,0.9195979899497487
ragtime-na,overlap,ettin-reranker-32m-v1,warmup pretrain full warmup=-,1037,113,34,0.9393939393939394,0.9117647058823529,0.9253731343283582,0.9557522123893806
ragtime-na,overlap,ettin-reranker-32m-v1,warmup pretrain full warmup=-,1021,242,113,0.9159663865546218,0.9646017699115044,0.9396551724137931,0.9421487603305785
ragtime-na,overlap,ettin-reranker-32m-v1,warmup pretrain full warmup=-,1077,212,86,0.8390804597701149,0.8488372093023255,0.8439306358381503,0.8726415094339622
ragtime-na,overlap,ettin-reranker-32m-v1,warmup pretrain full warmup=-,1041,129,40,0.9428571428571428,0.825,0.88,0.9302325581395349
ragtime-na,overlap,ettin-reranker-32m-v1,warmup pretrain full warmup=-,1031,111,19,0.85,0.8947368421052632,0.8717948717948718,0.954954954954955
ragtime-na,overlap,ettin-reranker-32m-v1,warmup pretrain full warmup=-,1027,167,93,0.8640776699029126,0.956989247311828,0.9081632653061225,0.8922155688622755
ragtime-na,overlap,ettin-reranker-32m-v1,warmup pretrain full warmup=-,1007,437,214,0.9157894736842105,0.8130841121495327,0.8613861386138614,0.8718535469107551
ragtime-na,overlap,ettin-reranker-32m-v1,warmup pretrain full warmup=-,1011,245,104,0.8738738738738738,0.9326923076923077,0.9023255813953488,0.9142857142857143
ragtime-na,overlap,ettin-reranker-32m-v1,warmup pretrain full warmup=-,1085,149,43,0.875,0.9767441860465116,0.9230769230769231,0.9530201342281879
ragtime-na,overlap,ettin-reranker-32m-v1,warmup pretrain full warmup=-,1047,276,137,0.9696969696969697,0.9343065693430657,0.9516728624535316,0.9528985507246377
ragtime-na,overlap,ettin-reranker-32m-v1,warmup pretrain full warmup=-,1067,152,55,0.9622641509433962,0.9272727272727272,0.9444444444444444,0.9605263157894737
ragtime-na,overlap,ettin-reranker-32m-v1,topic head warmup=yes,1001,353,158,0.88125,0.8924050632911392,0.8867924528301887,0.8980169971671388
ragtime-na,overlap,ettin-reranker-32m-v1,topic head warmup=yes,1003,202,60,0.9666666666666667,0.9666666666666667,0.9666666666666667,0.9801980198019802
ragtime-na,overlap,ettin-reranker-32m-v1,topic head warmup=yes,1005,168,40,0.782608695652174,0.9,0.8372093023255814,0.9166666666666666
ragtime-na,overlap,ettin-reranker-32m-v1,topic head warmup=yes,1007,437,214,0.9157894736842105,0.8130841121495327,0.8613861386138614,0.8718535469107551
ragtime-na,overlap,ettin-reranker-32m-v1,topic head warmup=yes,1009,368,202,0.9617224880382775,0.995049504950495,0.9781021897810219,0.9755434782608695
ragtime-na,overlap,ettin-reranker-32m-v1,topic head warmup=yes,1011,245,104,0.8738738738738738,0.9326923076923077,0.9023255813953488,0.9142857142857143
ragtime-na,overlap,ettin-reranker-32m-v1,topic head warmup=yes,1013,441,240,0.9399141630901288,0.9125,0.9260042283298098,0.9206349206349206
ragtime-na,overlap,ettin-reranker-32m-v1,topic head warmup=yes,1015,100,25,0.9259259259259259,1.0,0.9615384615384616,0.98
ragtime-na,overlap,ettin-reranker-32m-v1,topic head warmup=yes,1017,164,37,0.9142857142857143,0.8648648648648649,0.8888888888888888,0.9512195121951219
ragtime-na,overlap,ettin-reranker-32m-v1,topic head warmup=yes,1019,383,241,0.9132231404958677,0.91701244813278,0.9151138716356108,0.8929503916449086
ragtime-na,overlap,ettin-reranker-32m-v1,topic head warmup=yes,1021,242,113,0.9152542372881356,0.9557522123893806,0.935064935064935,0.9380165289256198
ragtime-na,overlap,ettin-reranker-32m-v1,topic head warmup=yes,1023,59,13,0.7857142857142857,0.8461538461538461,0.8148148148148148,0.9152542372881356
ragtime-na,overlap,ettin-reranker-32m-v1,topic head warmup=yes,1025,277,155,0.8881987577639752,0.9225806451612903,0.9050632911392406,0.8916967509025271
ragtime-na,overlap,ettin-reranker-32m-v1,topic head warmup=yes,1027,167,93,0.88,0.946236559139785,0.9119170984455959,0.8982035928143712
ragtime-na,overlap,ettin-reranker-32m-v1,topic head warmup=yes,1029,190,54,0.8548387096774194,0.9814814814814815,0.9137931034482759,0.9473684210526315
ragtime-na,overlap,ettin-reranker-32m-v1,topic head warmup=yes,1031,111,19,0.85,0.8947368421052632,0.8717948717948718,0.954954954954955
ragtime-na,overlap,ettin-reranker-32m-v1,topic head warmup=yes,1033,116,34,0.8709677419354839,0.7941176470588235,0.8307692307692308,0.9051724137931034
ragtime-na,overlap,ettin-reranker-32m-v1,topic head warmup=yes,1035,53,10,1.0,0.9,0.9473684210526315,0.9811320754716981
ragtime-na,overlap,ettin-reranker-32m-v1,topic head warmup=yes,1037,113,34,0.9375,0.8823529411764706,0.9090909090909091,0.9469026548672567
ragtime-na,overlap,ettin-reranker-32m-v1,topic head warmup=yes,1039,182,72,0.9315068493150684,0.9444444444444444,0.9379310344827586,0.9505494505494505
ragtime-na,overlap,ettin-reranker-32m-v1,topic head warmup=yes,1041,129,40,0.9411764705882353,0.8,0.8648648648648649,0.9224806201550387
ragtime-na,overlap,ettin-reranker-32m-v1,topic head warmup=yes,1047,276,137,0.9692307692307692,0.9197080291970803,0.9438202247191011,0.9456521739130435
ragtime-na,overlap,ettin-reranker-32m-v1,topic head warmup=yes,1053,250,132,0.9465648854961832,0.9393939393939394,0.9429657794676806,0.94
ragtime-na,overlap,ettin-reranker-32m-v1,topic head warmup=yes,1055,155,93,0.9278350515463918,0.967741935483871,0.9473684210526315,0.9354838709677419
ragtime-na,overlap,ettin-reranker-32m-v1,topic head warmup=yes,1065,145,37,0.9,0.972972972972973,0.935064935064935,0.9655172413793104
ragtime-na,overlap,ettin-reranker-32m-v1,topic head warmup=yes,1067,152,55,0.9615384615384616,0.9090909090909091,0.9345794392523364,0.9539473684210527
ragtime-na,overlap,ettin-reranker-32m-v1,topic head warmup=yes,1075,202,78,0.9726027397260274,0.9102564102564102,0.9403973509933775,0.9554455445544554
ragtime-na,overlap,ettin-reranker-32m-v1,topic head warmup=yes,1077,212,86,0.8470588235294118,0.8372093023255814,0.8421052631578947,0.8726415094339622
ragtime-na,overlap,ettin-reranker-32m-v1,topic head warmup=yes,1079,148,35,1.0,1.0,1.0,1.0
ragtime-na,overlap,ettin-reranker-32m-v1,topic head warmup=yes,1081,396,234,0.9098360655737705,0.9487179487179487,0.9288702928870293,0.9141414141414141
ragtime-na,overlap,ettin-reranker-32m-v1,topic head warmup=yes,1083,398,261,0.9356060606060606,0.946360153256705,0.940952380952381,0.9221105527638191
ragtime-na,overlap,ettin-reranker-32m-v1,topic head warmup=yes,1085,149,43,0.875,0.9767441860465116,0.9230769230769231,0.9530201342281879
ragtime-na,overlap,ettin-reranker-32m-v1,topic head warmup=yes,1087,322,183,0.9047619047619048,0.9344262295081968,0.9193548387096774,0.906832298136646
ragtime-na,overlap,ettin-reranker-32m-v1,topic backbone warmup=yes,1001,353,158,0.9013157894736842,0.8670886075949367,0.8838709677419355,0.8980169971671388
ragtime-na,overlap,ettin-reranker-32m-v1,topic backbone warmup=yes,1003,202,60,0.9824561403508771,0.9333333333333333,0.9572649572649573,0.9752475247524752
ragtime-na,overlap,ettin-reranker-32m-v1,topic backbone warmup=yes,1005,168,40,0.8409090909090909,0.925,0.8809523809523809,0.9404761904761905
ragtime-na,overlap,ettin-reranker-32m-v1,topic backbone warmup=yes,1007,437,214,0.898989898989899,0.8317757009345794,0.8640776699029126,0.8718535469107551
ragtime-na,overlap,ettin-reranker-32m-v1,topic backbone warmup=yes,1009,368,202,0.943127962085308,0.9851485148514851,0.9636803874092009,0.9592391304347826
ragtime-na,overlap,ettin-reranker-32m-v1,topic backbone warmup=yes,1011,245,104,0.8532110091743119,0.8942307692307693,0.8732394366197183,0.889795918367347
ragtime-na,overlap,ettin-reranker-32m-v1,topic backbone warmup=yes,1013,441,240,0.9495798319327731,0.9416666666666667,0.9456066945606695,0.9410430839002267
ragtime-na,overlap,ettin-reranker-32m-v1,topic backbone warmup=yes,1015,100,25,0.96,0.96,0.96,0.98
ragtime-na,overlap,ettin-reranker-32m-v1,topic backbone warmup=yes,1017,164,37,0.8888888888888888,0.8648648648648649,0.8767123287671232,0.9451219512195121
ragtime-na,overlap,ettin-reranker-32m-v1,topic backbone warmup=yes,1019,383,241,0.9156118143459916,0.9004149377593361,0.9079497907949791,0.8851174934725848
ragtime-na,overlap,ettin-reranker-32m-v1,topic backbone warmup=yes,1021,242,113,0.9642857142857143,0.9557522123893806,0.96,0.9628099173553719
ragtime-na,overlap,ettin-reranker-32m-v1,topic backbone warmup=yes,1023,59,13,0.9090909090909091,0.7692307692307693,0.8333333333333334,0.9322033898305084
ragtime-na,overlap,ettin-reranker-32m-v1,topic backbone warmup=yes,1025,277,155,0.8974358974358975,0.9032258064516129,0.9003215434083601,0.8880866425992779
ragtime-na,overlap,ettin-reranker-32m-v1,topic backbone warmup=yes,1027,167,93,0.8913043478260869,0.8817204301075269,0.8864864864864865,0.874251497005988
ragtime-na,overlap,ettin-reranker-32m-v1,topic backbone warmup=yes,1029,190,54,0.8813559322033898,0.9629629629629629,0.9203539823008849,0.9526315789473684
ragtime-na,overlap,ettin-reranker-32m-v1,topic backbone warmup=yes,1031,111,19,0.8947368421052632,0.8947368421052632,0.8947368421052632,0.963963963963964
ragtime-na,overlap,ettin-reranker-32m-v1,topic backbone warmup=yes,1033,116,34,0.8666666666666667,0.7647058823529411,0.8125,0.896551724137931
ragtime-na,overlap,ettin-reranker-32m-v1,topic backbone warmup=yes,1035,53,10,1.0,0.9,0.9473684210526315,0.9811320754716981
ragtime-na,overlap,ettin-reranker-32m-v1,topic backbone warmup=yes,1037,113,34,0.9696969696969697,0.9411764705882353,0.9552238805970149,0.9734513274336283
ragtime-na,overlap,ettin-reranker-32m-v1,topic backbone warmup=yes,1039,182,72,0.9852941176470589,0.9305555555555556,0.9571428571428572,0.967032967032967
ragtime-na,overlap,ettin-reranker-32m-v1,topic backbone warmup=yes,1041,129,40,0.9444444444444444,0.85,0.8947368421052632,0.937984496124031
ragtime-na,overlap,ettin-reranker-32m-v1,topic backbone warmup=yes,1047,276,137,0.9689922480620154,0.9124087591240876,0.9398496240601504,0.9420289855072463
ragtime-na,overlap,ettin-reranker-32m-v1,topic backbone warmup=yes,1053,250,132,0.9197080291970803,0.9545454545454546,0.9368029739776952,0.932
ragtime-na,overlap,ettin-reranker-32m-v1,topic backbone warmup=yes,1055,155,93,0.946236559139785,0.946236559139785,0.946236559139785,0.9354838709677419
ragtime-na,overlap,ettin-reranker-32m-v1,topic backbone warmup=yes,1065,145,37,0.918918918918919,0.918918918918919,0.918918918918919,0.9586206896551724
ragtime-na,overlap,ettin-reranker-32m-v1,topic backbone warmup=yes,1067,152,55,0.9615384615384616,0.9090909090909091,0.9345794392523364,0.9539473684210527
ragtime-na,overlap,ettin-reranker-32m-v1,topic backbone warmup=yes,1075,202,78,0.9493670886075949,0.9615384615384616,0.9554140127388535,0.9653465346534653
ragtime-na,overlap,ettin-reranker-32m-v1,topic backbone warmup=yes,1077,212,86,0.8470588235294118,0.8372093023255814,0.8421052631578947,0.8726415094339622
ragtime-na,overlap,ettin-reranker-32m-v1,topic backbone warmup=yes,1079,148,35,1.0,1.0,1.0,1.0
ragtime-na,overlap,ettin-reranker-32m-v1,topic backbone warmup=yes,1081,396,234,0.9279661016949152,0.9358974358974359,0.9319148936170213,0.9191919191919192
ragtime-na,overlap,ettin-reranker-32m-v1,topic backbone warmup=yes,1083,398,261,0.9446640316205533,0.9157088122605364,0.9299610894941635,0.9095477386934674
ragtime-na,overlap,ettin-reranker-32m-v1,topic backbone warmup=yes,1085,149,43,0.8936170212765957,0.9767441860465116,0.9333333333333333,0.959731543624161
ragtime-na,overlap,ettin-reranker-32m-v1,topic backbone warmup=yes,1087,322,183,0.9,0.9344262295081968,0.9168900804289544,0.9037267080745341
ragtime-na,overlap,ettin-reranker-68m-v1,warmup pretrain full warmup=-,1025,277,155,0.8588957055214724,0.9032258064516129,0.8805031446540881,0.8628158844765343
ragtime-na,overlap,ettin-reranker-68m-v1,warmup pretrain full warmup=-,1033,116,34,0.8157894736842105,0.9117647058823529,0.8611111111111112,0.9137931034482759
ragtime-na,overlap,ettin-reranker-68m-v1,warmup pretrain full warmup=-,1009,368,202,0.9571428571428572,0.995049504950495,0.9757281553398058,0.9728260869565217
ragtime-na,overlap,ettin-reranker-68m-v1,warmup pretrain full warmup=-,1029,190,54,0.8709677419354839,1.0,0.9310344827586207,0.9578947368421052
ragtime-na,overlap,ettin-reranker-68m-v1,warmup pretrain full warmup=-,1087,322,183,0.90625,0.9508196721311475,0.928,0.9161490683229814
ragtime-na,overlap,ettin-reranker-68m-v1,warmup pretrain full warmup=-,1013,441,240,0.9259259259259259,0.9375,0.9316770186335404,0.9251700680272109
ragtime-na,overlap,ettin-reranker-68m-v1,warmup pretrain full warmup=-,1005,168,40,0.8085106382978723,0.95,0.8735632183908046,0.9345238095238095
ragtime-na,overlap,ettin-reranker-68m-v1,warmup pretrain full warmup=-,1053,250,132,0.8943661971830986,0.9621212121212122,0.927007299270073,0.92
ragtime-na,overlap,ettin-reranker-68m-v1,warmup pretrain full warmup=-,1065,145,37,0.875,0.9459459459459459,0.9090909090909091,0.9517241379310345
ragtime-na,overlap,ettin-reranker-68m-v1,warmup pretrain full warmup=-,1081,396,234,0.927710843373494,0.9871794871794872,0.9565217391304348,0.946969696969697
ragtime-na,overlap,ettin-reranker-68m-v1,warmup pretrain full warmup=-,1039,182,72,0.9459459459459459,0.9722222222222222,0.958904109589041,0.967032967032967
ragtime-na,overlap,ettin-reranker-68m-v1,warmup pretrain full warmup=-,1015,100,25,0.8620689655172413,1.0,0.9259259259259259,0.96
ragtime-na,overlap,ettin-reranker-68m-v1,warmup pretrain full warmup=-,1003,202,60,0.9333333333333333,0.9333333333333333,0.9333333333333333,0.9603960396039604
ragtime-na,overlap,ettin-reranker-68m-v1,warmup pretrain full warmup=-,1023,59,13,0.9166666666666666,0.8461538461538461,0.88,0.9491525423728814
ragtime-na,overlap,ettin-reranker-68m-v1,warmup pretrain full warmup=-,1035,53,10,0.8333333333333334,1.0,0.9090909090909091,0.9622641509433962
ragtime-na,overlap,ettin-reranker-68m-v1,warmup pretrain full warmup=-,1019,383,241,0.9020408163265307,0.91701244813278,0.9094650205761317,0.8851174934725848
ragtime-na,overlap,ettin-reranker-68m-v1,warmup pretrain full warmup=-,1075,202,78,0.9746835443037974,0.9871794871794872,0.9808917197452229,0.9851485148514851
ragtime-na,overlap,ettin-reranker-68m-v1,warmup pretrain full warmup=-,1055,155,93,0.91,0.978494623655914,0.9430051813471503,0.9290322580645162
ragtime-na,overlap,ettin-reranker-68m-v1,warmup pretrain full warmup=-,1079,148,35,1.0,1.0,1.0,1.0
ragtime-na,overlap,ettin-reranker-68m-v1,warmup pretrain full warmup=-,1001,353,158,0.8166666666666667,0.930379746835443,0.8698224852071006,0.8753541076487252
ragtime-na,overlap,ettin-reranker-68m-v1,warmup pretrain full warmup=-,1017,164,37,0.8974358974358975,0.9459459459459459,0.9210526315789473,0.9634146341463414
ragtime-na,overlap,ettin-reranker-68m-v1,warmup pretrain full warmup=-,1083,398,261,0.920863309352518,0.9808429118773946,0.9499072356215214,0.9321608040201005
ragtime-na,overlap,ettin-reranker-68m-v1,warmup pretrain full warmup=-,1037,113,34,0.8611111111111112,0.9117647058823529,0.8857142857142857,0.9292035398230089
ragtime-na,overlap,ettin-reranker-68m-v1,warmup pretrain full warmup=-,1021,242,113,0.9173553719008265,0.9823008849557522,0.9487179487179487,0.9504132231404959
ragtime-na,overlap,ettin-reranker-68m-v1,warmup pretrain full warmup=-,1077,212,86,0.8554216867469879,0.8255813953488372,0.8402366863905325,0.8726415094339622
ragtime-na,overlap,ettin-reranker-68m-v1,warmup pretrain full warmup=-,1041,129,40,0.8571428571428571,0.9,0.8780487804878049,0.9224806201550387
ragtime-na,overlap,ettin-reranker-68m-v1,warmup pretrain full warmup=-,1031,111,19,0.72,0.9473684210526315,0.8181818181818182,0.9279279279279279
ragtime-na,overlap,ettin-reranker-68m-v1,warmup pretrain full warmup=-,1027,167,93,0.8876404494382022,0.8494623655913979,0.8681318681318682,0.8562874251497006
ragtime-na,overlap,ettin-reranker-68m-v1,warmup pretrain full warmup=-,1007,437,214,0.8840579710144928,0.8551401869158879,0.8693586698337292,0.8741418764302059
ragtime-na,overlap,ettin-reranker-68m-v1,warmup pretrain full warmup=-,1011,245,104,0.8761061946902655,0.9519230769230769,0.9124423963133641,0.9224489795918367
ragtime-na,overlap,ettin-reranker-68m-v1,warmup pretrain full warmup=-,1085,149,43,0.875,0.9767441860465116,0.9230769230769231,0.9530201342281879
ragtime-na,overlap,ettin-reranker-68m-v1,warmup pretrain full warmup=-,1047,276,137,0.9416058394160584,0.9416058394160584,0.9416058394160584,0.9420289855072463
ragtime-na,overlap,ettin-reranker-68m-v1,warmup pretrain full warmup=-,1067,152,55,0.9622641509433962,0.9272727272727272,0.9444444444444444,0.9605263157894737
ragtime-na,overlap,ettin-reranker-68m-v1,topic head warmup=yes,1001,353,158,0.8218390804597702,0.9050632911392406,0.8614457831325302,0.8696883852691218
ragtime-na,overlap,ettin-reranker-68m-v1,topic head warmup=yes,1003,202,60,0.9333333333333333,0.9333333333333333,0.9333333333333333,0.9603960396039604
ragtime-na,overlap,ettin-reranker-68m-v1,topic head warmup=yes,1005,168,40,0.8043478260869565,0.925,0.8604651162790697,0.9285714285714286
ragtime-na,overlap,ettin-reranker-68m-v1,topic head warmup=yes,1007,437,214,0.8926829268292683,0.8551401869158879,0.8735083532219571,0.8787185354691075
ragtime-na,overlap,ettin-reranker-68m-v1,topic head warmup=yes,1009,368,202,0.9569377990430622,0.9900990099009901,0.9732360097323601,0.970108695652174
ragtime-na,overlap,ettin-reranker-68m-v1,topic head warmup=yes,1011,245,104,0.8761061946902655,0.9519230769230769,0.9124423963133641,0.9224489795918367
ragtime-na,overlap,ettin-reranker-68m-v1,topic head warmup=yes,1013,441,240,0.9291666666666667,0.9291666666666667,0.9291666666666667,0.9229024943310657
ragtime-na,overlap,ettin-reranker-68m-v1,topic head warmup=yes,1015,100,25,0.8620689655172413,1.0,0.9259259259259259,0.96
ragtime-na,overlap,ettin-reranker-68m-v1,topic head warmup=yes,1017,164,37,0.8974358974358975,0.9459459459459459,0.9210526315789473,0.9634146341463414
ragtime-na,overlap,ettin-reranker-68m-v1,topic head warmup=yes,1019,383,241,0.9128630705394191,0.9128630705394191,0.9128630705394191,0.8903394255874674
ragtime-na,overlap,ettin-reranker-68m-v1,topic head warmup=yes,1021,242,113,0.925,0.9823008849557522,0.9527896995708155,0.9545454545454546
ragtime-na,overlap,ettin-reranker-68m-v1,topic head warmup=yes,1023,59,13,0.9166666666666666,0.8461538461538461,0.88,0.9491525423728814
ragtime-na,overlap,ettin-reranker-68m-v1,topic head warmup=yes,1025,277,155,0.8633540372670807,0.896774193548387,0.879746835443038,0.8628158844765343
ragtime-na,overlap,ettin-reranker-68m-v1,topic head warmup=yes,1027,167,93,0.8913043478260869,0.8817204301075269,0.8864864864864865,0.874251497005988
ragtime-na,overlap,ettin-reranker-68m-v1,topic head warmup=yes,1029,190,54,0.8852459016393442,1.0,0.9391304347826087,0.9631578947368421
ragtime-na,overlap,ettin-reranker-68m-v1,topic head warmup=yes,1031,111,19,0.7727272727272727,0.8947368421052632,0.8292682926829268,0.9369369369369369
ragtime-na,overlap,ettin-reranker-68m-v1,topic head warmup=yes,1033,116,34,0.8055555555555556,0.8529411764705882,0.8285714285714286,0.896551724137931
ragtime-na,overlap,ettin-reranker-68m-v1,topic head warmup=yes,1035,53,10,0.8333333333333334,1.0,0.9090909090909091,0.9622641509433962
ragtime-na,overlap,ettin-reranker-68m-v1,topic head warmup=yes,1037,113,34,0.9117647058823529,0.9117647058823529,0.9117647058823529,0.9469026548672567
ragtime-na,overlap,ettin-reranker-68m-v1,topic head warmup=yes,1039,182,72,0.9452054794520548,0.9583333333333334,0.9517241379310345,0.9615384615384616
ragtime-na,overlap,ettin-reranker-68m-v1,topic head warmup=yes,1041,129,40,0.8947368421052632,0.85,0.8717948717948718,0.9224806201550387
ragtime-na,overlap,ettin-reranker-68m-v1,topic head warmup=yes,1047,276,137,0.9485294117647058,0.9416058394160584,0.945054945054945,0.9456521739130435
ragtime-na,overlap,ettin-reranker-68m-v1,topic head warmup=yes,1053,250,132,0.8936170212765957,0.9545454545454546,0.9230769230769231,0.916
ragtime-na,overlap,ettin-reranker-68m-v1,topic head warmup=yes,1055,155,93,0.9090909090909091,0.967741935483871,0.9375,0.9225806451612903
ragtime-na,overlap,ettin-reranker-68m-v1,topic head warmup=yes,1065,145,37,0.875,0.9459459459459459,0.9090909090909091,0.9517241379310345
ragtime-na,overlap,ettin-reranker-68m-v1,topic head warmup=yes,1067,152,55,0.9615384615384616,0.9090909090909091,0.9345794392523364,0.9539473684210527
ragtime-na,overlap,ettin-reranker-68m-v1,topic head warmup=yes,1075,202,78,0.987012987012987,0.9743589743589743,0.9806451612903225,0.9851485148514851
ragtime-na,overlap,ettin-reranker-68m-v1,topic head warmup=yes,1077,212,86,0.8554216867469879,0.8255813953488372,0.8402366863905325,0.8726415094339622
ragtime-na,overlap,ettin-reranker-68m-v1,topic head warmup=yes,1079,148,35,1.0,1.0,1.0,1.0
ragtime-na,overlap,ettin-reranker-68m-v1,topic head warmup=yes,1081,396,234,0.9456066945606695,0.9658119658119658,0.9556025369978859,0.946969696969697
ragtime-na,overlap,ettin-reranker-68m-v1,topic head warmup=yes,1083,398,261,0.9538461538461539,0.9501915708812261,0.9520153550863724,0.9371859296482412
ragtime-na,overlap,ettin-reranker-68m-v1,topic head warmup=yes,1085,149,43,0.875,0.9767441860465116,0.9230769230769231,0.9530201342281879
ragtime-na,overlap,ettin-reranker-68m-v1,topic head warmup=yes,1087,322,183,0.9067357512953368,0.9562841530054644,0.9308510638297872,0.9192546583850931
ragtime-na,overlap,ettin-reranker-68m-v1,topic backbone warmup=yes,1001,353,158,0.8439306358381503,0.9240506329113924,0.8821752265861027,0.8895184135977338
ragtime-na,overlap,ettin-reranker-68m-v1,topic backbone warmup=yes,1003,202,60,0.9830508474576272,0.9666666666666667,0.9747899159663865,0.9851485148514851
ragtime-na,overlap,ettin-reranker-68m-v1,topic backbone warmup=yes,1005,168,40,0.8536585365853658,0.875,0.8641975308641975,0.9345238095238095
ragtime-na,overlap,ettin-reranker-68m-v1,topic backbone warmup=yes,1007,437,214,0.9175257731958762,0.8317757009345794,0.8725490196078431,0.8810068649885584
ragtime-na,overlap,ettin-reranker-68m-v1,topic backbone warmup=yes,1009,368,202,0.9516908212560387,0.9752475247524752,0.9633251833740831,0.9592391304347826
ragtime-na,overlap,ettin-reranker-68m-v1,topic backbone warmup=yes,1011,245,104,0.8839285714285714,0.9519230769230769,0.9166666666666666,0.926530612244898
ragtime-na,overlap,ettin-reranker-68m-v1,topic backbone warmup=yes,1013,441,240,0.9487179487179487,0.925,0.9367088607594937,0.9319727891156463
ragtime-na,overlap,ettin-reranker-68m-v1,topic backbone warmup=yes,1015,100,25,0.9259259259259259,1.0,0.9615384615384616,0.98
ragtime-na,overlap,ettin-reranker-68m-v1,topic backbone warmup=yes,1017,164,37,0.8333333333333334,0.9459459459459459,0.8860759493670886,0.9451219512195121
ragtime-na,overlap,ettin-reranker-68m-v1,topic backbone warmup=yes,1019,383,241,0.9230769230769231,0.8962655601659751,0.9094736842105263,0.8877284595300261
ragtime-na,overlap,ettin-reranker-68m-v1,topic backbone warmup=yes,1021,242,113,0.940677966101695,0.9823008849557522,0.961038961038961,0.9628099173553719
ragtime-na,overlap,ettin-reranker-68m-v1,topic backbone warmup=yes,1023,59,13,0.9166666666666666,0.8461538461538461,0.88,0.9491525423728814
ragtime-na,overlap,ettin-reranker-68m-v1,topic backbone warmup=yes,1025,277,155,0.8947368421052632,0.8774193548387097,0.8859934853420195,0.8736462093862816
ragtime-na,overlap,ettin-reranker-68m-v1,topic backbone warmup=yes,1027,167,93,0.8854166666666666,0.9139784946236559,0.8994708994708994,0.8862275449101796
ragtime-na,overlap,ettin-reranker-68m-v1,topic backbone warmup=yes,1029,190,54,0.9137931034482759,0.9814814814814815,0.9464285714285714,0.968421052631579
ragtime-na,overlap,ettin-reranker-68m-v1,topic backbone warmup=yes,1031,111,19,0.8888888888888888,0.8421052631578947,0.8648648648648649,0.954954954954955
ragtime-na,overlap,ettin-reranker-68m-v1,topic backbone warmup=yes,1033,116,34,0.90625,0.8529411764705882,0.8787878787878788,0.9310344827586207
ragtime-na,overlap,ettin-reranker-68m-v1,topic backbone warmup=yes,1035,53,10,0.9090909090909091,1.0,0.9523809523809523,0.9811320754716981
ragtime-na,overlap,ettin-reranker-68m-v1,topic backbone warmup=yes,1037,113,34,0.8823529411764706,0.8823529411764706,0.8823529411764706,0.9292035398230089
ragtime-na,overlap,ettin-reranker-68m-v1,topic backbone warmup=yes,1039,182,72,0.9714285714285714,0.9444444444444444,0.9577464788732394,0.967032967032967
ragtime-na,overlap,ettin-reranker-68m-v1,topic backbone warmup=yes,1041,129,40,0.9142857142857143,0.8,0.8533333333333334,0.9147286821705426
ragtime-na,overlap,ettin-reranker-68m-v1,topic backbone warmup=yes,1047,276,137,0.9692307692307692,0.9197080291970803,0.9438202247191011,0.9456521739130435
ragtime-na,overlap,ettin-reranker-68m-v1,topic backbone warmup=yes,1053,250,132,0.9312977099236641,0.9242424242424242,0.9277566539923955,0.924
ragtime-na,overlap,ettin-reranker-68m-v1,topic backbone warmup=yes,1055,155,93,0.9354838709677419,0.9354838709677419,0.9354838709677419,0.9225806451612903
ragtime-na,overlap,ettin-reranker-68m-v1,topic backbone warmup=yes,1065,145,37,0.918918918918919,0.918918918918919,0.918918918918919,0.9586206896551724
ragtime-na,overlap,ettin-reranker-68m-v1,topic backbone warmup=yes,1067,152,55,0.9615384615384616,0.9090909090909091,0.9345794392523364,0.9539473684210527
ragtime-na,overlap,ettin-reranker-68m-v1,topic backbone warmup=yes,1075,202,78,0.9868421052631579,0.9615384615384616,0.974025974025974,0.9801980198019802
ragtime-na,overlap,ettin-reranker-68m-v1,topic backbone warmup=yes,1077,212,86,0.8444444444444444,0.8837209302325582,0.8636363636363636,0.8867924528301887
ragtime-na,overlap,ettin-reranker-68m-v1,topic backbone warmup=yes,1079,148,35,1.0,1.0,1.0,1.0
ragtime-na,overlap,ettin-reranker-68m-v1,topic backbone warmup=yes,1081,396,234,0.9176954732510288,0.9529914529914529,0.9350104821802935,0.9217171717171717
ragtime-na,overlap,ettin-reranker-68m-v1,topic backbone warmup=yes,1083,398,261,0.9540229885057471,0.9540229885057471,0.9540229885057471,0.9396984924623115
ragtime-na,overlap,ettin-reranker-68m-v1,topic backbone warmup=yes,1085,149,43,0.8936170212765957,0.9767441860465116,0.9333333333333333,0.959731543624161
ragtime-na,overlap,ettin-reranker-68m-v1,topic backbone warmup=yes,1087,322,183,0.91005291005291,0.9398907103825137,0.9247311827956989,0.9130434782608695
ragtime-na,overlap,ettin-reranker-150m-v1,warmup pretrain full warmup=-,1025,277,155,0.8924050632911392,0.9096774193548387,0.9009584664536742,0.8880866425992779
ragtime-na,overlap,ettin-reranker-150m-v1,warmup pretrain full warmup=-,1033,116,34,0.9259259259259259,0.7352941176470589,0.819672131147541,0.9051724137931034
ragtime-na,overlap,ettin-reranker-150m-v1,warmup pretrain full warmup=-,1009,368,202,0.9563106796116505,0.9752475247524752,0.9656862745098039,0.9619565217391305
ragtime-na,overlap,ettin-reranker-150m-v1,warmup pretrain full warmup=-,1029,190,54,0.9230769230769231,0.8888888888888888,0.9056603773584906,0.9473684210526315
ragtime-na,overlap,ettin-reranker-150m-v1,warmup pretrain full warmup=-,1087,322,183,0.9358288770053476,0.9562841530054644,0.9459459459459459,0.937888198757764
ragtime-na,overlap,ettin-reranker-150m-v1,warmup pretrain full warmup=-,1013,441,240,0.9527896995708155,0.925,0.9386892177589852,0.9342403628117913
ragtime-na,overlap,ettin-reranker-150m-v1,warmup pretrain full warmup=-,1005,168,40,0.8181818181818182,0.9,0.8571428571428571,0.9285714285714286
ragtime-na,overlap,ettin-reranker-150m-v1,warmup pretrain full warmup=-,1053,250,132,0.9212598425196851,0.8863636363636364,0.9034749034749034,0.9
ragtime-na,overlap,ettin-reranker-150m-v1,warmup pretrain full warmup=-,1065,145,37,0.9696969696969697,0.8648648648648649,0.9142857142857143,0.9586206896551724
ragtime-na,overlap,ettin-reranker-150m-v1,warmup pretrain full warmup=-,1081,396,234,0.9116465863453815,0.9700854700854701,0.9399585921325052,0.9267676767676768
ragtime-na,overlap,ettin-reranker-150m-v1,warmup pretrain full warmup=-,1039,182,72,0.9859154929577465,0.9722222222222222,0.9790209790209791,0.9835164835164835
ragtime-na,overlap,ettin-reranker-150m-v1,warmup pretrain full warmup=-,1015,100,25,0.9259259259259259,1.0,0.9615384615384616,0.98
ragtime-na,overlap,ettin-reranker-150m-v1,warmup pretrain full warmup=-,1003,202,60,1.0,0.95,0.9743589743589743,0.9851485148514851
ragtime-na,overlap,ettin-reranker-150m-v1,warmup pretrain full warmup=-,1023,59,13,1.0,0.8461538461538461,0.9166666666666666,0.9661016949152542
ragtime-na,overlap,ettin-reranker-150m-v1,warmup pretrain full warmup=-,1035,53,10,1.0,0.9,0.9473684210526315,0.9811320754716981
ragtime-na,overlap,ettin-reranker-150m-v1,warmup pretrain full warmup=-,1019,383,241,0.9024390243902439,0.921161825726141,0.9117043121149897,0.8877284595300261
ragtime-na,overlap,ettin-reranker-150m-v1,warmup pretrain full warmup=-,1075,202,78,0.9605263157894737,0.9358974358974359,0.948051948051948,0.9603960396039604
ragtime-na,overlap,ettin-reranker-150m-v1,warmup pretrain full warmup=-,1055,155,93,0.945054945054945,0.9247311827956989,0.9347826086956522,0.9225806451612903
ragtime-na,overlap,ettin-reranker-150m-v1,warmup pretrain full warmup=-,1079,148,35,1.0,1.0,1.0,1.0
ragtime-na,overlap,ettin-reranker-150m-v1,warmup pretrain full warmup=-,1001,353,158,0.8881987577639752,0.9050632911392406,0.896551724137931,0.9065155807365439
ragtime-na,overlap,ettin-reranker-150m-v1,warmup pretrain full warmup=-,1017,164,37,0.8780487804878049,0.972972972972973,0.9230769230769231,0.9634146341463414
ragtime-na,overlap,ettin-reranker-150m-v1,warmup pretrain full warmup=-,1083,398,261,0.9565217391304348,0.9272030651340997,0.9416342412451362,0.9246231155778895
ragtime-na,overlap,ettin-reranker-150m-v1,warmup pretrain full warmup=-,1037,113,34,1.0,0.8529411764705882,0.9206349206349206,0.9557522123893806
ragtime-na,overlap,ettin-reranker-150m-v1,warmup pretrain full warmup=-,1021,242,113,0.9186991869918699,1.0,0.9576271186440678,0.9586776859504132
ragtime-na,overlap,ettin-reranker-150m-v1,warmup pretrain full warmup=-,1077,212,86,0.8571428571428571,0.9069767441860465,0.8813559322033898,0.9009433962264151
ragtime-na,overlap,ettin-reranker-150m-v1,warmup pretrain full warmup=-,1041,129,40,0.8918918918918919,0.825,0.8571428571428571,0.9147286821705426
ragtime-na,overlap,ettin-reranker-150m-v1,warmup pretrain full warmup=-,1031,111,19,0.6923076923076923,0.9473684210526315,0.8,0.918918918918919
ragtime-na,overlap,ettin-reranker-150m-v1,warmup pretrain full warmup=-,1027,167,93,0.8631578947368421,0.8817204301075269,0.8723404255319149,0.8562874251497006
ragtime-na,overlap,ettin-reranker-150m-v1,warmup pretrain full warmup=-,1007,437,214,0.9090909090909091,0.8411214953271028,0.8737864077669902,0.8810068649885584
ragtime-na,overlap,ettin-reranker-150m-v1,warmup pretrain full warmup=-,1011,245,104,0.8608695652173913,0.9519230769230769,0.9041095890410958,0.9142857142857143
ragtime-na,overlap,ettin-reranker-150m-v1,warmup pretrain full warmup=-,1085,149,43,0.9318181818181818,0.9534883720930233,0.9425287356321839,0.9664429530201343
ragtime-na,overlap,ettin-reranker-150m-v1,warmup pretrain full warmup=-,1047,276,137,0.9765625,0.9124087591240876,0.9433962264150944,0.9456521739130435
ragtime-na,overlap,ettin-reranker-150m-v1,warmup pretrain full warmup=-,1067,152,55,0.96,0.8727272727272727,0.9142857142857143,0.9407894736842105
ragtime-na,overlap,ettin-reranker-150m-v1,topic head warmup=yes,1001,353,158,0.8780487804878049,0.9113924050632911,0.8944099378881988,0.9036827195467422
ragtime-na,overlap,ettin-reranker-150m-v1,topic head warmup=yes,1003,202,60,1.0,0.95,0.9743589743589743,0.9851485148514851
ragtime-na,overlap,ettin-reranker-150m-v1,topic head warmup=yes,1005,168,40,0.8181818181818182,0.9,0.8571428571428571,0.9285714285714286
ragtime-na,overlap,ettin-reranker-150m-v1,topic head warmup=yes,1007,437,214,0.9014778325123153,0.8551401869158879,0.8776978417266187,0.8832951945080092
ragtime-na,overlap,ettin-reranker-150m-v1,topic head warmup=yes,1009,368,202,0.9563106796116505,0.9752475247524752,0.9656862745098039,0.9619565217391305
ragtime-na,overlap,ettin-reranker-150m-v1,topic head warmup=yes,1011,245,104,0.8839285714285714,0.9519230769230769,0.9166666666666666,0.926530612244898
ragtime-na,overlap,ettin-reranker-150m-v1,topic head warmup=yes,1013,441,240,0.9527896995708155,0.925,0.9386892177589852,0.9342403628117913
ragtime-na,overlap,ettin-reranker-150m-v1,topic head warmup=yes,1015,100,25,0.9259259259259259,1.0,0.9615384615384616,0.98
ragtime-na,overlap,ettin-reranker-150m-v1,topic head warmup=yes,1017,164,37,0.8780487804878049,0.972972972972973,0.9230769230769231,0.9634146341463414
ragtime-na,overlap,ettin-reranker-150m-v1,topic head warmup=yes,1019,383,241,0.9094650205761317,0.91701244813278,0.9132231404958677,0.8903394255874674
ragtime-na,overlap,ettin-reranker-150m-v1,topic head warmup=yes,1021,242,113,0.9186991869918699,1.0,0.9576271186440678,0.9586776859504132
ragtime-na,overlap,ettin-reranker-150m-v1,topic head warmup=yes,1023,59,13,1.0,0.8461538461538461,0.9166666666666666,0.9661016949152542
ragtime-na,overlap,ettin-reranker-150m-v1,topic head warmup=yes,1025,277,155,0.89171974522293,0.9032258064516129,0.8974358974358975,0.8844765342960289
ragtime-na,overlap,ettin-reranker-150m-v1,topic head warmup=yes,1027,167,93,0.8709677419354839,0.8709677419354839,0.8709677419354839,0.8562874251497006
ragtime-na,overlap,ettin-reranker-150m-v1,topic head warmup=yes,1029,190,54,0.9285714285714286,0.9629629629629629,0.9454545454545454,0.968421052631579
ragtime-na,overlap,ettin-reranker-150m-v1,topic head warmup=yes,1031,111,19,0.75,0.9473684210526315,0.8372093023255814,0.9369369369369369
ragtime-na,overlap,ettin-reranker-150m-v1,topic head warmup=yes,1033,116,34,0.8666666666666667,0.7647058823529411,0.8125,0.896551724137931
ragtime-na,overlap,ettin-reranker-150m-v1,topic head warmup=yes,1035,53,10,1.0,0.9,0.9473684210526315,0.9811320754716981
ragtime-na,overlap,ettin-reranker-150m-v1,topic head warmup=yes,1037,113,34,0.9666666666666667,0.8529411764705882,0.90625,0.9469026548672567
ragtime-na,overlap,ettin-reranker-150m-v1,topic head warmup=yes,1039,182,72,0.9859154929577465,0.9722222222222222,0.9790209790209791,0.9835164835164835
ragtime-na,overlap,ettin-reranker-150m-v1,topic head warmup=yes,1041,129,40,0.8918918918918919,0.825,0.8571428571428571,0.9147286821705426
ragtime-na,overlap,ettin-reranker-150m-v1,topic head warmup=yes,1047,276,137,0.9692307692307692,0.9197080291970803,0.9438202247191011,0.9456521739130435
ragtime-na,overlap,ettin-reranker-150m-v1,topic head warmup=yes,1053,250,132,0.9104477611940298,0.9242424242424242,0.9172932330827067,0.912
ragtime-na,overlap,ettin-reranker-150m-v1,topic head warmup=yes,1055,155,93,0.9368421052631579,0.956989247311828,0.9468085106382979,0.9354838709677419
ragtime-na,overlap,ettin-reranker-150m-v1,topic head warmup=yes,1065,145,37,0.9411764705882353,0.8648648648648649,0.9014084507042254,0.9517241379310345
ragtime-na,overlap,ettin-reranker-150m-v1,topic head warmup=yes,1067,152,55,0.96,0.8727272727272727,0.9142857142857143,0.9407894736842105
ragtime-na,overlap,ettin-reranker-150m-v1,topic head warmup=yes,1075,202,78,0.9487179487179487,0.9487179487179487,0.9487179487179487,0.9603960396039604
ragtime-na,overlap,ettin-reranker-150m-v1,topic head warmup=yes,1077,212,86,0.8735632183908046,0.8837209302325582,0.8786127167630058,0.9009433962264151
ragtime-na,overlap,ettin-reranker-150m-v1,topic head warmup=yes,1079,148,35,1.0,1.0,1.0,1.0
ragtime-na,overlap,ettin-reranker-150m-v1,topic head warmup=yes,1081,396,234,0.9139344262295082,0.9529914529914529,0.9330543933054394,0.9191919191919192
ragtime-na,overlap,ettin-reranker-150m-v1,topic head warmup=yes,1083,398,261,0.9457364341085271,0.9348659003831418,0.9402697495183044,0.9221105527638191
ragtime-na,overlap,ettin-reranker-150m-v1,topic head warmup=yes,1085,149,43,0.8913043478260869,0.9534883720930233,0.9213483146067416,0.9530201342281879
ragtime-na,overlap,ettin-reranker-150m-v1,topic head warmup=yes,1087,322,183,0.9308510638297872,0.9562841530054644,0.9433962264150944,0.9347826086956522
ragtime-na,overlap,ettin-reranker-150m-v1,topic backbone warmup=yes,1001,353,158,0.9251700680272109,0.8607594936708861,0.8918032786885246,0.9065155807365439
ragtime-na,overlap,ettin-reranker-150m-v1,topic backbone warmup=yes,1003,202,60,0.9824561403508771,0.9333333333333333,0.9572649572649573,0.9752475247524752
ragtime-na,overlap,ettin-reranker-150m-v1,topic backbone warmup=yes,1005,168,40,0.8780487804878049,0.9,0.8888888888888888,0.9464285714285714
ragtime-na,overlap,ettin-reranker-150m-v1,topic backbone warmup=yes,1007,437,214,0.8873239436619719,0.883177570093458,0.8852459016393442,0.8878718535469108
ragtime-na,overlap,ettin-reranker-150m-v1,topic backbone warmup=yes,1009,368,202,0.9565217391304348,0.9801980198019802,0.9682151589242054,0.9646739130434783
ragtime-na,overlap,ettin-reranker-150m-v1,topic backbone warmup=yes,1011,245,104,0.897196261682243,0.9230769230769231,0.909952606635071,0.9224489795918367
ragtime-na,overlap,ettin-reranker-150m-v1,topic backbone warmup=yes,1013,441,240,0.9414225941422594,0.9375,0.9394572025052192,0.9342403628117913
ragtime-na,overlap,ettin-reranker-150m-v1,topic backbone warmup=yes,1015,100,25,0.8928571428571429,1.0,0.9433962264150944,0.97
ragtime-na,overlap,ettin-reranker-150m-v1,topic backbone warmup=yes,1017,164,37,0.918918918918919,0.918918918918919,0.918918918918919,0.9634146341463414
ragtime-na,overlap,ettin-reranker-150m-v1,topic backbone warmup=yes,1019,383,241,0.9137931034482759,0.8796680497925311,0.8964059196617337,0.8720626631853786
ragtime-na,overlap,ettin-reranker-150m-v1,topic backbone warmup=yes,1021,242,113,0.9316239316239316,0.9646017699115044,0.9478260869565217,0.9504132231404959
ragtime-na,overlap,ettin-reranker-150m-v1,topic backbone warmup=yes,1023,59,13,1.0,0.8461538461538461,0.9166666666666666,0.9661016949152542
ragtime-na,overlap,ettin-reranker-150m-v1,topic backbone warmup=yes,1025,277,155,0.8742138364779874,0.896774193548387,0.8853503184713376,0.8700361010830325
ragtime-na,overlap,ettin-reranker-150m-v1,topic backbone warmup=yes,1027,167,93,0.8709677419354839,0.8709677419354839,0.8709677419354839,0.8562874251497006
ragtime-na,overlap,ettin-reranker-150m-v1,topic backbone warmup=yes,1029,190,54,0.9272727272727272,0.9444444444444444,0.9357798165137615,0.9631578947368421
ragtime-na,overlap,ettin-reranker-150m-v1,topic backbone warmup=yes,1031,111,19,0.9411764705882353,0.8421052631578947,0.8888888888888888,0.963963963963964
ragtime-na,overlap,ettin-reranker-150m-v1,topic backbone warmup=yes,1033,116,34,0.8709677419354839,0.7941176470588235,0.8307692307692308,0.9051724137931034
ragtime-na,overlap,ettin-reranker-150m-v1,topic backbone warmup=yes,1035,53,10,1.0,1.0,1.0,1.0
ragtime-na,overlap,ettin-reranker-150m-v1,topic backbone warmup=yes,1037,113,34,1.0,0.9117647058823529,0.9538461538461539,0.9734513274336283
ragtime-na,overlap,ettin-reranker-150m-v1,topic backbone warmup=yes,1039,182,72,0.9722222222222222,0.9722222222222222,0.9722222222222222,0.978021978021978
ragtime-na,overlap,ettin-reranker-150m-v1,topic backbone warmup=yes,1041,129,40,0.8918918918918919,0.825,0.8571428571428571,0.9147286821705426
ragtime-na,overlap,ettin-reranker-150m-v1,topic backbone warmup=yes,1047,276,137,0.9694656488549618,0.927007299270073,0.9477611940298507,0.9492753623188406
ragtime-na,overlap,ettin-reranker-150m-v1,topic backbone warmup=yes,1053,250,132,0.9142857142857143,0.9696969696969697,0.9411764705882353,0.936
ragtime-na,overlap,ettin-reranker-150m-v1,topic backbone warmup=yes,1055,155,93,0.9468085106382979,0.956989247311828,0.9518716577540107,0.9419354838709677
ragtime-na,overlap,ettin-reranker-150m-v1,topic backbone warmup=yes,1065,145,37,0.9444444444444444,0.918918918918919,0.9315068493150684,0.9655172413793104
ragtime-na,overlap,ettin-reranker-150m-v1,topic backbone warmup=yes,1067,152,55,0.9607843137254902,0.8909090909090909,0.9245283018867925,0.9473684210526315
ragtime-na,overlap,ettin-reranker-150m-v1,topic backbone warmup=yes,1075,202,78,0.9487179487179487,0.9487179487179487,0.9487179487179487,0.9603960396039604
ragtime-na,overlap,ettin-reranker-150m-v1,topic backbone warmup=yes,1077,212,86,0.8947368421052632,0.7906976744186046,0.8395061728395061,0.8773584905660378
ragtime-na,overlap,ettin-reranker-150m-v1,topic backbone warmup=yes,1079,148,35,0.9722222222222222,1.0,0.9859154929577465,0.9932432432432432
ragtime-na,overlap,ettin-reranker-150m-v1,topic backbone warmup=yes,1081,396,234,0.9482758620689655,0.9401709401709402,0.944206008583691,0.9343434343434344
ragtime-na,overlap,ettin-reranker-150m-v1,topic backbone warmup=yes,1083,398,261,0.9501915708812261,0.9501915708812261,0.9501915708812261,0.9346733668341709
ragtime-na,overlap,ettin-reranker-150m-v1,topic backbone warmup=yes,1085,149,43,0.875,0.9767441860465116,0.9230769230769231,0.9530201342281879
ragtime-na,overlap,ettin-reranker-150m-v1,topic backbone warmup=yes,1087,322,183,0.9210526315789473,0.9562841530054644,0.938337801608579,0.9285714285714286
ragtime-na,overlap,autoargue-Llama-3.3-70B-Instruct,llm zero-shot warmup=-,1025,277,155,0.8461538461538461,0.4258064516129032,0.5665236051502146,0.6353790613718412
ragtime-na,overlap,autoargue-Llama-3.3-70B-Instruct,llm zero-shot warmup=-,1033,116,34,1.0,0.38235294117647056,0.5531914893617021,0.8189655172413793
ragtime-na,overlap,autoargue-Llama-3.3-70B-Instruct,llm zero-shot warmup=-,1009,368,202,0.9050279329608939,0.801980198019802,0.8503937007874016,0.845108695652174
ragtime-na,overlap,autoargue-Llama-3.3-70B-Instruct,llm zero-shot warmup=-,1029,190,54,0.9655172413793104,0.5185185185185185,0.6746987951807228,0.8578947368421053
ragtime-na,overlap,autoargue-Llama-3.3-70B-Instruct,llm zero-shot warmup=-,1087,322,183,0.9107142857142857,0.8360655737704918,0.8717948717948718,0.860248447204969
ragtime-na,overlap,autoargue-Llama-3.3-70B-Instruct,llm zero-shot warmup=-,1013,441,240,0.8268156424581006,0.6166666666666667,0.7064439140811456,0.7210884353741497
ragtime-na,overlap,autoargue-Llama-3.3-70B-Instruct,llm zero-shot warmup=-,1005,168,40,0.7241379310344828,0.525,0.6086956521739131,0.8392857142857143
ragtime-na,overlap,autoargue-Llama-3.3-70B-Instruct,llm zero-shot warmup=-,1053,250,132,0.9204545454545454,0.6136363636363636,0.7363636363636363,0.768
ragtime-na,overlap,autoargue-Llama-3.3-70B-Instruct,llm zero-shot warmup=-,1065,145,37,0.8846153846153846,0.6216216216216216,0.7301587301587301,0.8827586206896552
ragtime-na,overlap,autoargue-Llama-3.3-70B-Instruct,llm zero-shot warmup=-,1081,396,234,0.8816568047337278,0.6367521367521367,0.739454094292804,0.7348484848484849
ragtime-na,overlap,autoargue-Llama-3.3-70B-Instruct,llm zero-shot warmup=-,1039,182,72,0.9365079365079365,0.8194444444444444,0.8740740740740741,0.9065934065934066
ragtime-na,overlap,autoargue-Llama-3.3-70B-Instruct,llm zero-shot warmup=-,1015,100,25,1.0,0.64,0.7804878048780488,0.91
ragtime-na,overlap,autoargue-Llama-3.3-70B-Instruct,llm zero-shot warmup=-,1003,202,60,0.7857142857142857,0.7333333333333333,0.7586206896551724,0.8613861386138614
ragtime-na,overlap,autoargue-Llama-3.3-70B-Instruct,llm zero-shot warmup=-,1023,59,13,0.7272727272727273,0.6153846153846154,0.6666666666666666,0.864406779661017
ragtime-na,overlap,autoargue-Llama-3.3-70B-Instruct,llm zero-shot warmup=-,1035,53,10,1.0,0.7,0.8235294117647058,0.9433962264150944
ragtime-na,overlap,autoargue-Llama-3.3-70B-Instruct,llm zero-shot warmup=-,1019,383,241,0.6974358974358974,0.5643153526970954,0.6238532110091743,0.5718015665796344
ragtime-na,overlap,autoargue-Llama-3.3-70B-Instruct,llm zero-shot warmup=-,1075,202,78,0.8536585365853658,0.44871794871794873,0.5882352941176471,0.7574257425742574
ragtime-na,overlap,autoargue-Llama-3.3-70B-Instruct,llm zero-shot warmup=-,1055,155,93,0.8947368421052632,0.1827956989247312,0.30357142857142855,0.4967741935483871
ragtime-na,overlap,autoargue-Llama-3.3-70B-Instruct,llm zero-shot warmup=-,1079,148,35,0.8666666666666667,0.37142857142857144,0.52,0.8378378378378378
ragtime-na,overlap,autoargue-Llama-3.3-70B-Instruct,llm zero-shot warmup=-,1001,353,158,0.9107142857142857,0.6455696202531646,0.7555555555555555,0.8130311614730878
ragtime-na,overlap,autoargue-Llama-3.3-70B-Instruct,llm zero-shot warmup=-,1017,164,37,0.8461538461538461,0.8918918918918919,0.868421052631579,0.9390243902439024
ragtime-na,overlap,autoargue-Llama-3.3-70B-Instruct,llm zero-shot warmup=-,1083,398,261,0.8801652892561983,0.8160919540229885,0.8469184890656064,0.8065326633165829
ragtime-na,overlap,autoargue-Llama-3.3-70B-Instruct,llm zero-shot warmup=-,1037,113,34,0.9285714285714286,0.7647058823529411,0.8387096774193549,0.911504424778761
ragtime-na,overlap,autoargue-Llama-3.3-70B-Instruct,llm zero-shot warmup=-,1021,242,113,0.6875,0.9734513274336283,0.8058608058608059,0.78099173553719
ragtime-na,overlap,autoargue-Llama-3.3-70B-Instruct,llm zero-shot warmup=-,1077,212,86,0.8478260869565217,0.45348837209302323,0.5909090909090909,0.7452830188679245
ragtime-na,overlap,autoargue-Llama-3.3-70B-Instruct,llm zero-shot warmup=-,1041,129,40,0.7333333333333333,0.55,0.6285714285714286,0.7984496124031008
ragtime-na,overlap,autoargue-Llama-3.3-70B-Instruct,llm zero-shot warmup=-,1031,111,19,0.7222222222222222,0.6842105263157895,0.7027027027027027,0.9009009009009009
ragtime-na,overlap,autoargue-Llama-3.3-70B-Instruct,llm zero-shot warmup=-,1027,167,93,0.8505747126436781,0.7956989247311828,0.8222222222222222,0.8083832335329342
ragtime-na,overlap,autoargue-Llama-3.3-70B-Instruct,llm zero-shot warmup=-,1007,437,214,0.944,0.5514018691588785,0.696165191740413,0.7643020594965675
ragtime-na,overlap,autoargue-Llama-3.3-70B-Instruct,llm zero-shot warmup=-,1011,245,104,0.752,0.9038461538461539,0.8209606986899564,0.8326530612244898
ragtime-na,overlap,autoargue-Llama-3.3-70B-Instruct,llm zero-shot warmup=-,1085,149,43,0.868421052631579,0.7674418604651163,0.8148148148148148,0.8993288590604027
ragtime-na,overlap,autoargue-Llama-3.3-70B-Instruct,llm zero-shot warmup=-,1047,276,137,0.8505747126436781,0.5401459854014599,0.6607142857142857,0.7246376811594203
ragtime-na,overlap,autoargue-Llama-3.3-70B-Instruct,llm zero-shot warmup=-,1067,152,55,0.8571428571428571,0.8727272727272727,0.8648648648648649,0.9013157894736842
ragtime-na,overlap,rouge,rouge1 ref=nugget,1025,277,155,0.5630252100840336,0.864516129032258,0.6819338422391857,0.5487364620938628
ragtime-na,overlap,rouge,rouge1 ref=nugget,1033,116,34,0.29577464788732394,0.6176470588235294,0.4,0.45689655172413796
ragtime-na,overlap,rouge,rouge1 ref=nugget,1009,368,202,0.5517241379310345,0.8712871287128713,0.6756238003838771,0.5407608695652174
ragtime-na,overlap,rouge,rouge1 ref=nugget,1029,190,54,0.3103448275862069,0.6666666666666666,0.4235294117647059,0.4842105263157895
ragtime-na,overlap,rouge,rouge1 ref=nugget,1087,322,183,0.5813953488372093,0.9562841530054644,0.7231404958677686,0.5838509316770186
ragtime-na,overlap,rouge,rouge1 ref=nugget,1013,441,240,0.5682382133995038,0.9541666666666667,0.7122861586314152,0.5804988662131519
ragtime-na,overlap,rouge,rouge1 ref=nugget,1005,168,40,0.2689075630252101,0.8,0.4025157232704403,0.43452380952380953
ragtime-na,overlap,rouge,rouge1 ref=nugget,1053,250,132,0.5365853658536586,0.6666666666666666,0.5945945945945946,0.52
ragtime-na,overlap,rouge,rouge1 ref=nugget,1065,145,37,0.3614457831325301,0.8108108108108109,0.5,0.5862068965517241
ragtime-na,overlap,rouge,rouge1 ref=nugget,1081,396,234,0.5949008498583569,0.8974358974358975,0.7155025553662692,0.5782828282828283
ragtime-na,overlap,rouge,rouge1 ref=nugget,1039,182,72,0.4647887323943662,0.9166666666666666,0.616822429906542,0.5494505494505495
ragtime-na,overlap,rouge,rouge1 ref=nugget,1015,100,25,0.27472527472527475,1.0,0.43103448275862066,0.34
ragtime-na,overlap,rouge,rouge1 ref=nugget,1003,202,60,0.35384615384615387,0.7666666666666667,0.4842105263157895,0.5148514851485149
ragtime-na,overlap,rouge,rouge1 ref=nugget,1023,59,13,0.3611111111111111,1.0,0.5306122448979592,0.6101694915254238
ragtime-na,overlap,rouge,rouge1 ref=nugget,1035,53,10,0.29411764705882354,1.0,0.45454545454545453,0.5471698113207547
ragtime-na,overlap,rouge,rouge1 ref=nugget,1019,383,241,0.6430594900849859,0.941908713692946,0.7643097643097643,0.6344647519582245
ragtime-na,overlap,rouge,rouge1 ref=nugget,1075,202,78,0.4068965517241379,0.7564102564102564,0.5291479820627802,0.4801980198019802
ragtime-na,overlap,rouge,rouge1 ref=nugget,1055,155,93,0.6610169491525424,0.8387096774193549,0.7393364928909952,0.6451612903225806
ragtime-na,overlap,rouge,rouge1 ref=nugget,1079,148,35,0.3191489361702128,0.8571428571428571,0.46511627906976744,0.5337837837837838
ragtime-na,overlap,rouge,rouge1 ref=nugget,1001,353,158,0.5035211267605634,0.9050632911392406,0.6470588235294118,0.5580736543909348
ragtime-na,overlap,rouge,rouge1 ref=nugget,1017,164,37,0.2605042016806723,0.8378378378378378,0.3974358974358974,0.4268292682926829
ragtime-na,overlap,rouge,rouge1 ref=nugget,1083,398,261,0.6770538243626062,0.9157088122605364,0.7785016286644951,0.6582914572864321
ragtime-na,overlap,rouge,rouge1 ref=nugget,1037,113,34,0.3488372093023256,0.8823529411764706,0.5,0.4690265486725664
ragtime-na,overlap,rouge,rouge1 ref=nugget,1021,242,113,0.48034934497816595,0.9734513274336283,0.6432748538011696,0.49586776859504134
ragtime-na,overlap,rouge,rouge1 ref=nugget,1077,212,86,0.45806451612903226,0.8255813953488372,0.5892116182572614,0.5330188679245284
ragtime-na,overlap,rouge,rouge1 ref=nugget,1041,129,40,0.3875,0.775,0.5166666666666667,0.5503875968992248
ragtime-na,overlap,rouge,rouge1 ref=nugget,1031,111,19,0.1919191919191919,1.0,0.3220338983050847,0.27927927927927926
ragtime-na,overlap,rouge,rouge1 ref=nugget,1027,167,93,0.5945945945945946,0.946236559139785,0.7302904564315352,0.6107784431137725
ragtime-na,overlap,rouge,rouge1 ref=nugget,1007,437,214,0.5195822454308094,0.9299065420560748,0.6666666666666666,0.5446224256292906
ragtime-na,overlap,rouge,rouge1 ref=nugget,1011,245,104,0.4634146341463415,0.9134615384615384,0.6148867313915858,0.5142857142857142
ragtime-na,overlap,rouge,rouge1 ref=nugget,1085,149,43,0.3253968253968254,0.9534883720930233,0.48520710059171596,0.4161073825503356
ragtime-na,overlap,rouge,rouge1 ref=nugget,1047,276,137,0.5342465753424658,0.8540145985401459,0.6573033707865169,0.5579710144927537
ragtime-na,overlap,rouge,rouge1 ref=nugget,1067,152,55,0.40594059405940597,0.7454545454545455,0.5256410256410257,0.5131578947368421
ragtime-na,overlap,rouge,rougeL ref=nugget,1025,277,155,0.5537190082644629,0.864516129032258,0.6750629722921915,0.5342960288808665
ragtime-na,overlap,rouge,rougeL ref=nugget,1033,116,34,0.28,0.6176470588235294,0.3853211009174312,0.4224137931034483
ragtime-na,overlap,rouge,rougeL ref=nugget,1009,368,202,0.5498489425981873,0.900990099009901,0.6829268292682927,0.5407608695652174
ragtime-na,overlap,rouge,rougeL ref=nugget,1029,190,54,0.28,0.6481481481481481,0.39106145251396646,0.4263157894736842
ragtime-na,overlap,rouge,rougeL ref=nugget,1087,322,183,0.577922077922078,0.9726775956284153,0.725050916496945,0.5807453416149069
ragtime-na,overlap,rouge,rougeL ref=nugget,1013,441,240,0.5700245700245701,0.9666666666666667,0.7171561051004637,0.5850340136054422
ragtime-na,overlap,rouge,rougeL ref=nugget,1005,168,40,0.272,0.85,0.4121212121212121,0.4226190476190476
ragtime-na,overlap,rouge,rougeL ref=nugget,1053,250,132,0.5294117647058824,0.75,0.6206896551724138,0.516
ragtime-na,overlap,rouge,rougeL ref=nugget,1065,145,37,0.3488372093023256,0.8108108108108109,0.4878048780487805,0.5655172413793104
ragtime-na,overlap,rouge,rougeL ref=nugget,1081,396,234,0.5967302452316077,0.9358974358974359,0.7287853577371048,0.5883838383838383
ragtime-na,overlap,rouge,rougeL ref=nugget,1039,182,72,0.45394736842105265,0.9583333333333334,0.6160714285714286,0.5274725274725275
ragtime-na,overlap,rouge,rougeL ref=nugget,1015,100,25,0.2808988764044944,1.0,0.43859649122807015,0.36
ragtime-na,overlap,rouge,rougeL ref=nugget,1003,202,60,0.38235294117647056,0.8666666666666667,0.5306122448979592,0.5445544554455446
ragtime-na,overlap,rouge,rougeL ref=nugget,1023,59,13,0.2972972972972973,0.8461538461538461,0.44,0.5254237288135594
ragtime-na,overlap,rouge,rougeL ref=nugget,1035,53,10,0.2727272727272727,0.9,0.4186046511627907,0.5283018867924528
ragtime-na,overlap,rouge,rougeL ref=nugget,1019,383,241,0.6480446927374302,0.9626556016597511,0.7746243739565943,0.6475195822454308
ragtime-na,overlap,rouge,rougeL ref=nugget,1075,202,78,0.4041095890410959,0.7564102564102564,0.5267857142857143,0.4752475247524752
ragtime-na,overlap,rouge,rougeL ref=nugget,1055,155,93,0.6311475409836066,0.8279569892473119,0.7162790697674418,0.6064516129032258
ragtime-na,overlap,rouge,rougeL ref=nugget,1079,148,35,0.29310344827586204,0.9714285714285714,0.4503311258278146,0.4391891891891892
ragtime-na,overlap,rouge,rougeL ref=nugget,1001,353,158,0.5016835016835017,0.9430379746835443,0.654945054945055,0.5552407932011332
ragtime-na,overlap,rouge,rougeL ref=nugget,1017,164,37,0.25,0.8648648648648649,0.3878787878787879,0.38414634146341464
ragtime-na,overlap,rouge,rougeL ref=nugget,1083,398,261,0.6769662921348315,0.9233716475095786,0.7811993517017828,0.6608040201005025
ragtime-na,overlap,rouge,rougeL ref=nugget,1037,113,34,0.3191489361702128,0.8823529411764706,0.46875,0.39823008849557523
ragtime-na,overlap,rouge,rougeL ref=nugget,1021,242,113,0.4845814977973568,0.9734513274336283,0.6470588235294118,0.5041322314049587
ragtime-na,overlap,rouge,rougeL ref=nugget,1077,212,86,0.47058823529411764,0.8372093023255814,0.602510460251046,0.5518867924528302
ragtime-na,overlap,rouge,rougeL ref=nugget,1041,129,40,0.3972602739726027,0.725,0.5132743362831859,0.5736434108527132
ragtime-na,overlap,rouge,rougeL ref=nugget,1031,111,19,0.19,1.0,0.31932773109243695,0.2702702702702703
ragtime-na,overlap,rouge,rougeL ref=nugget,1027,167,93,0.5886524822695035,0.8924731182795699,0.7094017094017094,0.592814371257485
ragtime-na,overlap,rouge,rougeL ref=nugget,1007,437,214,0.5051282051282051,0.9205607476635514,0.652317880794702,0.5194508009153318
ragtime-na,overlap,rouge,rougeL ref=nugget,1011,245,104,0.4507042253521127,0.9230769230769231,0.6056782334384858,0.4897959183673469
ragtime-na,overlap,rouge,rougeL ref=nugget,1085,149,43,0.3333333333333333,1.0,0.5,0.4228187919463087
ragtime-na,overlap,rouge,rougeL ref=nugget,1047,276,137,0.5508474576271186,0.948905109489051,0.6970509383378016,0.5905797101449275
ragtime-na,overlap,rouge,rougeL ref=nugget,1067,152,55,0.41509433962264153,0.8,0.546583850931677,0.5197368421052632
ragtime-na,overlap,rouge,rouge1 ref=answers,1025,277,155,0.6457142857142857,0.7290322580645161,0.6848484848484848,0.6245487364620939
ragtime-na,overlap,rouge,rouge1 ref=answers,1033,116,34,0.38095238095238093,0.7058823529411765,0.4948453608247423,0.5775862068965517
ragtime-na,overlap,rouge,rouge1 ref=answers,1009,368,202,0.7342342342342343,0.806930693069307,0.7688679245283019,0.7336956521739131
ragtime-na,overlap,rouge,rouge1 ref=answers,1029,190,54,0.4268292682926829,0.6481481481481481,0.5147058823529411,0.6526315789473685
ragtime-na,overlap,rouge,rouge1 ref=answers,1087,322,183,0.7241379310344828,0.8032786885245902,0.7616580310880829,0.7142857142857143
ragtime-na,overlap,rouge,rouge1 ref=answers,1013,441,240,0.6366782006920415,0.7666666666666667,0.6956521739130435,0.6349206349206349
ragtime-na,overlap,rouge,rouge1 ref=answers,1005,168,40,0.38235294117647056,0.65,0.48148148148148145,0.6666666666666666
ragtime-na,overlap,rouge,rouge1 ref=answers,1053,250,132,0.7058823529411765,0.5454545454545454,0.6153846153846154,0.64
ragtime-na,overlap,rouge,rouge1 ref=answers,1065,145,37,0.6,0.6486486486486487,0.6233766233766234,0.8
ragtime-na,overlap,rouge,rouge1 ref=answers,1081,396,234,0.7389705882352942,0.8589743589743589,0.7944664031620553,0.7373737373737373
ragtime-na,overlap,rouge,rouge1 ref=answers,1039,182,72,0.5076923076923077,0.9166666666666666,0.6534653465346535,0.6153846153846154
ragtime-na,overlap,rouge,rouge1 ref=answers,1015,100,25,0.4107142857142857,0.92,0.5679012345679012,0.65
ragtime-na,overlap,rouge,rouge1 ref=answers,1003,202,60,0.5578947368421052,0.8833333333333333,0.6838709677419355,0.7574257425742574
ragtime-na,overlap,rouge,rouge1 ref=answers,1023,59,13,0.26,1.0,0.4126984126984127,0.3728813559322034
ragtime-na,overlap,rouge,rouge1 ref=answers,1035,53,10,0.3333333333333333,0.5,0.4,0.7169811320754716
ragtime-na,overlap,rouge,rouge1 ref=answers,1019,383,241,0.6465256797583081,0.8879668049792531,0.7482517482517482,0.6240208877284595
ragtime-na,overlap,rouge,rouge1 ref=answers,1075,202,78,0.5274725274725275,0.6153846153846154,0.5680473372781065,0.6386138613861386
ragtime-na,overlap,rouge,rouge1 ref=answers,1055,155,93,0.6451612903225806,0.21505376344086022,0.3225806451612903,0.45806451612903226
ragtime-na,overlap,rouge,rouge1 ref=answers,1079,148,35,0.36363636363636365,0.9142857142857143,0.5203252032520326,0.6013513513513513
ragtime-na,overlap,rouge,rouge1 ref=answers,1001,353,158,0.5525114155251142,0.7658227848101266,0.6419098143236074,0.6175637393767706
ragtime-na,overlap,rouge,rouge1 ref=answers,1017,164,37,0.4,0.8108108108108109,0.5357142857142857,0.6829268292682927
ragtime-na,overlap,rouge,rouge1 ref=answers,1083,398,261,0.8577981651376146,0.7164750957854407,0.7807933194154488,0.7361809045226131
ragtime-na,overlap,rouge,rouge1 ref=answers,1037,113,34,0.3717948717948718,0.8529411764705882,0.5178571428571429,0.5221238938053098
ragtime-na,overlap,rouge,rouge1 ref=answers,1021,242,113,0.484375,0.8230088495575221,0.6098360655737705,0.5082644628099173
ragtime-na,overlap,rouge,rouge1 ref=answers,1077,212,86,0.608,0.8837209302325582,0.7203791469194313,0.7216981132075472
ragtime-na,overlap,rouge,rouge1 ref=answers,1041,129,40,0.379746835443038,0.75,0.5042016806722689,0.5426356589147286
ragtime-na,overlap,rouge,rouge1 ref=answers,1031,111,19,0.42105263157894735,0.8421052631578947,0.5614035087719298,0.7747747747747747
ragtime-na,overlap,rouge,rouge1 ref=answers,1027,167,93,0.6491228070175439,0.7956989247311828,0.714975845410628,0.6467065868263473
ragtime-na,overlap,rouge,rouge1 ref=answers,1007,437,214,0.5646067415730337,0.9392523364485982,0.7052631578947368,0.6155606407322655
ragtime-na,overlap,rouge,rouge1 ref=answers,1011,245,104,0.4541284403669725,0.9519230769230769,0.6149068322981367,0.49387755102040815
ragtime-na,overlap,rouge,rouge1 ref=answers,1085,149,43,0.5692307692307692,0.8604651162790697,0.6851851851851852,0.7718120805369127
ragtime-na,overlap,rouge,rouge1 ref=answers,1047,276,137,0.6127167630057804,0.7737226277372263,0.6838709677419355,0.644927536231884
ragtime-na,overlap,rouge,rouge1 ref=answers,1067,152,55,0.5274725274725275,0.8727272727272727,0.6575342465753424,0.6710526315789473
ragtime-na,overlap,rouge,rougeL ref=answers,1025,277,155,0.6457142857142857,0.7290322580645161,0.6848484848484848,0.6245487364620939
ragtime-na,overlap,rouge,rougeL ref=answers,1033,116,34,0.38095238095238093,0.7058823529411765,0.4948453608247423,0.5775862068965517
ragtime-na,overlap,rouge,rougeL ref=answers,1009,368,202,0.7342342342342343,0.806930693069307,0.7688679245283019,0.7336956521739131
ragtime-na,overlap,rouge,rougeL ref=answers,1029,190,54,0.4268292682926829,0.6481481481481481,0.5147058823529411,0.6526315789473685
ragtime-na,overlap,rouge,rougeL ref=answers,1087,322,183,0.7241379310344828,0.8032786885245902,0.7616580310880829,0.7142857142857143
ragtime-na,overlap,rouge,rougeL ref=answers,1013,441,240,0.6366782006920415,0.7666666666666667,0.6956521739130435,0.6349206349206349
ragtime-na,overlap,rouge,rougeL ref=answers,1005,168,40,0.38235294117647056,0.65,0.48148148148148145,0.6666666666666666
ragtime-na,overlap,rouge,rougeL ref=answers,1053,250,132,0.7058823529411765,0.5454545454545454,0.6153846153846154,0.64
ragtime-na,overlap,rouge,rougeL ref=answers,1065,145,37,0.6,0.6486486486486487,0.6233766233766234,0.8
ragtime-na,overlap,rouge,rougeL ref=answers,1081,396,234,0.7389705882352942,0.8589743589743589,0.7944664031620553,0.7373737373737373
ragtime-na,overlap,rouge,rougeL ref=answers,1039,182,72,0.5076923076923077,0.9166666666666666,0.6534653465346535,0.6153846153846154
ragtime-na,overlap,rouge,rougeL ref=answers,1015,100,25,0.4107142857142857,0.92,0.5679012345679012,0.65
ragtime-na,overlap,rouge,rougeL ref=answers,1003,202,60,0.5578947368421052,0.8833333333333333,0.6838709677419355,0.7574257425742574
ragtime-na,overlap,rouge,rougeL ref=answers,1023,59,13,0.2708333333333333,1.0,0.4262295081967213,0.4067796610169492
ragtime-na,overlap,rouge,rougeL ref=answers,1035,53,10,0.3333333333333333,0.5,0.4,0.7169811320754716
ragtime-na,overlap,rouge,rougeL ref=answers,1019,383,241,0.6465256797583081,0.8879668049792531,0.7482517482517482,0.6240208877284595
ragtime-na,overlap,rouge,rougeL ref=answers,1075,202,78,0.5274725274725275,0.6153846153846154,0.5680473372781065,0.6386138613861386
ragtime-na,overlap,rouge,rougeL ref=answers,1055,155,93,0.6451612903225806,0.21505376344086022,0.3225806451612903,0.45806451612903226
ragtime-na,overlap,rouge,rougeL ref=answers,1079,148,35,0.36363636363636365,0.9142857142857143,0.5203252032520326,0.6013513513513513
ragtime-na,overlap,rouge,rougeL ref=answers,1001,353,158,0.5525114155251142,0.7658227848101266,0.6419098143236074,0.6175637393767706
ragtime-na,overlap,rouge,rougeL ref=answers,1017,164,37,0.4,0.8108108108108109,0.5357142857142857,0.6829268292682927
ragtime-na,overlap,rouge,rougeL ref=answers,1083,398,261,0.8577981651376146,0.7164750957854407,0.7807933194154488,0.7361809045226131
ragtime-na,overlap,rouge,rougeL ref=answers,1037,113,34,0.3717948717948718,0.8529411764705882,0.5178571428571429,0.5221238938053098
ragtime-na,overlap,rouge,rougeL ref=answers,1021,242,113,0.484375,0.8230088495575221,0.6098360655737705,0.5082644628099173
ragtime-na,overlap,rouge,rougeL ref=answers,1077,212,86,0.608,0.8837209302325582,0.7203791469194313,0.7216981132075472
ragtime-na,overlap,rouge,rougeL ref=answers,1041,129,40,0.379746835443038,0.75,0.5042016806722689,0.5426356589147286
ragtime-na,overlap,rouge,rougeL ref=answers,1031,111,19,0.42105263157894735,0.8421052631578947,0.5614035087719298,0.7747747747747747
ragtime-na,overlap,rouge,rougeL ref=answers,1027,167,93,0.6491228070175439,0.7956989247311828,0.714975845410628,0.6467065868263473
ragtime-na,overlap,rouge,rougeL ref=answers,1007,437,214,0.5646067415730337,0.9392523364485982,0.7052631578947368,0.6155606407322655
ragtime-na,overlap,rouge,rougeL ref=answers,1011,245,104,0.4541284403669725,0.9519230769230769,0.6149068322981367,0.49387755102040815
ragtime-na,overlap,rouge,rougeL ref=answers,1085,149,43,0.5692307692307692,0.8604651162790697,0.6851851851851852,0.7718120805369127
ragtime-na,overlap,rouge,rougeL ref=answers,1047,276,137,0.6127167630057804,0.7737226277372263,0.6838709677419355,0.644927536231884
ragtime-na,overlap,rouge,rougeL ref=answers,1067,152,55,0.5274725274725275,0.8727272727272727,0.6575342465753424,0.6710526315789473
