dataset,half,kind,source_qid,target_qid,n,n_pos,f1,target_fold,own
ragtime-na,0,adapter,1001,1001,395,179,0.8522727272727273,0,True
ragtime-na,0,adapter,1001,1003,236,75,0.7910447761194029,1,False
ragtime-na,0,adapter,1001,1005,189,51,0.9074074074074074,0,False
ragtime-na,0,adapter,1001,1007,493,246,0.8631578947368421,0,False
ragtime-na,0,adapter,1001,1009,455,258,0.9625468164794008,0,False
ragtime-na,0,adapter,1001,1011,272,116,0.9159663865546218,0,False
ragtime-na,0,adapter,1001,1013,487,266,0.8429423459244533,1,False
ragtime-na,0,adapter,1001,1015,100,25,0.8888888888888888,1,False
ragtime-na,0,adapter,1001,1017,182,45,0.7678571428571429,1,False
ragtime-na,0,adapter,1001,1019,418,265,0.9046728971962616,0,False
ragtime-na,0,adapter,1001,1021,257,119,0.8363636363636363,1,False
ragtime-na,0,adapter,1001,1023,85,19,0.8108108108108109,0,False
ragtime-na,0,adapter,1001,1025,327,183,0.7741935483870968,1,False
ragtime-na,0,adapter,1001,1027,207,115,0.9090909090909091,0,False
ragtime-na,0,adapter,1001,1029,203,59,0.907563025210084,0,False
ragtime-na,0,adapter,1001,1031,138,26,0.5882352941176471,1,False
ragtime-na,0,adapter,1001,1033,143,45,0.7848101265822784,0,False
ragtime-na,0,adapter,1001,1035,53,10,0.7058823529411765,1,False
ragtime-na,0,adapter,1001,1037,115,35,0.9041095890410958,0,False
ragtime-na,0,adapter,1001,1039,202,81,0.9493670886075949,0,False
ragtime-na,0,adapter,1001,1041,134,41,0.8571428571428571,0,False
ragtime-na,0,adapter,1001,1047,295,148,0.7696629213483146,1,False
ragtime-na,0,adapter,1001,1053,280,148,0.9442622950819672,0,False
ragtime-na,0,adapter,1001,1055,193,116,0.9322033898305084,0,False
ragtime-na,0,adapter,1001,1065,160,44,0.8131868131868132,1,False
ragtime-na,0,adapter,1001,1067,180,64,0.7794117647058824,1,False
ragtime-na,0,adapter,1001,1075,220,87,0.7852760736196319,1,False
ragtime-na,0,adapter,1001,1077,220,88,0.7668393782383419,1,False
ragtime-na,0,adapter,1001,1079,153,37,0.7804878048780488,1,False
ragtime-na,0,adapter,1001,1081,471,272,0.7829457364341085,1,False
ragtime-na,0,adapter,1001,1083,432,284,0.8611544461778471,1,False
ragtime-na,0,adapter,1001,1085,159,47,0.7966101694915254,1,False
ragtime-na,0,adapter,1001,1087,393,224,0.9171974522292994,0,False
ragtime-na,0,adapter,1003,1001,395,179,0.8429752066115702,0,False
ragtime-na,0,adapter,1003,1003,236,75,0.8285714285714286,1,True
ragtime-na,0,adapter,1003,1005,189,51,0.8990825688073395,0,False
ragtime-na,0,adapter,1003,1007,493,246,0.8684759916492694,0,False
ragtime-na,0,adapter,1003,1009,455,258,0.9589552238805971,0,False
ragtime-na,0,adapter,1003,1011,272,116,0.9205020920502092,0,False
ragtime-na,0,adapter,1003,1013,487,266,0.8615384615384616,1,False
ragtime-na,0,adapter,1003,1015,100,25,0.8571428571428571,1,False
ragtime-na,0,adapter,1003,1017,182,45,0.7521367521367521,1,False
ragtime-na,0,adapter,1003,1019,418,265,0.9067164179104478,0,False
ragtime-na,0,adapter,1003,1021,257,119,0.8357142857142857,1,False
ragtime-na,0,adapter,1003,1023,85,19,0.8108108108108109,0,False
ragtime-na,0,adapter,1003,1025,327,183,0.8184615384615385,1,False
ragtime-na,0,adapter,1003,1027,207,115,0.9145299145299145,0,False
ragtime-na,0,adapter,1003,1029,203,59,0.9256198347107438,0,False
ragtime-na,0,adapter,1003,1031,138,26,0.5813953488372093,1,False
ragtime-na,0,adapter,1003,1033,143,45,0.7804878048780488,0,False
ragtime-na,0,adapter,1003,1035,53,10,0.7777777777777778,1,False
ragtime-na,0,adapter,1003,1037,115,35,0.8918918918918919,0,False
ragtime-na,0,adapter,1003,1039,202,81,0.9506172839506173,0,False
ragtime-na,0,adapter,1003,1041,134,41,0.85,0,False
ragtime-na,0,adapter,1003,1047,295,148,0.7650273224043715,1,False
ragtime-na,0,adapter,1003,1053,280,148,0.9415584415584416,0,False
ragtime-na,0,adapter,1003,1055,193,116,0.9243697478991597,0,False
ragtime-na,0,adapter,1003,1065,160,44,0.7956989247311828,1,False
ragtime-na,0,adapter,1003,1067,180,64,0.7857142857142857,1,False
ragtime-na,0,adapter,1003,1075,220,87,0.8284023668639053,1,False
ragtime-na,0,adapter,1003,1077,220,88,0.7562189054726368,1,False
ragtime-na,0,adapter,1003,1079,153,37,0.7777777777777778,1,False
ragtime-na,0,adapter,1003,1081,471,272,0.7849056603773585,1,False
ragtime-na,0,adapter,1003,1083,432,284,0.8580246913580247,1,False
ragtime-na,0,adapter,1003,1085,159,47,0.7580645161290323,1,False
ragtime-na,0,adapter,1003,1087,393,224,0.9224318658280922,0,False
ragtime-na,0,adapter,1005,1001,395,179,0.8498583569405099,0,False
ragtime-na,0,adapter,1005,1003,236,75,0.7969924812030075,1,False
ragtime-na,0,adapter,1005,1005,189,51,0.9074074074074074,0,True
ragtime-na,0,adapter,1005,1007,493,246,0.8631578947368421,0,False
ragtime-na,0,adapter,1005,1009,455,258,0.9625468164794008,0,False
ragtime-na,0,adapter,1005,1011,272,116,0.919831223628692,0,False
ragtime-na,0,adapter,1005,1013,487,266,0.8406374501992032,1,False
ragtime-na,0,adapter,1005,1015,100,25,0.8888888888888888,1,False
ragtime-na,0,adapter,1005,1017,182,45,0.7678571428571429,1,False
ragtime-na,0,adapter,1005,1019,418,265,0.9063670411985019,0,False
ragtime-na,0,adapter,1005,1021,257,119,0.8363636363636363,1,False
ragtime-na,0,adapter,1005,1023,85,19,0.8108108108108109,0,False
ragtime-na,0,adapter,1005,1025,327,183,0.7741935483870968,1,False
ragtime-na,0,adapter,1005,1027,207,115,0.9090909090909091,0,False
ragtime-na,0,adapter,1005,1029,203,59,0.907563025210084,0,False
ragtime-na,0,adapter,1005,1031,138,26,0.5882352941176471,1,False
ragtime-na,0,adapter,1005,1033,143,45,0.7848101265822784,0,False
ragtime-na,0,adapter,1005,1035,53,10,0.7058823529411765,1,False
ragtime-na,0,adapter,1005,1037,115,35,0.9041095890410958,0,False
ragtime-na,0,adapter,1005,1039,202,81,0.9493670886075949,0,False
ragtime-na,0,adapter,1005,1041,134,41,0.8571428571428571,0,False
ragtime-na,0,adapter,1005,1047,295,148,0.7696629213483146,1,False
ragtime-na,0,adapter,1005,1053,280,148,0.9442622950819672,0,False
ragtime-na,0,adapter,1005,1055,193,116,0.9322033898305084,0,False
ragtime-na,0,adapter,1005,1065,160,44,0.8131868131868132,1,False
ragtime-na,0,adapter,1005,1067,180,64,0.7794117647058824,1,False
ragtime-na,0,adapter,1005,1075,220,87,0.7852760736196319,1,False
ragtime-na,0,adapter,1005,1077,220,88,0.7668393782383419,1,False
ragtime-na,0,adapter,1005,1079,153,37,0.7619047619047619,1,False
ragtime-na,0,adapter,1005,1081,471,272,0.781431334622824,1,False
ragtime-na,0,adapter,1005,1083,432,284,0.8611544461778471,1,False
ragtime-na,0,adapter,1005,1085,159,47,0.7899159663865546,1,False
ragtime-na,0,adapter,1005,1087,393,224,0.9171974522292994,0,False
ragtime-na,0,adapter,1007,1001,395,179,0.8547008547008547,0,False
ragtime-na,0,adapter,1007,1003,236,75,0.7910447761194029,1,False
ragtime-na,0,adapter,1007,1005,189,51,0.9074074074074074,0,False
ragtime-na,0,adapter,1007,1007,493,246,0.8742004264392325,0,True
ragtime-na,0,adapter,1007,1009,455,258,0.9625468164794008,0,False
ragtime-na,0,adapter,1007,1011,272,116,0.919831223628692,0,False
ragtime-na,0,adapter,1007,1013,487,266,0.84,1,False
ragtime-na,0,adapter,1007,1015,100,25,0.8888888888888888,1,False
ragtime-na,0,adapter,1007,1017,182,45,0.7747747747747747,1,False
ragtime-na,0,adapter,1007,1019,418,265,0.9097744360902256,0,False
ragtime-na,0,adapter,1007,1021,257,119,0.8363636363636363,1,False
ragtime-na,0,adapter,1007,1023,85,19,0.8108108108108109,0,False
ragtime-na,0,adapter,1007,1025,327,183,0.7741935483870968,1,False
ragtime-na,0,adapter,1007,1027,207,115,0.9090909090909091,0,False
ragtime-na,0,adapter,1007,1029,203,59,0.907563025210084,0,False
ragtime-na,0,adapter,1007,1031,138,26,0.5882352941176471,1,False
ragtime-na,0,adapter,1007,1033,143,45,0.7692307692307693,0,False
ragtime-na,0,adapter,1007,1035,53,10,0.7058823529411765,1,False
ragtime-na,0,adapter,1007,1037,115,35,0.9041095890410958,0,False
ragtime-na,0,adapter,1007,1039,202,81,0.9493670886075949,0,False
ragtime-na,0,adapter,1007,1041,134,41,0.8571428571428571,0,False
ragtime-na,0,adapter,1007,1047,295,148,0.7670454545454546,1,False
ragtime-na,0,adapter,1007,1053,280,148,0.9442622950819672,0,False
ragtime-na,0,adapter,1007,1055,193,116,0.9322033898305084,0,False
ragtime-na,0,adapter,1007,1065,160,44,0.8131868131868132,1,False
ragtime-na,0,adapter,1007,1067,180,64,0.7794117647058824,1,False
ragtime-na,0,adapter,1007,1075,220,87,0.7672955974842768,1,False
ragtime-na,0,adapter,1007,1077,220,88,0.7708333333333334,1,False
ragtime-na,0,adapter,1007,1079,153,37,0.7804878048780488,1,False
ragtime-na,0,adapter,1007,1081,471,272,0.7844660194174757,1,False
ragtime-na,0,adapter,1007,1083,432,284,0.8679245283018868,1,False
ragtime-na,0,adapter,1007,1085,159,47,0.7966101694915254,1,False
ragtime-na,0,adapter,1007,1087,393,224,0.9191489361702128,0,False
ragtime-na,0,adapter,1009,1001,395,179,0.863768115942029,0,False
ragtime-na,0,adapter,1009,1003,236,75,0.7969924812030075,1,False
ragtime-na,0,adapter,1009,1005,189,51,0.9074074074074074,0,False
ragtime-na,0,adapter,1009,1007,493,246,0.8571428571428571,0,False
ragtime-na,0,adapter,1009,1009,455,258,0.9661654135338346,0,True
ragtime-na,0,adapter,1009,1011,272,116,0.919831223628692,0,False
ragtime-na,0,adapter,1009,1013,487,266,0.8299595141700404,1,False
ragtime-na,0,adapter,1009,1015,100,25,0.8888888888888888,1,False
ragtime-na,0,adapter,1009,1017,182,45,0.7777777777777778,1,False
ragtime-na,0,adapter,1009,1019,418,265,0.909433962264151,0,False
ragtime-na,0,adapter,1009,1021,257,119,0.8413284132841329,1,False
ragtime-na,0,adapter,1009,1023,85,19,0.8108108108108109,0,False
ragtime-na,0,adapter,1009,1025,327,183,0.7631578947368421,1,False
ragtime-na,0,adapter,1009,1027,207,115,0.9043478260869565,0,False
ragtime-na,0,adapter,1009,1029,203,59,0.907563025210084,0,False
ragtime-na,0,adapter,1009,1031,138,26,0.5882352941176471,1,False
ragtime-na,0,adapter,1009,1033,143,45,0.7692307692307693,0,False
ragtime-na,0,adapter,1009,1035,53,10,0.7058823529411765,1,False
ragtime-na,0,adapter,1009,1037,115,35,0.9041095890410958,0,False
ragtime-na,0,adapter,1009,1039,202,81,0.9426751592356688,0,False
ragtime-na,0,adapter,1009,1041,134,41,0.8571428571428571,0,False
ragtime-na,0,adapter,1009,1047,295,148,0.7630057803468208,1,False
ragtime-na,0,adapter,1009,1053,280,148,0.9407894736842105,0,False
ragtime-na,0,adapter,1009,1055,193,116,0.9322033898305084,0,False
ragtime-na,0,adapter,1009,1065,160,44,0.8222222222222222,1,False
ragtime-na,0,adapter,1009,1067,180,64,0.7761194029850746,1,False
ragtime-na,0,adapter,1009,1075,220,87,0.7354838709677419,1,False
ragtime-na,0,adapter,1009,1077,220,88,0.774869109947644,1,False
ragtime-na,0,adapter,1009,1079,153,37,0.7804878048780488,1,False
ragtime-na,0,adapter,1009,1081,471,272,0.7701375245579568,1,False
ragtime-na,0,adapter,1009,1083,432,284,0.8712241653418124,1,False
ragtime-na,0,adapter,1009,1085,159,47,0.7863247863247863,1,False
ragtime-na,0,adapter,1009,1087,393,224,0.9191489361702128,0,False
ragtime-na,0,adapter,1011,1001,395,179,0.8498583569405099,0,False
ragtime-na,0,adapter,1011,1003,236,75,0.7910447761194029,1,False
ragtime-na,0,adapter,1011,1005,189,51,0.9074074074074074,0,False
ragtime-na,0,adapter,1011,1007,493,246,0.8631578947368421,0,False
ragtime-na,0,adapter,1011,1009,455,258,0.9625468164794008,0,False
ragtime-na,0,adapter,1011,1011,272,116,0.9159663865546218,0,True
ragtime-na,0,adapter,1011,1013,487,266,0.8429423459244533,1,False
ragtime-na,0,adapter,1011,1015,100,25,0.8888888888888888,1,False
ragtime-na,0,adapter,1011,1017,182,45,0.7610619469026548,1,False
ragtime-na,0,adapter,1011,1019,418,265,0.9046728971962616,0,False
ragtime-na,0,adapter,1011,1021,257,119,0.8363636363636363,1,False
ragtime-na,0,adapter,1011,1023,85,19,0.8108108108108109,0,False
ragtime-na,0,adapter,1011,1025,327,183,0.7741935483870968,1,False
ragtime-na,0,adapter,1011,1027,207,115,0.9090909090909091,0,False
ragtime-na,0,adapter,1011,1029,203,59,0.907563025210084,0,False
ragtime-na,0,adapter,1011,1031,138,26,0.5882352941176471,1,False
ragtime-na,0,adapter,1011,1033,143,45,0.7848101265822784,0,False
ragtime-na,0,adapter,1011,1035,53,10,0.7058823529411765,1,False
ragtime-na,0,adapter,1011,1037,115,35,0.9041095890410958,0,False
ragtime-na,0,adapter,1011,1039,202,81,0.9559748427672956,0,False
ragtime-na,0,adapter,1011,1041,134,41,0.8571428571428571,0,False
ragtime-na,0,adapter,1011,1047,295,148,0.7675070028011205,1,False
ragtime-na,0,adapter,1011,1053,280,148,0.9442622950819672,0,False
ragtime-na,0,adapter,1011,1055,193,116,0.9322033898305084,0,False
ragtime-na,0,adapter,1011,1065,160,44,0.8131868131868132,1,False
ragtime-na,0,adapter,1011,1067,180,64,0.7883211678832117,1,False
ragtime-na,0,adapter,1011,1075,220,87,0.7852760736196319,1,False
ragtime-na,0,adapter,1011,1077,220,88,0.7708333333333334,1,False
ragtime-na,0,adapter,1011,1079,153,37,0.7619047619047619,1,False
ragtime-na,0,adapter,1011,1081,471,272,0.7799227799227799,1,False
ragtime-na,0,adapter,1011,1083,432,284,0.8611544461778471,1,False
ragtime-na,0,adapter,1011,1085,159,47,0.7768595041322314,1,False
ragtime-na,0,adapter,1011,1087,393,224,0.9171974522292994,0,False
ragtime-na,0,adapter,1013,1001,395,179,0.8507042253521127,0,False
ragtime-na,0,adapter,1013,1003,236,75,0.7910447761194029,1,False
ragtime-na,0,adapter,1013,1005,189,51,0.8990825688073395,0,False
ragtime-na,0,adapter,1013,1007,493,246,0.8613445378151261,0,False
ragtime-na,0,adapter,1013,1009,455,258,0.9625468164794008,0,False
ragtime-na,0,adapter,1013,1011,272,116,0.9159663865546218,0,False
ragtime-na,0,adapter,1013,1013,487,266,0.8841698841698842,1,True
ragtime-na,0,adapter,1013,1015,100,25,0.8727272727272727,1,False
ragtime-na,0,adapter,1013,1017,182,45,0.7543859649122807,1,False
ragtime-na,0,adapter,1013,1019,418,265,0.9046728971962616,0,False
ragtime-na,0,adapter,1013,1021,257,119,0.8273381294964028,1,False
ragtime-na,0,adapter,1013,1023,85,19,0.8108108108108109,0,False
ragtime-na,0,adapter,1013,1025,327,183,0.7873015873015873,1,False
ragtime-na,0,adapter,1013,1027,207,115,0.9090909090909091,0,False
ragtime-na,0,adapter,1013,1029,203,59,0.907563025210084,0,False
ragtime-na,0,adapter,1013,1031,138,26,0.5813953488372093,1,False
ragtime-na,0,adapter,1013,1033,143,45,0.7901234567901234,0,False
ragtime-na,0,adapter,1013,1035,53,10,0.7058823529411765,1,False
ragtime-na,0,adapter,1013,1037,115,35,0.8918918918918919,0,False
ragtime-na,0,adapter,1013,1039,202,81,0.9565217391304348,0,False
ragtime-na,0,adapter,1013,1041,134,41,0.8461538461538461,0,False
ragtime-na,0,adapter,1013,1047,295,148,0.7700831024930748,1,False
ragtime-na,0,adapter,1013,1053,280,148,0.9411764705882353,0,False
ragtime-na,0,adapter,1013,1055,193,116,0.9322033898305084,0,False
ragtime-na,0,adapter,1013,1065,160,44,0.8131868131868132,1,False
ragtime-na,0,adapter,1013,1067,180,64,0.782608695652174,1,False
ragtime-na,0,adapter,1013,1075,220,87,0.8143712574850299,1,False
ragtime-na,0,adapter,1013,1077,220,88,0.7589743589743589,1,False
ragtime-na,0,adapter,1013,1079,153,37,0.7710843373493976,1,False
ragtime-na,0,adapter,1013,1081,471,272,0.7709923664122137,1,False
ragtime-na,0,adapter,1013,1083,432,284,0.8598130841121495,1,False
ragtime-na,0,adapter,1013,1085,159,47,0.7704918032786885,1,False
ragtime-na,0,adapter,1013,1087,393,224,0.9175475687103594,0,False
ragtime-na,0,adapter,1015,1001,395,179,0.848314606741573,0,False
ragtime-na,0,adapter,1015,1003,236,75,0.7910447761194029,1,False
ragtime-na,0,adapter,1015,1005,189,51,0.8990825688073395,0,False
ragtime-na,0,adapter,1015,1007,493,246,0.865546218487395,0,False
ragtime-na,0,adapter,1015,1009,455,258,0.9625468164794008,0,False
ragtime-na,0,adapter,1015,1011,272,116,0.9159663865546218,0,False
ragtime-na,0,adapter,1015,1013,487,266,0.8412698412698413,1,False
ragtime-na,0,adapter,1015,1015,100,25,0.8888888888888888,1,True
ragtime-na,0,adapter,1015,1017,182,45,0.7543859649122807,1,False
ragtime-na,0,adapter,1015,1019,418,265,0.9046728971962616,0,False
ragtime-na,0,adapter,1015,1021,257,119,0.8303249097472925,1,False
ragtime-na,0,adapter,1015,1023,85,19,0.8108108108108109,0,False
ragtime-na,0,adapter,1015,1025,327,183,0.7873015873015873,1,False
ragtime-na,0,adapter,1015,1027,207,115,0.9090909090909091,0,False
ragtime-na,0,adapter,1015,1029,203,59,0.9166666666666666,0,False
ragtime-na,0,adapter,1015,1031,138,26,0.5882352941176471,1,False
ragtime-na,0,adapter,1015,1033,143,45,0.8,0,False
ragtime-na,0,adapter,1015,1035,53,10,0.7058823529411765,1,False
ragtime-na,0,adapter,1015,1037,115,35,0.9041095890410958,0,False
ragtime-na,0,adapter,1015,1039,202,81,0.9559748427672956,0,False
ragtime-na,0,adapter,1015,1041,134,41,0.8571428571428571,0,False
ragtime-na,0,adapter,1015,1047,295,148,0.7666666666666667,1,False
ragtime-na,0,adapter,1015,1053,280,148,0.9411764705882353,0,False
ragtime-na,0,adapter,1015,1055,193,116,0.9322033898305084,0,False
ragtime-na,0,adapter,1015,1065,160,44,0.8043478260869565,1,False
ragtime-na,0,adapter,1015,1067,180,64,0.782608695652174,1,False
ragtime-na,0,adapter,1015,1075,220,87,0.7852760736196319,1,False
ragtime-na,0,adapter,1015,1077,220,88,0.7589743589743589,1,False
ragtime-na,0,adapter,1015,1079,153,37,0.7619047619047619,1,False
ragtime-na,0,adapter,1015,1081,471,272,0.7807692307692308,1,False
ragtime-na,0,adapter,1015,1083,432,284,0.8598130841121495,1,False
ragtime-na,0,adapter,1015,1085,159,47,0.7704918032786885,1,False
ragtime-na,0,adapter,1015,1087,393,224,0.9217758985200846,0,False
ragtime-na,0,adapter,1017,1001,395,179,0.8514285714285714,0,False
ragtime-na,0,adapter,1017,1003,236,75,0.7910447761194029,1,False
ragtime-na,0,adapter,1017,1005,189,51,0.9074074074074074,0,False
ragtime-na,0,adapter,1017,1007,493,246,0.8649789029535865,0,False
ragtime-na,0,adapter,1017,1009,455,258,0.9625468164794008,0,False
ragtime-na,0,adapter,1017,1011,272,116,0.919831223628692,0,False
ragtime-na,0,adapter,1017,1013,487,266,0.8416833667334669,1,False
ragtime-na,0,adapter,1017,1015,100,25,0.8888888888888888,1,False
ragtime-na,0,adapter,1017,1017,182,45,0.7889908256880734,1,True
ragtime-na,0,adapter,1017,1019,418,265,0.911487758945386,0,False
ragtime-na,0,adapter,1017,1021,257,119,0.8363636363636363,1,False
ragtime-na,0,adapter,1017,1023,85,19,0.8108108108108109,0,False
ragtime-na,0,adapter,1017,1025,327,183,0.7741935483870968,1,False
ragtime-na,0,adapter,1017,1027,207,115,0.9090909090909091,0,False
ragtime-na,0,adapter,1017,1029,203,59,0.907563025210084,0,False
ragtime-na,0,adapter,1017,1031,138,26,0.5882352941176471,1,False
ragtime-na,0,adapter,1017,1033,143,45,0.7692307692307693,0,False
ragtime-na,0,adapter,1017,1035,53,10,0.7058823529411765,1,False
ragtime-na,0,adapter,1017,1037,115,35,0.9041095890410958,0,False
ragtime-na,0,adapter,1017,1039,202,81,0.9493670886075949,0,False
ragtime-na,0,adapter,1017,1041,134,41,0.8571428571428571,0,False
ragtime-na,0,adapter,1017,1047,295,148,0.7727272727272727,1,False
ragtime-na,0,adapter,1017,1053,280,148,0.9442622950819672,0,False
ragtime-na,0,adapter,1017,1055,193,116,0.9322033898305084,0,False
ragtime-na,0,adapter,1017,1065,160,44,0.8131868131868132,1,False
ragtime-na,0,adapter,1017,1067,180,64,0.7703703703703704,1,False
ragtime-na,0,adapter,1017,1075,220,87,0.7515923566878981,1,False
ragtime-na,0,adapter,1017,1077,220,88,0.7708333333333334,1,False
ragtime-na,0,adapter,1017,1079,153,37,0.7804878048780488,1,False
ragtime-na,0,adapter,1017,1081,471,272,0.7797270955165692,1,False
ragtime-na,0,adapter,1017,1083,432,284,0.8665620094191523,1,False
ragtime-na,0,adapter,1017,1085,159,47,0.7966101694915254,1,False
ragtime-na,0,adapter,1017,1087,393,224,0.9191489361702128,0,False
ragtime-na,0,adapter,1019,1001,395,179,0.8563218390804598,0,False
ragtime-na,0,adapter,1019,1003,236,75,0.7969924812030075,1,False
ragtime-na,0,adapter,1019,1005,189,51,0.9074074074074074,0,False
ragtime-na,0,adapter,1019,1007,493,246,0.8571428571428571,0,False
ragtime-na,0,adapter,1019,1009,455,258,0.9661654135338346,0,False
ragtime-na,0,adapter,1019,1011,272,116,0.919831223628692,0,False
ragtime-na,0,adapter,1019,1013,487,266,0.8275862068965517,1,False
ragtime-na,0,adapter,1019,1015,100,25,0.8888888888888888,1,False
ragtime-na,0,adapter,1019,1017,182,45,0.7818181818181819,1,False
ragtime-na,0,adapter,1019,1019,418,265,0.9132075471698113,0,True
ragtime-na,0,adapter,1019,1021,257,119,0.8413284132841329,1,False
ragtime-na,0,adapter,1019,1023,85,19,0.8108108108108109,0,False
ragtime-na,0,adapter,1019,1025,327,183,0.7631578947368421,1,False
ragtime-na,0,adapter,1019,1027,207,115,0.9090909090909091,0,False
ragtime-na,0,adapter,1019,1029,203,59,0.907563025210084,0,False
ragtime-na,0,adapter,1019,1031,138,26,0.5952380952380952,1,False
ragtime-na,0,adapter,1019,1033,143,45,0.7692307692307693,0,False
ragtime-na,0,adapter,1019,1035,53,10,0.7058823529411765,1,False
ragtime-na,0,adapter,1019,1037,115,35,0.9041095890410958,0,False
ragtime-na,0,adapter,1019,1039,202,81,0.9426751592356688,0,False
ragtime-na,0,adapter,1019,1041,134,41,0.8571428571428571,0,False
ragtime-na,0,adapter,1019,1047,295,148,0.764367816091954,1,False
ragtime-na,0,adapter,1019,1053,280,148,0.9442622950819672,0,False
ragtime-na,0,adapter,1019,1055,193,116,0.9322033898305084,0,False
ragtime-na,0,adapter,1019,1065,160,44,0.8131868131868132,1,False
ragtime-na,0,adapter,1019,1067,180,64,0.7761194029850746,1,False
ragtime-na,0,adapter,1019,1075,220,87,0.7435897435897436,1,False
ragtime-na,0,adapter,1019,1077,220,88,0.774869109947644,1,False
ragtime-na,0,adapter,1019,1079,153,37,0.7804878048780488,1,False
ragtime-na,0,adapter,1019,1081,471,272,0.7749510763209393,1,False
ragtime-na,0,adapter,1019,1083,432,284,0.8706624605678234,1,False
ragtime-na,0,adapter,1019,1085,159,47,0.7863247863247863,1,False
ragtime-na,0,adapter,1019,1087,393,224,0.9191489361702128,0,False
ragtime-na,0,adapter,1021,1001,395,179,0.8538681948424068,0,False
ragtime-na,0,adapter,1021,1003,236,75,0.7910447761194029,1,False
ragtime-na,0,adapter,1021,1005,189,51,0.9074074074074074,0,False
ragtime-na,0,adapter,1021,1007,493,246,0.8595744680851064,0,False
ragtime-na,0,adapter,1021,1009,455,258,0.9643527204502814,0,False
ragtime-na,0,adapter,1021,1011,272,116,0.919831223628692,0,False
ragtime-na,0,adapter,1021,1013,487,266,0.8370221327967807,1,False
ragtime-na,0,adapter,1021,1015,100,25,0.8888888888888888,1,False
ragtime-na,0,adapter,1021,1017,182,45,0.7889908256880734,1,False
ragtime-na,0,adapter,1021,1019,418,265,0.9128787878787878,0,False
ragtime-na,0,adapter,1021,1021,257,119,0.8592592592592593,1,True
ragtime-na,0,adapter,1021,1023,85,19,0.8108108108108109,0,False
ragtime-na,0,adapter,1021,1025,327,183,0.762214983713355,1,False
ragtime-na,0,adapter,1021,1027,207,115,0.9043478260869565,0,False
ragtime-na,0,adapter,1021,1029,203,59,0.907563025210084,0,False
ragtime-na,0,adapter,1021,1031,138,26,0.5882352941176471,1,False
ragtime-na,0,adapter,1021,1033,143,45,0.7692307692307693,0,False
ragtime-na,0,adapter,1021,1035,53,10,0.7058823529411765,1,False
ragtime-na,0,adapter,1021,1037,115,35,0.9041095890410958,0,False
ragtime-na,0,adapter,1021,1039,202,81,0.9493670886075949,0,False
ragtime-na,0,adapter,1021,1041,134,41,0.8571428571428571,0,False
ragtime-na,0,adapter,1021,1047,295,148,0.7657142857142857,1,False
ragtime-na,0,adapter,1021,1053,280,148,0.9407894736842105,0,False
ragtime-na,0,adapter,1021,1055,193,116,0.9322033898305084,0,False
ragtime-na,0,adapter,1021,1065,160,44,0.8131868131868132,1,False
ragtime-na,0,adapter,1021,1067,180,64,0.7851851851851852,1,False
ragtime-na,0,adapter,1021,1075,220,87,0.7515923566878981,1,False
ragtime-na,0,adapter,1021,1077,220,88,0.774869109947644,1,False
ragtime-na,0,adapter,1021,1079,153,37,0.7804878048780488,1,False
ragtime-na,0,adapter,1021,1081,471,272,0.7749510763209393,1,False
ragtime-na,0,adapter,1021,1083,432,284,0.8692913385826772,1,False
ragtime-na,0,adapter,1021,1085,159,47,0.7966101694915254,1,False
ragtime-na,0,adapter,1021,1087,393,224,0.9191489361702128,0,False
ragtime-na,0,adapter,1023,1001,395,179,0.8515406162464986,0,False
ragtime-na,0,adapter,1023,1003,236,75,0.7910447761194029,1,False
ragtime-na,0,adapter,1023,1005,189,51,0.8990825688073395,0,False
ragtime-na,0,adapter,1023,1007,493,246,0.8661087866108786,0,False
ragtime-na,0,adapter,1023,1009,455,258,0.9625468164794008,0,False
ragtime-na,0,adapter,1023,1011,272,116,0.9205020920502092,0,False
ragtime-na,0,adapter,1023,1013,487,266,0.85546875,1,False
ragtime-na,0,adapter,1023,1015,100,25,0.8727272727272727,1,False
ragtime-na,0,adapter,1023,1017,182,45,0.7478260869565218,1,False
ragtime-na,0,adapter,1023,1019,418,265,0.9067164179104478,0,False
ragtime-na,0,adapter,1023,1021,257,119,0.8315412186379928,1,False
ragtime-na,0,adapter,1023,1023,85,19,0.8108108108108109,0,True
ragtime-na,0,adapter,1023,1025,327,183,0.7924528301886793,1,False
ragtime-na,0,adapter,1023,1027,207,115,0.9090909090909091,0,False
ragtime-na,0,adapter,1023,1029,203,59,0.9166666666666666,0,False
ragtime-na,0,adapter,1023,1031,138,26,0.5813953488372093,1,False
ragtime-na,0,adapter,1023,1033,143,45,0.7901234567901234,0,False
ragtime-na,0,adapter,1023,1035,53,10,0.7058823529411765,1,False
ragtime-na,0,adapter,1023,1037,115,35,0.8918918918918919,0,False
ragtime-na,0,adapter,1023,1039,202,81,0.95,0,False
ragtime-na,0,adapter,1023,1041,134,41,0.8461538461538461,0,False
ragtime-na,0,adapter,1023,1047,295,148,0.7624309392265194,1,False
ragtime-na,0,adapter,1023,1053,280,148,0.9411764705882353,0,False
ragtime-na,0,adapter,1023,1055,193,116,0.9322033898305084,0,False
ragtime-na,0,adapter,1023,1065,160,44,0.8043478260869565,1,False
ragtime-na,0,adapter,1023,1067,180,64,0.782608695652174,1,False
ragtime-na,0,adapter,1023,1075,220,87,0.8143712574850299,1,False
ragtime-na,0,adapter,1023,1077,220,88,0.7653061224489796,1,False
ragtime-na,0,adapter,1023,1079,153,37,0.7586206896551724,1,False
ragtime-na,0,adapter,1023,1081,471,272,0.780114722753346,1,False
ragtime-na,0,adapter,1023,1083,432,284,0.860248447204969,1,False
ragtime-na,0,adapter,1023,1085,159,47,0.7704918032786885,1,False
ragtime-na,0,adapter,1023,1087,393,224,0.919831223628692,0,False
ragtime-na,0,adapter,1025,1001,395,179,0.8473684210526315,0,False
ragtime-na,0,adapter,1025,1003,236,75,0.8108108108108109,1,False
ragtime-na,0,adapter,1025,1005,189,51,0.8869565217391304,0,False
ragtime-na,0,adapter,1025,1007,493,246,0.8674698795180723,0,False
ragtime-na,0,adapter,1025,1009,455,258,0.9520295202952029,0,False
ragtime-na,0,adapter,1025,1011,272,116,0.9032258064516129,0,False
ragtime-na,0,adapter,1025,1013,487,266,0.8641114982578397,1,False
ragtime-na,0,adapter,1025,1015,100,25,0.8064516129032258,1,False
ragtime-na,0,adapter,1025,1017,182,45,0.743801652892562,1,False
ragtime-na,0,adapter,1025,1019,418,265,0.903107861060329,0,False
ragtime-na,0,adapter,1025,1021,257,119,0.8222996515679443,1,False
ragtime-na,0,adapter,1025,1023,85,19,0.7441860465116279,0,False
ragtime-na,0,adapter,1025,1025,327,183,0.8626373626373627,1,True
ragtime-na,0,adapter,1025,1027,207,115,0.891566265060241,0,False
ragtime-na,0,adapter,1025,1029,203,59,0.9354838709677419,0,False
ragtime-na,0,adapter,1025,1031,138,26,0.47619047619047616,1,False
ragtime-na,0,adapter,1025,1033,143,45,0.8505747126436781,0,False
ragtime-na,0,adapter,1025,1035,53,10,0.8571428571428571,1,False
ragtime-na,0,adapter,1025,1037,115,35,0.9210526315789473,0,False
ragtime-na,0,adapter,1025,1039,202,81,0.9461077844311377,0,False
ragtime-na,0,adapter,1025,1041,134,41,0.8470588235294118,0,False
ragtime-na,0,adapter,1025,1047,295,148,0.7333333333333333,1,False
ragtime-na,0,adapter,1025,1053,280,148,0.9125,0,False
ragtime-na,0,adapter,1025,1055,193,116,0.9294605809128631,0,False
ragtime-na,0,adapter,1025,1065,160,44,0.7692307692307693,1,False
ragtime-na,0,adapter,1025,1067,180,64,0.7692307692307693,1,False
ragtime-na,0,adapter,1025,1075,220,87,0.8021390374331551,1,False
ragtime-na,0,adapter,1025,1077,220,88,0.7454545454545455,1,False
ragtime-na,0,adapter,1025,1079,153,37,0.7142857142857143,1,False
ragtime-na,0,adapter,1025,1081,471,272,0.7985989492119089,1,False
ragtime-na,0,adapter,1025,1083,432,284,0.8340807174887892,1,False
ragtime-na,0,adapter,1025,1085,159,47,0.7014925373134329,1,False
ragtime-na,0,adapter,1025,1087,393,224,0.9139344262295082,0,False
ragtime-na,0,adapter,1027,1001,395,179,0.8515406162464986,0,False
ragtime-na,0,adapter,1027,1003,236,75,0.7910447761194029,1,False
ragtime-na,0,adapter,1027,1005,189,51,0.8990825688073395,0,False
ragtime-na,0,adapter,1027,1007,493,246,0.8637316561844863,0,False
ragtime-na,0,adapter,1027,1009,455,258,0.9625468164794008,0,False
ragtime-na,0,adapter,1027,1011,272,116,0.9159663865546218,0,False
ragtime-na,0,adapter,1027,1013,487,266,0.8532289628180039,1,False
ragtime-na,0,adapter,1027,1015,100,25,0.8727272727272727,1,False
ragtime-na,0,adapter,1027,1017,182,45,0.7478260869565218,1,False
ragtime-na,0,adapter,1027,1019,418,265,0.9067164179104478,0,False
ragtime-na,0,adapter,1027,1021,257,119,0.8315412186379928,1,False
ragtime-na,0,adapter,1027,1023,85,19,0.8108108108108109,0,False
ragtime-na,0,adapter,1027,1025,327,183,0.7873015873015873,1,False
ragtime-na,0,adapter,1027,1027,207,115,0.9137931034482759,0,True
ragtime-na,0,adapter,1027,1029,203,59,0.9166666666666666,0,False
ragtime-na,0,adapter,1027,1031,138,26,0.5813953488372093,1,False
ragtime-na,0,adapter,1027,1033,143,45,0.7901234567901234,0,False
ragtime-na,0,adapter,1027,1035,53,10,0.7058823529411765,1,False
ragtime-na,0,adapter,1027,1037,115,35,0.8918918918918919,0,False
ragtime-na,0,adapter,1027,1039,202,81,0.95,0,False
ragtime-na,0,adapter,1027,1041,134,41,0.8461538461538461,0,False
ragtime-na,0,adapter,1027,1047,295,148,0.7624309392265194,1,False
ragtime-na,0,adapter,1027,1053,280,148,0.9411764705882353,0,False
ragtime-na,0,adapter,1027,1055,193,116,0.9322033898305084,0,False
ragtime-na,0,adapter,1027,1065,160,44,0.8043478260869565,1,False
ragtime-na,0,adapter,1027,1067,180,64,0.782608695652174,1,False
ragtime-na,0,adapter,1027,1075,220,87,0.8143712574850299,1,False
ragtime-na,0,adapter,1027,1077,220,88,0.7653061224489796,1,False
ragtime-na,0,adapter,1027,1079,153,37,0.7586206896551724,1,False
ragtime-na,0,adapter,1027,1081,471,272,0.7816091954022989,1,False
ragtime-na,0,adapter,1027,1083,432,284,0.8598130841121495,1,False
ragtime-na,0,adapter,1027,1085,159,47,0.7704918032786885,1,False
ragtime-na,0,adapter,1027,1087,393,224,0.919831223628692,0,False
ragtime-na,0,adapter,1029,1001,395,179,0.8515406162464986,0,False
ragtime-na,0,adapter,1029,1003,236,75,0.8,1,False
ragtime-na,0,adapter,1029,1005,189,51,0.8990825688073395,0,False
ragtime-na,0,adapter,1029,1007,493,246,0.8661087866108786,0,False
ragtime-na,0,adapter,1029,1009,455,258,0.9625468164794008,0,False
ragtime-na,0,adapter,1029,1011,272,116,0.9205020920502092,0,False
ragtime-na,0,adapter,1029,1013,487,266,0.8549323017408124,1,False
ragtime-na,0,adapter,1029,1015,100,25,0.8727272727272727,1,False
ragtime-na,0,adapter,1029,1017,182,45,0.7413793103448276,1,False
ragtime-na,0,adapter,1029,1019,418,265,0.9067164179104478,0,False
ragtime-na,0,adapter,1029,1021,257,119,0.8315412186379928,1,False
ragtime-na,0,adapter,1029,1023,85,19,0.8108108108108109,0,False
ragtime-na,0,adapter,1029,1025,327,183,0.8074534161490683,1,False
ragtime-na,0,adapter,1029,1027,207,115,0.9184549356223176,0,False
ragtime-na,0,adapter,1029,1029,203,59,0.9166666666666666,0,True
ragtime-na,0,adapter,1029,1031,138,26,0.5813953488372093,1,False
ragtime-na,0,adapter,1029,1033,143,45,0.7901234567901234,0,False
ragtime-na,0,adapter,1029,1035,53,10,0.7058823529411765,1,False
ragtime-na,0,adapter,1029,1037,115,35,0.8918918918918919,0,False
ragtime-na,0,adapter,1029,1039,202,81,0.9565217391304348,0,False
ragtime-na,0,adapter,1029,1041,134,41,0.8461538461538461,0,False
ragtime-na,0,adapter,1029,1047,295,148,0.7692307692307693,1,False
ragtime-na,0,adapter,1029,1053,280,148,0.9446254071661238,0,False
ragtime-na,0,adapter,1029,1055,193,116,0.9322033898305084,0,False
ragtime-na,0,adapter,1029,1065,160,44,0.8043478260869565,1,False
ragtime-na,0,adapter,1029,1067,180,64,0.7769784172661871,1,False
ragtime-na,0,adapter,1029,1075,220,87,0.8214285714285714,1,False
ragtime-na,0,adapter,1029,1077,220,88,0.7614213197969543,1,False
ragtime-na,0,adapter,1029,1079,153,37,0.7727272727272727,1,False
ragtime-na,0,adapter,1029,1081,471,272,0.779467680608365,1,False
ragtime-na,0,adapter,1029,1083,432,284,0.8593508500772797,1,False
ragtime-na,0,adapter,1029,1085,159,47,0.7704918032786885,1,False
ragtime-na,0,adapter,1029,1087,393,224,0.9201680672268907,0,False
ragtime-na,0,adapter,1031,1001,395,179,0.8498583569405099,0,False
ragtime-na,0,adapter,1031,1003,236,75,0.7910447761194029,1,False
ragtime-na,0,adapter,1031,1005,189,51,0.9074074074074074,0,False
ragtime-na,0,adapter,1031,1007,493,246,0.8631578947368421,0,False
ragtime-na,0,adapter,1031,1009,455,258,0.9625468164794008,0,False
ragtime-na,0,adapter,1031,1011,272,116,0.9159663865546218,0,False
ragtime-na,0,adapter,1031,1013,487,266,0.8429423459244533,1,False
ragtime-na,0,adapter,1031,1015,100,25,0.8888888888888888,1,False
ragtime-na,0,adapter,1031,1017,182,45,0.7610619469026548,1,False
ragtime-na,0,adapter,1031,1019,418,265,0.9063670411985019,0,False
ragtime-na,0,adapter,1031,1021,257,119,0.8363636363636363,1,False
ragtime-na,0,adapter,1031,1023,85,19,0.8108108108108109,0,False
ragtime-na,0,adapter,1031,1025,327,183,0.7741935483870968,1,False
ragtime-na,0,adapter,1031,1027,207,115,0.9090909090909091,0,False
ragtime-na,0,adapter,1031,1029,203,59,0.907563025210084,0,False
ragtime-na,0,adapter,1031,1031,138,26,0.5882352941176471,1,True
ragtime-na,0,adapter,1031,1033,143,45,0.7692307692307693,0,False
ragtime-na,0,adapter,1031,1035,53,10,0.7058823529411765,1,False
ragtime-na,0,adapter,1031,1037,115,35,0.9041095890410958,0,False
ragtime-na,0,adapter,1031,1039,202,81,0.9493670886075949,0,False
ragtime-na,0,adapter,1031,1041,134,41,0.8571428571428571,0,False
ragtime-na,0,adapter,1031,1047,295,148,0.7675070028011205,1,False
ragtime-na,0,adapter,1031,1053,280,148,0.9442622950819672,0,False
ragtime-na,0,adapter,1031,1055,193,116,0.9322033898305084,0,False
ragtime-na,0,adapter,1031,1065,160,44,0.8131868131868132,1,False
ragtime-na,0,adapter,1031,1067,180,64,0.7794117647058824,1,False
ragtime-na,0,adapter,1031,1075,220,87,0.7852760736196319,1,False
ragtime-na,0,adapter,1031,1077,220,88,0.7668393782383419,1,False
ragtime-na,0,adapter,1031,1079,153,37,0.7619047619047619,1,False
ragtime-na,0,adapter,1031,1081,471,272,0.7844660194174757,1,False
ragtime-na,0,adapter,1031,1083,432,284,0.8611544461778471,1,False
ragtime-na,0,adapter,1031,1085,159,47,0.7966101694915254,1,False
ragtime-na,0,adapter,1031,1087,393,224,0.9171974522292994,0,False
ragtime-na,0,adapter,1033,1001,395,179,0.8523676880222841,0,False
ragtime-na,0,adapter,1033,1003,236,75,0.8,1,False
ragtime-na,0,adapter,1033,1005,189,51,0.8990825688073395,0,False
ragtime-na,0,adapter,1033,1007,493,246,0.8661087866108786,0,False
ragtime-na,0,adapter,1033,1009,455,258,0.9625468164794008,0,False
ragtime-na,0,adapter,1033,1011,272,116,0.9205020920502092,0,False
ragtime-na,0,adapter,1033,1013,487,266,0.8571428571428571,1,False
ragtime-na,0,adapter,1033,1015,100,25,0.8571428571428571,1,False
ragtime-na,0,adapter,1033,1017,182,45,0.7413793103448276,1,False
ragtime-na,0,adapter,1033,1019,418,265,0.9067164179104478,0,False
ragtime-na,0,adapter,1033,1021,257,119,0.8315412186379928,1,False
ragtime-na,0,adapter,1033,1023,85,19,0.8108108108108109,0,False
ragtime-na,0,adapter,1033,1025,327,183,0.804953560371517,1,False
ragtime-na,0,adapter,1033,1027,207,115,0.9106382978723404,0,False
ragtime-na,0,adapter,1033,1029,203,59,0.9256198347107438,0,False
ragtime-na,0,adapter,1033,1031,138,26,0.5813953488372093,1,False
ragtime-na,0,adapter,1033,1033,143,45,0.7951807228915663,0,True
ragtime-na,0,adapter,1033,1035,53,10,0.7777777777777778,1,False
ragtime-na,0,adapter,1033,1037,115,35,0.8918918918918919,0,False
ragtime-na,0,adapter,1033,1039,202,81,0.9565217391304348,0,False
ragtime-na,0,adapter,1033,1041,134,41,0.8354430379746836,0,False
ragtime-na,0,adapter,1033,1047,295,148,0.7671232876712328,1,False
ragtime-na,0,adapter,1033,1053,280,148,0.9446254071661238,0,False
ragtime-na,0,adapter,1033,1055,193,116,0.9322033898305084,0,False
ragtime-na,0,adapter,1033,1065,160,44,0.8043478260869565,1,False
ragtime-na,0,adapter,1033,1067,180,64,0.7769784172661871,1,False
ragtime-na,0,adapter,1033,1075,220,87,0.8214285714285714,1,False
ragtime-na,0,adapter,1033,1077,220,88,0.75,1,False
ragtime-na,0,adapter,1033,1079,153,37,0.7727272727272727,1,False
ragtime-na,0,adapter,1033,1081,471,272,0.7765151515151515,1,False
ragtime-na,0,adapter,1033,1083,432,284,0.8580246913580247,1,False
ragtime-na,0,adapter,1033,1085,159,47,0.7642276422764228,1,False
ragtime-na,0,adapter,1033,1087,393,224,0.9201680672268907,0,False
ragtime-na,0,adapter,1035,1001,395,179,0.8515406162464986,0,False
ragtime-na,0,adapter,1035,1003,236,75,0.7910447761194029,1,False
ragtime-na,0,adapter,1035,1005,189,51,0.8990825688073395,0,False
ragtime-na,0,adapter,1035,1007,493,246,0.8661087866108786,0,False
ragtime-na,0,adapter,1035,1009,455,258,0.9625468164794008,0,False
ragtime-na,0,adapter,1035,1011,272,116,0.9205020920502092,0,False
ragtime-na,0,adapter,1035,1013,487,266,0.85546875,1,False
ragtime-na,0,adapter,1035,1015,100,25,0.8727272727272727,1,False
ragtime-na,0,adapter,1035,1017,182,45,0.7478260869565218,1,False
ragtime-na,0,adapter,1035,1019,418,265,0.9046728971962616,0,False
ragtime-na,0,adapter,1035,1021,257,119,0.8345323741007195,1,False
ragtime-na,0,adapter,1035,1023,85,19,0.8108108108108109,0,False
ragtime-na,0,adapter,1035,1025,327,183,0.7949526813880127,1,False
ragtime-na,0,adapter,1035,1027,207,115,0.9090909090909091,0,False
ragtime-na,0,adapter,1035,1029,203,59,0.9166666666666666,0,False
ragtime-na,0,adapter,1035,1031,138,26,0.5813953488372093,1,False
ragtime-na,0,adapter,1035,1033,143,45,0.7901234567901234,0,False
ragtime-na,0,adapter,1035,1035,53,10,0.7058823529411765,1,True
ragtime-na,0,adapter,1035,1037,115,35,0.8918918918918919,0,False
ragtime-na,0,adapter,1035,1039,202,81,0.9565217391304348,0,False
ragtime-na,0,adapter,1035,1041,134,41,0.8461538461538461,0,False
ragtime-na,0,adapter,1035,1047,295,148,0.7624309392265194,1,False
ragtime-na,0,adapter,1035,1053,280,148,0.9411764705882353,0,False
ragtime-na,0,adapter,1035,1055,193,116,0.9322033898305084,0,False
ragtime-na,0,adapter,1035,1065,160,44,0.8043478260869565,1,False
ragtime-na,0,adapter,1035,1067,180,64,0.782608695652174,1,False
ragtime-na,0,adapter,1035,1075,220,87,0.8143712574850299,1,False
ragtime-na,0,adapter,1035,1077,220,88,0.7653061224489796,1,False
ragtime-na,0,adapter,1035,1079,153,37,0.7674418604651163,1,False
ragtime-na,0,adapter,1035,1081,471,272,0.7786259541984732,1,False
ragtime-na,0,adapter,1035,1083,432,284,0.860248447204969,1,False
ragtime-na,0,adapter,1035,1085,159,47,0.7704918032786885,1,False
ragtime-na,0,adapter,1035,1087,393,224,0.9221052631578948,0,False
ragtime-na,0,adapter,1037,1001,395,179,0.848314606741573,0,False
ragtime-na,0,adapter,1037,1003,236,75,0.7910447761194029,1,False
ragtime-na,0,adapter,1037,1005,189,51,0.8990825688073395,0,False
ragtime-na,0,adapter,1037,1007,493,246,0.865546218487395,0,False
ragtime-na,0,adapter,1037,1009,455,258,0.9625468164794008,0,False
ragtime-na,0,adapter,1037,1011,272,116,0.9159663865546218,0,False
ragtime-na,0,adapter,1037,1013,487,266,0.841897233201581,1,False
ragtime-na,0,adapter,1037,1015,100,25,0.8727272727272727,1,False
ragtime-na,0,adapter,1037,1017,182,45,0.7543859649122807,1,False
ragtime-na,0,adapter,1037,1019,418,265,0.9046728971962616,0,False
ragtime-na,0,adapter,1037,1021,257,119,0.8303249097472925,1,False
ragtime-na,0,adapter,1037,1023,85,19,0.8108108108108109,0,False
ragtime-na,0,adapter,1037,1025,327,183,0.7911392405063291,1,False
ragtime-na,0,adapter,1037,1027,207,115,0.9090909090909091,0,False
ragtime-na,0,adapter,1037,1029,203,59,0.9166666666666666,0,False
ragtime-na,0,adapter,1037,1031,138,26,0.5882352941176471,1,False
ragtime-na,0,adapter,1037,1033,143,45,0.8,0,False
ragtime-na,0,adapter,1037,1035,53,10,0.7058823529411765,1,False
ragtime-na,0,adapter,1037,1037,115,35,0.9041095890410958,0,True
ragtime-na,0,adapter,1037,1039,202,81,0.9559748427672956,0,False
ragtime-na,0,adapter,1037,1041,134,41,0.8571428571428571,0,False
ragtime-na,0,adapter,1037,1047,295,148,0.7666666666666667,1,False
ragtime-na,0,adapter,1037,1053,280,148,0.9411764705882353,0,False
ragtime-na,0,adapter,1037,1055,193,116,0.9322033898305084,0,False
ragtime-na,0,adapter,1037,1065,160,44,0.8043478260869565,1,False
ragtime-na,0,adapter,1037,1067,180,64,0.782608695652174,1,False
ragtime-na,0,adapter,1037,1075,220,87,0.7926829268292683,1,False
ragtime-na,0,adapter,1037,1077,220,88,0.7589743589743589,1,False
ragtime-na,0,adapter,1037,1079,153,37,0.7619047619047619,1,False
ragtime-na,0,adapter,1037,1081,471,272,0.7807692307692308,1,False
ragtime-na,0,adapter,1037,1083,432,284,0.8598130841121495,1,False
ragtime-na,0,adapter,1037,1085,159,47,0.7704918032786885,1,False
ragtime-na,0,adapter,1037,1087,393,224,0.9217758985200846,0,False
ragtime-na,0,adapter,1039,1001,395,179,0.8498583569405099,0,False
ragtime-na,0,adapter,1039,1003,236,75,0.7910447761194029,1,False
ragtime-na,0,adapter,1039,1005,189,51,0.9074074074074074,0,False
ragtime-na,0,adapter,1039,1007,493,246,0.8631578947368421,0,False
ragtime-na,0,adapter,1039,1009,455,258,0.9625468164794008,0,False
ragtime-na,0,adapter,1039,1011,272,116,0.9159663865546218,0,False
ragtime-na,0,adapter,1039,1013,487,266,0.8429423459244533,1,False
ragtime-na,0,adapter,1039,1015,100,25,0.8888888888888888,1,False
ragtime-na,0,adapter,1039,1017,182,45,0.7678571428571429,1,False
ragtime-na,0,adapter,1039,1019,418,265,0.9046728971962616,0,False
ragtime-na,0,adapter,1039,1021,257,119,0.8333333333333334,1,False
ragtime-na,0,adapter,1039,1023,85,19,0.8108108108108109,0,False
ragtime-na,0,adapter,1039,1025,327,183,0.7717041800643086,1,False
ragtime-na,0,adapter,1039,1027,207,115,0.9090909090909091,0,False
ragtime-na,0,adapter,1039,1029,203,59,0.907563025210084,0,False
ragtime-na,0,adapter,1039,1031,138,26,0.5882352941176471,1,False
ragtime-na,0,adapter,1039,1033,143,45,0.7848101265822784,0,False
ragtime-na,0,adapter,1039,1035,53,10,0.7058823529411765,1,False
ragtime-na,0,adapter,1039,1037,115,35,0.9041095890410958,0,False
ragtime-na,0,adapter,1039,1039,202,81,0.9493670886075949,0,True
ragtime-na,0,adapter,1039,1041,134,41,0.8571428571428571,0,False
ragtime-na,0,adapter,1039,1047,295,148,0.7653631284916201,1,False
ragtime-na,0,adapter,1039,1053,280,148,0.9442622950819672,0,False
ragtime-na,0,adapter,1039,1055,193,116,0.9322033898305084,0,False
ragtime-na,0,adapter,1039,1065,160,44,0.8131868131868132,1,False
ragtime-na,0,adapter,1039,1067,180,64,0.7883211678832117,1,False
ragtime-na,0,adapter,1039,1075,220,87,0.7852760736196319,1,False
ragtime-na,0,adapter,1039,1077,220,88,0.7589743589743589,1,False
ragtime-na,0,adapter,1039,1079,153,37,0.7619047619047619,1,False
ragtime-na,0,adapter,1039,1081,471,272,0.7799227799227799,1,False
ragtime-na,0,adapter,1039,1083,432,284,0.8611544461778471,1,False
ragtime-na,0,adapter,1039,1085,159,47,0.7768595041322314,1,False
ragtime-na,0,adapter,1039,1087,393,224,0.9171974522292994,0,False
ragtime-na,0,adapter,1041,1001,395,179,0.848314606741573,0,False
ragtime-na,0,adapter,1041,1003,236,75,0.7910447761194029,1,False
ragtime-na,0,adapter,1041,1005,189,51,0.8990825688073395,0,False
ragtime-na,0,adapter,1041,1007,493,246,0.865546218487395,0,False
ragtime-na,0,adapter,1041,1009,455,258,0.9625468164794008,0,False
ragtime-na,0,adapter,1041,1011,272,116,0.9159663865546218,0,False
ragtime-na,0,adapter,1041,1013,487,266,0.841897233201581,1,False
ragtime-na,0,adapter,1041,1015,100,25,0.8727272727272727,1,False
ragtime-na,0,adapter,1041,1017,182,45,0.7478260869565218,1,False
ragtime-na,0,adapter,1041,1019,418,265,0.9046728971962616,0,False
ragtime-na,0,adapter,1041,1021,257,119,0.8345323741007195,1,False
ragtime-na,0,adapter,1041,1023,85,19,0.8108108108108109,0,False
ragtime-na,0,adapter,1041,1025,327,183,0.7911392405063291,1,False
ragtime-na,0,adapter,1041,1027,207,115,0.9090909090909091,0,False
ragtime-na,0,adapter,1041,1029,203,59,0.9166666666666666,0,False
ragtime-na,0,adapter,1041,1031,138,26,0.5882352941176471,1,False
ragtime-na,0,adapter,1041,1033,143,45,0.8,0,False
ragtime-na,0,adapter,1041,1035,53,10,0.7058823529411765,1,False
ragtime-na,0,adapter,1041,1037,115,35,0.9041095890410958,0,False
ragtime-na,0,adapter,1041,1039,202,81,0.9559748427672956,0,False
ragtime-na,0,adapter,1041,1041,134,41,0.8571428571428571,0,True
ragtime-na,0,adapter,1041,1047,295,148,0.7666666666666667,1,False
ragtime-na,0,adapter,1041,1053,280,148,0.9411764705882353,0,False
ragtime-na,0,adapter,1041,1055,193,116,0.9322033898305084,0,False
ragtime-na,0,adapter,1041,1065,160,44,0.8043478260869565,1,False
ragtime-na,0,adapter,1041,1067,180,64,0.782608695652174,1,False
ragtime-na,0,adapter,1041,1075,220,87,0.7926829268292683,1,False
ragtime-na,0,adapter,1041,1077,220,88,0.7653061224489796,1,False
ragtime-na,0,adapter,1041,1079,153,37,0.7764705882352941,1,False
ragtime-na,0,adapter,1041,1081,471,272,0.7807692307692308,1,False
ragtime-na,0,adapter,1041,1083,432,284,0.8598130841121495,1,False
ragtime-na,0,adapter,1041,1085,159,47,0.7704918032786885,1,False
ragtime-na,0,adapter,1041,1087,393,224,0.9217758985200846,0,False
ragtime-na,0,adapter,1047,1001,395,179,0.8596491228070176,0,False
ragtime-na,0,adapter,1047,1003,236,75,0.7969924812030075,1,False
ragtime-na,0,adapter,1047,1005,189,51,0.9158878504672897,0,False
ragtime-na,0,adapter,1047,1007,493,246,0.8626609442060086,0,False
ragtime-na,0,adapter,1047,1009,455,258,0.9661654135338346,0,False
ragtime-na,0,adapter,1047,1011,272,116,0.919831223628692,0,False
ragtime-na,0,adapter,1047,1013,487,266,0.8123711340206186,1,False
ragtime-na,0,adapter,1047,1015,100,25,0.9056603773584906,1,False
ragtime-na,0,adapter,1047,1017,182,45,0.8076923076923077,1,False
ragtime-na,0,adapter,1047,1019,418,265,0.9128787878787878,0,False
ragtime-na,0,adapter,1047,1021,257,119,0.837037037037037,1,False
ragtime-na,0,adapter,1047,1023,85,19,0.8333333333333334,0,False
ragtime-na,0,adapter,1047,1025,327,183,0.7297297297297297,1,False
ragtime-na,0,adapter,1047,1027,207,115,0.9035087719298246,0,False
ragtime-na,0,adapter,1047,1029,203,59,0.8793103448275862,0,False
ragtime-na,0,adapter,1047,1031,138,26,0.6097560975609756,1,False
ragtime-na,0,adapter,1047,1033,143,45,0.7532467532467533,0,False
ragtime-na,0,adapter,1047,1035,53,10,0.6666666666666666,1,False
ragtime-na,0,adapter,1047,1037,115,35,0.9041095890410958,0,False
ragtime-na,0,adapter,1047,1039,202,81,0.9426751592356688,0,False
ragtime-na,0,adapter,1047,1041,134,41,0.8571428571428571,0,False
ragtime-na,0,adapter,1047,1047,295,148,0.7949526813880127,1,True
ragtime-na,0,adapter,1047,1053,280,148,0.9403973509933775,0,False
ragtime-na,0,adapter,1047,1055,193,116,0.9361702127659575,0,False
ragtime-na,0,adapter,1047,1065,160,44,0.8314606741573034,1,False
ragtime-na,0,adapter,1047,1067,180,64,0.7819548872180451,1,False
ragtime-na,0,adapter,1047,1075,220,87,0.7320261437908496,1,False
ragtime-na,0,adapter,1047,1077,220,88,0.776595744680851,1,False
ragtime-na,0,adapter,1047,1079,153,37,0.810126582278481,1,False
ragtime-na,0,adapter,1047,1081,471,272,0.7731755424063116,1,False
ragtime-na,0,adapter,1047,1083,432,284,0.8845528455284553,1,False
ragtime-na,0,adapter,1047,1085,159,47,0.8070175438596491,1,False
ragtime-na,0,adapter,1047,1087,393,224,0.9168443496801706,0,False
ragtime-na,0,adapter,1053,1001,395,179,0.8498583569405099,0,False
ragtime-na,0,adapter,1053,1003,236,75,0.7910447761194029,1,False
ragtime-na,0,adapter,1053,1005,189,51,0.9074074074074074,0,False
ragtime-na,0,adapter,1053,1007,493,246,0.8631578947368421,0,False
ragtime-na,0,adapter,1053,1009,455,258,0.9625468164794008,0,False
ragtime-na,0,adapter,1053,1011,272,116,0.9159663865546218,0,False
ragtime-na,0,adapter,1053,1013,487,266,0.8406374501992032,1,False
ragtime-na,0,adapter,1053,1015,100,25,0.8888888888888888,1,False
ragtime-na,0,adapter,1053,1017,182,45,0.7610619469026548,1,False
ragtime-na,0,adapter,1053,1019,418,265,0.9080675422138836,0,False
ragtime-na,0,adapter,1053,1021,257,119,0.8363636363636363,1,False
ragtime-na,0,adapter,1053,1023,85,19,0.8108108108108109,0,False
ragtime-na,0,adapter,1053,1025,327,183,0.7741935483870968,1,False
ragtime-na,0,adapter,1053,1027,207,115,0.9090909090909091,0,False
ragtime-na,0,adapter,1053,1029,203,59,0.907563025210084,0,False
ragtime-na,0,adapter,1053,1031,138,26,0.5882352941176471,1,False
ragtime-na,0,adapter,1053,1033,143,45,0.7692307692307693,0,False
ragtime-na,0,adapter,1053,1035,53,10,0.7058823529411765,1,False
ragtime-na,0,adapter,1053,1037,115,35,0.9041095890410958,0,False
ragtime-na,0,adapter,1053,1039,202,81,0.9493670886075949,0,False
ragtime-na,0,adapter,1053,1041,134,41,0.8571428571428571,0,False
ragtime-na,0,adapter,1053,1047,295,148,0.7640449438202247,1,False
ragtime-na,0,adapter,1053,1053,280,148,0.9407894736842105,0,True
ragtime-na,0,adapter,1053,1055,193,116,0.9322033898305084,0,False
ragtime-na,0,adapter,1053,1065,160,44,0.8131868131868132,1,False
ragtime-na,0,adapter,1053,1067,180,64,0.7794117647058824,1,False
ragtime-na,0,adapter,1053,1075,220,87,0.7777777777777778,1,False
ragtime-na,0,adapter,1053,1077,220,88,0.7668393782383419,1,False
ragtime-na,0,adapter,1053,1079,153,37,0.7619047619047619,1,False
ragtime-na,0,adapter,1053,1081,471,272,0.7844660194174757,1,False
ragtime-na,0,adapter,1053,1083,432,284,0.8611544461778471,1,False
ragtime-na,0,adapter,1053,1085,159,47,0.7966101694915254,1,False
ragtime-na,0,adapter,1053,1087,393,224,0.9171974522292994,0,False
ragtime-na,0,adapter,1055,1001,395,179,0.848314606741573,0,False
ragtime-na,0,adapter,1055,1003,236,75,0.7910447761194029,1,False
ragtime-na,0,adapter,1055,1005,189,51,0.8990825688073395,0,False
ragtime-na,0,adapter,1055,1007,493,246,0.865546218487395,0,False
ragtime-na,0,adapter,1055,1009,455,258,0.9625468164794008,0,False
ragtime-na,0,adapter,1055,1011,272,116,0.9159663865546218,0,False
ragtime-na,0,adapter,1055,1013,487,266,0.8441814595660749,1,False
ragtime-na,0,adapter,1055,1015,100,25,0.8727272727272727,1,False
ragtime-na,0,adapter,1055,1017,182,45,0.7478260869565218,1,False
ragtime-na,0,adapter,1055,1019,418,265,0.9046728971962616,0,False
ragtime-na,0,adapter,1055,1021,257,119,0.8303249097472925,1,False
ragtime-na,0,adapter,1055,1023,85,19,0.8108108108108109,0,False
ragtime-na,0,adapter,1055,1025,327,183,0.7911392405063291,1,False
ragtime-na,0,adapter,1055,1027,207,115,0.9090909090909091,0,False
ragtime-na,0,adapter,1055,1029,203,59,0.9166666666666666,0,False
ragtime-na,0,adapter,1055,1031,138,26,0.5882352941176471,1,False
ragtime-na,0,adapter,1055,1033,143,45,0.8,0,False
ragtime-na,0,adapter,1055,1035,53,10,0.7058823529411765,1,False
ragtime-na,0,adapter,1055,1037,115,35,0.9041095890410958,0,False
ragtime-na,0,adapter,1055,1039,202,81,0.9559748427672956,0,False
ragtime-na,0,adapter,1055,1041,134,41,0.8461538461538461,0,False
ragtime-na,0,adapter,1055,1047,295,148,0.7632311977715878,1,False
ragtime-na,0,adapter,1055,1053,280,148,0.9411764705882353,0,False
ragtime-na,0,adapter,1055,1055,193,116,0.9322033898305084,0,True
ragtime-na,0,adapter,1055,1065,160,44,0.8043478260869565,1,False
ragtime-na,0,adapter,1055,1067,180,64,0.782608695652174,1,False
ragtime-na,0,adapter,1055,1075,220,87,0.8,1,False
ragtime-na,0,adapter,1055,1077,220,88,0.7653061224489796,1,False
ragtime-na,0,adapter,1055,1079,153,37,0.7764705882352941,1,False
ragtime-na,0,adapter,1055,1081,471,272,0.7807692307692308,1,False
ragtime-na,0,adapter,1055,1083,432,284,0.8598130841121495,1,False
ragtime-na,0,adapter,1055,1085,159,47,0.7704918032786885,1,False
ragtime-na,0,adapter,1055,1087,393,224,0.9217758985200846,0,False
ragtime-na,0,adapter,1065,1001,395,179,0.8507042253521127,0,False
ragtime-na,0,adapter,1065,1003,236,75,0.7910447761194029,1,False
ragtime-na,0,adapter,1065,1005,189,51,0.8990825688073395,0,False
ragtime-na,0,adapter,1065,1007,493,246,0.865546218487395,0,False
ragtime-na,0,adapter,1065,1009,455,258,0.9625468164794008,0,False
ragtime-na,0,adapter,1065,1011,272,116,0.9159663865546218,0,False
ragtime-na,0,adapter,1065,1013,487,266,0.8429423459244533,1,False
ragtime-na,0,adapter,1065,1015,100,25,0.8727272727272727,1,False
ragtime-na,0,adapter,1065,1017,182,45,0.7543859649122807,1,False
ragtime-na,0,adapter,1065,1019,418,265,0.9046728971962616,0,False
ragtime-na,0,adapter,1065,1021,257,119,0.8333333333333334,1,False
ragtime-na,0,adapter,1065,1023,85,19,0.8108108108108109,0,False
ragtime-na,0,adapter,1065,1025,327,183,0.7756410256410257,1,False
ragtime-na,0,adapter,1065,1027,207,115,0.9090909090909091,0,False
ragtime-na,0,adapter,1065,1029,203,59,0.907563025210084,0,False
ragtime-na,0,adapter,1065,1031,138,26,0.5882352941176471,1,False
ragtime-na,0,adapter,1065,1033,143,45,0.8,0,False
ragtime-na,0,adapter,1065,1035,53,10,0.7058823529411765,1,False
ragtime-na,0,adapter,1065,1037,115,35,0.9041095890410958,0,False
ragtime-na,0,adapter,1065,1039,202,81,0.9559748427672956,0,False
ragtime-na,0,adapter,1065,1041,134,41,0.8571428571428571,0,False
ragtime-na,0,adapter,1065,1047,295,148,0.7653631284916201,1,False
ragtime-na,0,adapter,1065,1053,280,148,0.9411764705882353,0,False
ragtime-na,0,adapter,1065,1055,193,116,0.9322033898305084,0,False
ragtime-na,0,adapter,1065,1065,160,44,0.8131868131868132,1,True
ragtime-na,0,adapter,1065,1067,180,64,0.7794117647058824,1,False
ragtime-na,0,adapter,1065,1075,220,87,0.7852760736196319,1,False
ragtime-na,0,adapter,1065,1077,220,88,0.7589743589743589,1,False
ragtime-na,0,adapter,1065,1079,153,37,0.7710843373493976,1,False
ragtime-na,0,adapter,1065,1081,471,272,0.7784200385356455,1,False
ragtime-na,0,adapter,1065,1083,432,284,0.8598130841121495,1,False
ragtime-na,0,adapter,1065,1085,159,47,0.7704918032786885,1,False
ragtime-na,0,adapter,1065,1087,393,224,0.9171974522292994,0,False
ragtime-na,0,adapter,1067,1001,395,179,0.8538681948424068,0,False
ragtime-na,0,adapter,1067,1003,236,75,0.7969924812030075,1,False
ragtime-na,0,adapter,1067,1005,189,51,0.9074074074074074,0,False
ragtime-na,0,adapter,1067,1007,493,246,0.8649789029535865,0,False
ragtime-na,0,adapter,1067,1009,455,258,0.9625468164794008,0,False
ragtime-na,0,adapter,1067,1011,272,116,0.919831223628692,0,False
ragtime-na,0,adapter,1067,1013,487,266,0.8393574297188755,1,False
ragtime-na,0,adapter,1067,1015,100,25,0.8888888888888888,1,False
ragtime-na,0,adapter,1067,1017,182,45,0.7818181818181819,1,False
ragtime-na,0,adapter,1067,1019,418,265,0.9132075471698113,0,False
ragtime-na,0,adapter,1067,1021,257,119,0.8321167883211679,1,False
ragtime-na,0,adapter,1067,1023,85,19,0.8108108108108109,0,False
ragtime-na,0,adapter,1067,1025,327,183,0.7702265372168284,1,False
ragtime-na,0,adapter,1067,1027,207,115,0.9090909090909091,0,False
ragtime-na,0,adapter,1067,1029,203,59,0.907563025210084,0,False
ragtime-na,0,adapter,1067,1031,138,26,0.5882352941176471,1,False
ragtime-na,0,adapter,1067,1033,143,45,0.7692307692307693,0,False
ragtime-na,0,adapter,1067,1035,53,10,0.7058823529411765,1,False
ragtime-na,0,adapter,1067,1037,115,35,0.9041095890410958,0,False
ragtime-na,0,adapter,1067,1039,202,81,0.9493670886075949,0,False
ragtime-na,0,adapter,1067,1041,134,41,0.8571428571428571,0,False
ragtime-na,0,adapter,1067,1047,295,148,0.7657142857142857,1,False
ragtime-na,0,adapter,1067,1053,280,148,0.9442622950819672,0,False
ragtime-na,0,adapter,1067,1055,193,116,0.9322033898305084,0,False
ragtime-na,0,adapter,1067,1065,160,44,0.8131868131868132,1,False
ragtime-na,0,adapter,1067,1067,180,64,0.7819548872180451,1,True
ragtime-na,0,adapter,1067,1075,220,87,0.7435897435897436,1,False
ragtime-na,0,adapter,1067,1077,220,88,0.7708333333333334,1,False
ragtime-na,0,adapter,1067,1079,153,37,0.7804878048780488,1,False
ragtime-na,0,adapter,1067,1081,471,272,0.7749510763209393,1,False
ragtime-na,0,adapter,1067,1083,432,284,0.8665620094191523,1,False
ragtime-na,0,adapter,1067,1085,159,47,0.7966101694915254,1,False
ragtime-na,0,adapter,1067,1087,393,224,0.9171974522292994,0,False
ragtime-na,0,adapter,1075,1001,395,179,0.8453038674033149,0,False
ragtime-na,0,adapter,1075,1003,236,75,0.8,1,False
ragtime-na,0,adapter,1075,1005,189,51,0.8909090909090909,0,False
ragtime-na,0,adapter,1075,1007,493,246,0.8661087866108786,0,False
ragtime-na,0,adapter,1075,1009,455,258,0.9589552238805971,0,False
ragtime-na,0,adapter,1075,1011,272,116,0.9205020920502092,0,False
ragtime-na,0,adapter,1075,1013,487,266,0.8571428571428571,1,False
ragtime-na,0,adapter,1075,1015,100,25,0.8727272727272727,1,False
ragtime-na,0,adapter,1075,1017,182,45,0.7457627118644068,1,False
ragtime-na,0,adapter,1075,1019,418,265,0.9067164179104478,0,False
ragtime-na,0,adapter,1075,1021,257,119,0.8315412186379928,1,False
ragtime-na,0,adapter,1075,1023,85,19,0.8108108108108109,0,False
ragtime-na,0,adapter,1075,1025,327,183,0.8148148148148148,1,False
ragtime-na,0,adapter,1075,1027,207,115,0.9145299145299145,0,False
ragtime-na,0,adapter,1075,1029,203,59,0.9256198347107438,0,False
ragtime-na,0,adapter,1075,1031,138,26,0.5813953488372093,1,False
ragtime-na,0,adapter,1075,1033,143,45,0.7804878048780488,0,False
ragtime-na,0,adapter,1075,1035,53,10,0.7058823529411765,1,False
ragtime-na,0,adapter,1075,1037,115,35,0.8918918918918919,0,False
ragtime-na,0,adapter,1075,1039,202,81,0.9506172839506173,0,False
ragtime-na,0,adapter,1075,1041,134,41,0.8354430379746836,0,False
ragtime-na,0,adapter,1075,1047,295,148,0.7671232876712328,1,False
ragtime-na,0,adapter,1075,1053,280,148,0.9446254071661238,0,False
ragtime-na,0,adapter,1075,1055,193,116,0.9282700421940928,0,False
ragtime-na,0,adapter,1075,1065,160,44,0.8043478260869565,1,False
ragtime-na,0,adapter,1075,1067,180,64,0.782608695652174,1,False
ragtime-na,0,adapter,1075,1075,220,87,0.8421052631578947,1,True
ragtime-na,0,adapter,1075,1077,220,88,0.7575757575757576,1,False
ragtime-na,0,adapter,1075,1079,153,37,0.7727272727272727,1,False
ragtime-na,0,adapter,1075,1081,471,272,0.7803030303030303,1,False
ragtime-na,0,adapter,1075,1083,432,284,0.8580246913580247,1,False
ragtime-na,0,adapter,1075,1085,159,47,0.7704918032786885,1,False
ragtime-na,0,adapter,1075,1087,393,224,0.9201680672268907,0,False
ragtime-na,0,adapter,1077,1001,395,179,0.8498583569405099,0,False
ragtime-na,0,adapter,1077,1003,236,75,0.7910447761194029,1,False
ragtime-na,0,adapter,1077,1005,189,51,0.9074074074074074,0,False
ragtime-na,0,adapter,1077,1007,493,246,0.8631578947368421,0,False
ragtime-na,0,adapter,1077,1009,455,258,0.9625468164794008,0,False
ragtime-na,0,adapter,1077,1011,272,116,0.919831223628692,0,False
ragtime-na,0,adapter,1077,1013,487,266,0.8406374501992032,1,False
ragtime-na,0,adapter,1077,1015,100,25,0.8888888888888888,1,False
ragtime-na,0,adapter,1077,1017,182,45,0.7610619469026548,1,False
ragtime-na,0,adapter,1077,1019,418,265,0.9080675422138836,0,False
ragtime-na,0,adapter,1077,1021,257,119,0.8363636363636363,1,False
ragtime-na,0,adapter,1077,1023,85,19,0.8108108108108109,0,False
ragtime-na,0,adapter,1077,1025,327,183,0.7741935483870968,1,False
ragtime-na,0,adapter,1077,1027,207,115,0.9090909090909091,0,False
ragtime-na,0,adapter,1077,1029,203,59,0.907563025210084,0,False
ragtime-na,0,adapter,1077,1031,138,26,0.5882352941176471,1,False
ragtime-na,0,adapter,1077,1033,143,45,0.7692307692307693,0,False
ragtime-na,0,adapter,1077,1035,53,10,0.7058823529411765,1,False
ragtime-na,0,adapter,1077,1037,115,35,0.9041095890410958,0,False
ragtime-na,0,adapter,1077,1039,202,81,0.9493670886075949,0,False
ragtime-na,0,adapter,1077,1041,134,41,0.8571428571428571,0,False
ragtime-na,0,adapter,1077,1047,295,148,0.7718309859154929,1,False
ragtime-na,0,adapter,1077,1053,280,148,0.9442622950819672,0,False
ragtime-na,0,adapter,1077,1055,193,116,0.9322033898305084,0,False
ragtime-na,0,adapter,1077,1065,160,44,0.8131868131868132,1,False
ragtime-na,0,adapter,1077,1067,180,64,0.7794117647058824,1,False
ragtime-na,0,adapter,1077,1075,220,87,0.7777777777777778,1,False
ragtime-na,0,adapter,1077,1077,220,88,0.774869109947644,1,True
ragtime-na,0,adapter,1077,1079,153,37,0.7804878048780488,1,False
ragtime-na,0,adapter,1077,1081,471,272,0.781431334622824,1,False
ragtime-na,0,adapter,1077,1083,432,284,0.8611544461778471,1,False
ragtime-na,0,adapter,1077,1085,159,47,0.7899159663865546,1,False
ragtime-na,0,adapter,1077,1087,393,224,0.9171974522292994,0,False
ragtime-na,0,adapter,1079,1001,395,179,0.8498583569405099,0,False
ragtime-na,0,adapter,1079,1003,236,75,0.7910447761194029,1,False
ragtime-na,0,adapter,1079,1005,189,51,0.9074074074074074,0,False
ragtime-na,0,adapter,1079,1007,493,246,0.8631578947368421,0,False
ragtime-na,0,adapter,1079,1009,455,258,0.9625468164794008,0,False
ragtime-na,0,adapter,1079,1011,272,116,0.919831223628692,0,False
ragtime-na,0,adapter,1079,1013,487,266,0.844,1,False
ragtime-na,0,adapter,1079,1015,100,25,0.8888888888888888,1,False
ragtime-na,0,adapter,1079,1017,182,45,0.7678571428571429,1,False
ragtime-na,0,adapter,1079,1019,418,265,0.9097744360902256,0,False
ragtime-na,0,adapter,1079,1021,257,119,0.8363636363636363,1,False
ragtime-na,0,adapter,1079,1023,85,19,0.8108108108108109,0,False
ragtime-na,0,adapter,1079,1025,327,183,0.7741935483870968,1,False
ragtime-na,0,adapter,1079,1027,207,115,0.9090909090909091,0,False
ragtime-na,0,adapter,1079,1029,203,59,0.907563025210084,0,False
ragtime-na,0,adapter,1079,1031,138,26,0.5882352941176471,1,False
ragtime-na,0,adapter,1079,1033,143,45,0.7692307692307693,0,False
ragtime-na,0,adapter,1079,1035,53,10,0.7058823529411765,1,False
ragtime-na,0,adapter,1079,1037,115,35,0.9041095890410958,0,False
ragtime-na,0,adapter,1079,1039,202,81,0.9493670886075949,0,False
ragtime-na,0,adapter,1079,1041,134,41,0.8571428571428571,0,False
ragtime-na,0,adapter,1079,1047,295,148,0.7696629213483146,1,False
ragtime-na,0,adapter,1079,1053,280,148,0.9442622950819672,0,False
ragtime-na,0,adapter,1079,1055,193,116,0.9322033898305084,0,False
ragtime-na,0,adapter,1079,1065,160,44,0.8131868131868132,1,False
ragtime-na,0,adapter,1079,1067,180,64,0.7703703703703704,1,False
ragtime-na,0,adapter,1079,1075,220,87,0.7777777777777778,1,False
ragtime-na,0,adapter,1079,1077,220,88,0.7708333333333334,1,False
ragtime-na,0,adapter,1079,1079,153,37,0.8,1,True
ragtime-na,0,adapter,1079,1081,471,272,0.781431334622824,1,False
ragtime-na,0,adapter,1079,1083,432,284,0.8625,1,False
ragtime-na,0,adapter,1079,1085,159,47,0.7966101694915254,1,False
ragtime-na,0,adapter,1079,1087,393,224,0.9171974522292994,0,False
ragtime-na,0,adapter,1081,1001,395,179,0.8539325842696629,0,False
ragtime-na,0,adapter,1081,1003,236,75,0.7910447761194029,1,False
ragtime-na,0,adapter,1081,1005,189,51,0.9074074074074074,0,False
ragtime-na,0,adapter,1081,1007,493,246,0.8661087866108786,0,False
ragtime-na,0,adapter,1081,1009,455,258,0.9643527204502814,0,False
ragtime-na,0,adapter,1081,1011,272,116,0.9205020920502092,0,False
ragtime-na,0,adapter,1081,1013,487,266,0.84251968503937,1,False
ragtime-na,0,adapter,1081,1015,100,25,0.8727272727272727,1,False
ragtime-na,0,adapter,1081,1017,182,45,0.7478260869565218,1,False
ragtime-na,0,adapter,1081,1019,418,265,0.9046728971962616,0,False
ragtime-na,0,adapter,1081,1021,257,119,0.8375451263537906,1,False
ragtime-na,0,adapter,1081,1023,85,19,0.8108108108108109,0,False
ragtime-na,0,adapter,1081,1025,327,183,0.7987421383647799,1,False
ragtime-na,0,adapter,1081,1027,207,115,0.9051724137931034,0,False
ragtime-na,0,adapter,1081,1029,203,59,0.9166666666666666,0,False
ragtime-na,0,adapter,1081,1031,138,26,0.5882352941176471,1,False
ragtime-na,0,adapter,1081,1033,143,45,0.7848101265822784,0,False
ragtime-na,0,adapter,1081,1035,53,10,0.7058823529411765,1,False
ragtime-na,0,adapter,1081,1037,115,35,0.9041095890410958,0,False
ragtime-na,0,adapter,1081,1039,202,81,0.9559748427672956,0,False
ragtime-na,0,adapter,1081,1041,134,41,0.8461538461538461,0,False
ragtime-na,0,adapter,1081,1047,295,148,0.7611111111111111,1,False
ragtime-na,0,adapter,1081,1053,280,148,0.9411764705882353,0,False
ragtime-na,0,adapter,1081,1055,193,116,0.9282700421940928,0,False
ragtime-na,0,adapter,1081,1065,160,44,0.8043478260869565,1,False
ragtime-na,0,adapter,1081,1067,180,64,0.782608695652174,1,False
ragtime-na,0,adapter,1081,1075,220,87,0.7852760736196319,1,False
ragtime-na,0,adapter,1081,1077,220,88,0.7628865979381443,1,False
ragtime-na,0,adapter,1081,1079,153,37,0.7441860465116279,1,False
ragtime-na,0,adapter,1081,1081,471,272,0.8533333333333334,1,True
ragtime-na,0,adapter,1081,1083,432,284,0.8615863141524106,1,False
ragtime-na,0,adapter,1081,1085,159,47,0.7899159663865546,1,False
ragtime-na,0,adapter,1081,1087,393,224,0.9175475687103594,0,False
ragtime-na,0,adapter,1083,1001,395,179,0.855457227138643,0,False
ragtime-na,0,adapter,1083,1003,236,75,0.7596899224806202,1,False
ragtime-na,0,adapter,1083,1005,189,51,0.9333333333333333,0,False
ragtime-na,0,adapter,1083,1007,493,246,0.849015317286652,0,False
ragtime-na,0,adapter,1083,1009,455,258,0.9716446124763705,0,False
ragtime-na,0,adapter,1083,1011,272,116,0.919831223628692,0,False
ragtime-na,0,adapter,1083,1013,487,266,0.7787234042553192,1,False
ragtime-na,0,adapter,1083,1015,100,25,0.8846153846153846,1,False
ragtime-na,0,adapter,1083,1017,182,45,0.84,1,False
ragtime-na,0,adapter,1083,1019,418,265,0.9142857142857143,0,False
ragtime-na,0,adapter,1083,1021,257,119,0.8257575757575758,1,False
ragtime-na,0,adapter,1083,1023,85,19,0.8235294117647058,0,False
ragtime-na,0,adapter,1083,1025,327,183,0.6898954703832753,1,False
ragtime-na,0,adapter,1083,1027,207,115,0.8928571428571429,0,False
ragtime-na,0,adapter,1083,1029,203,59,0.8771929824561403,0,False
ragtime-na,0,adapter,1083,1031,138,26,0.6172839506172839,1,False
ragtime-na,0,adapter,1083,1033,143,45,0.7368421052631579,0,False
ragtime-na,0,adapter,1083,1035,53,10,0.6666666666666666,1,False
ragtime-na,0,adapter,1083,1037,115,35,0.9428571428571428,0,False
ragtime-na,0,adapter,1083,1039,202,81,0.9419354838709677,0,False
ragtime-na,0,adapter,1083,1041,134,41,0.8571428571428571,0,False
ragtime-na,0,adapter,1083,1047,295,148,0.7730061349693251,1,False
ragtime-na,0,adapter,1083,1053,280,148,0.9494949494949495,0,False
ragtime-na,0,adapter,1083,1055,193,116,0.9401709401709402,0,False
ragtime-na,0,adapter,1083,1065,160,44,0.8470588235294118,1,False
ragtime-na,0,adapter,1083,1067,180,64,0.7538461538461538,1,False
ragtime-na,0,adapter,1083,1075,220,87,0.684931506849315,1,False
ragtime-na,0,adapter,1083,1077,220,88,0.7624309392265194,1,False
ragtime-na,0,adapter,1083,1079,153,37,0.8421052631578947,1,False
ragtime-na,0,adapter,1083,1081,471,272,0.7717171717171717,1,False
ragtime-na,0,adapter,1083,1083,432,284,0.8977469670710572,1,True
ragtime-na,0,adapter,1083,1085,159,47,0.8363636363636363,1,False
ragtime-na,0,adapter,1083,1087,393,224,0.9161290322580645,0,False
ragtime-na,0,adapter,1085,1001,395,179,0.8490028490028491,0,False
ragtime-na,0,adapter,1085,1003,236,75,0.7910447761194029,1,False
ragtime-na,0,adapter,1085,1005,189,51,0.9074074074074074,0,False
ragtime-na,0,adapter,1085,1007,493,246,0.8668076109936576,0,False
ragtime-na,0,adapter,1085,1009,455,258,0.9625468164794008,0,False
ragtime-na,0,adapter,1085,1011,272,116,0.919831223628692,0,False
ragtime-na,0,adapter,1085,1013,487,266,0.8393574297188755,1,False
ragtime-na,0,adapter,1085,1015,100,25,0.8888888888888888,1,False
ragtime-na,0,adapter,1085,1017,182,45,0.7747747747747747,1,False
ragtime-na,0,adapter,1085,1019,418,265,0.911487758945386,0,False
ragtime-na,0,adapter,1085,1021,257,119,0.8363636363636363,1,False
ragtime-na,0,adapter,1085,1023,85,19,0.8108108108108109,0,False
ragtime-na,0,adapter,1085,1025,327,183,0.7741935483870968,1,False
ragtime-na,0,adapter,1085,1027,207,115,0.9090909090909091,0,False
ragtime-na,0,adapter,1085,1029,203,59,0.907563025210084,0,False
ragtime-na,0,adapter,1085,1031,138,26,0.5952380952380952,1,False
ragtime-na,0,adapter,1085,1033,143,45,0.7692307692307693,0,False
ragtime-na,0,adapter,1085,1035,53,10,0.7058823529411765,1,False
ragtime-na,0,adapter,1085,1037,115,35,0.9041095890410958,0,False
ragtime-na,0,adapter,1085,1039,202,81,0.9493670886075949,0,False
ragtime-na,0,adapter,1085,1041,134,41,0.8571428571428571,0,False
ragtime-na,0,adapter,1085,1047,295,148,0.7714285714285715,1,False
ragtime-na,0,adapter,1085,1053,280,148,0.9442622950819672,0,False
ragtime-na,0,adapter,1085,1055,193,116,0.9322033898305084,0,False
ragtime-na,0,adapter,1085,1065,160,44,0.8131868131868132,1,False
ragtime-na,0,adapter,1085,1067,180,64,0.7703703703703704,1,False
ragtime-na,0,adapter,1085,1075,220,87,0.7672955974842768,1,False
ragtime-na,0,adapter,1085,1077,220,88,0.7708333333333334,1,False
ragtime-na,0,adapter,1085,1079,153,37,0.7804878048780488,1,False
ragtime-na,0,adapter,1085,1081,471,272,0.77734375,1,False
ragtime-na,0,adapter,1085,1083,432,284,0.8652037617554859,1,False
ragtime-na,0,adapter,1085,1085,159,47,0.8288288288288288,1,True
ragtime-na,0,adapter,1085,1087,393,224,0.9171974522292994,0,False
ragtime-na,0,adapter,1087,1001,395,179,0.863768115942029,0,False
ragtime-na,0,adapter,1087,1003,236,75,0.7969924812030075,1,False
ragtime-na,0,adapter,1087,1005,189,51,0.9074074074074074,0,False
ragtime-na,0,adapter,1087,1007,493,246,0.8626609442060086,0,False
ragtime-na,0,adapter,1087,1009,455,258,0.9661654135338346,0,False
ragtime-na,0,adapter,1087,1011,272,116,0.919831223628692,0,False
ragtime-na,0,adapter,1087,1013,487,266,0.8252032520325203,1,False
ragtime-na,0,adapter,1087,1015,100,25,0.8888888888888888,1,False
ragtime-na,0,adapter,1087,1017,182,45,0.7850467289719626,1,False
ragtime-na,0,adapter,1087,1019,418,265,0.9111531190926276,0,False
ragtime-na,0,adapter,1087,1021,257,119,0.8413284132841329,1,False
ragtime-na,0,adapter,1087,1023,85,19,0.8333333333333334,0,False
ragtime-na,0,adapter,1087,1025,327,183,0.7508305647840532,1,False
ragtime-na,0,adapter,1087,1027,207,115,0.9043478260869565,0,False
ragtime-na,0,adapter,1087,1029,203,59,0.907563025210084,0,False
ragtime-na,0,adapter,1087,1031,138,26,0.6097560975609756,1,False
ragtime-na,0,adapter,1087,1033,143,45,0.7692307692307693,0,False
ragtime-na,0,adapter,1087,1035,53,10,0.7058823529411765,1,False
ragtime-na,0,adapter,1087,1037,115,35,0.9041095890410958,0,False
ragtime-na,0,adapter,1087,1039,202,81,0.9487179487179487,0,False
ragtime-na,0,adapter,1087,1041,134,41,0.8571428571428571,0,False
ragtime-na,0,adapter,1087,1047,295,148,0.7665706051873199,1,False
ragtime-na,0,adapter,1087,1053,280,148,0.9372937293729373,0,False
ragtime-na,0,adapter,1087,1055,193,116,0.9322033898305084,0,False
ragtime-na,0,adapter,1087,1065,160,44,0.8222222222222222,1,False
ragtime-na,0,adapter,1087,1067,180,64,0.7819548872180451,1,False
ragtime-na,0,adapter,1087,1075,220,87,0.7354838709677419,1,False
ragtime-na,0,adapter,1087,1077,220,88,0.774869109947644,1,False
ragtime-na,0,adapter,1087,1079,153,37,0.810126582278481,1,False
ragtime-na,0,adapter,1087,1081,471,272,0.7716535433070866,1,False
ragtime-na,0,adapter,1087,1083,432,284,0.8726114649681529,1,False
ragtime-na,0,adapter,1087,1085,159,47,0.7931034482758621,1,False
ragtime-na,0,adapter,1087,1087,393,224,0.9164882226980728,0,True
ragtime-na,0,backbone,1001,1001,395,179,0.8472622478386167,0,True
ragtime-na,0,backbone,1001,1003,236,75,0.7786259541984732,1,False
ragtime-na,0,backbone,1001,1005,189,51,0.9333333333333333,0,False
ragtime-na,0,backbone,1001,1007,493,246,0.8632478632478633,0,False
ragtime-na,0,backbone,1001,1009,455,258,0.9643527204502814,0,False
ragtime-na,0,backbone,1001,1011,272,116,0.9067796610169492,0,False
ragtime-na,0,backbone,1001,1013,487,266,0.7643312101910829,1,False
ragtime-na,0,backbone,1001,1015,100,25,0.9019607843137255,1,False
ragtime-na,0,backbone,1001,1017,182,45,0.7924528301886793,1,False
ragtime-na,0,backbone,1001,1019,418,265,0.908411214953271,0,False
ragtime-na,0,backbone,1001,1021,257,119,0.8382352941176471,1,False
ragtime-na,0,backbone,1001,1023,85,19,0.7894736842105263,0,False
ragtime-na,0,backbone,1001,1025,327,183,0.7483443708609272,1,False
ragtime-na,0,backbone,1001,1027,207,115,0.8995633187772926,0,False
ragtime-na,0,backbone,1001,1029,203,59,0.9166666666666666,0,False
ragtime-na,0,backbone,1001,1031,138,26,0.6024096385542169,1,False
ragtime-na,0,backbone,1001,1033,143,45,0.7848101265822784,0,False
ragtime-na,0,backbone,1001,1035,53,10,0.8235294117647058,1,False
ragtime-na,0,backbone,1001,1037,115,35,0.9428571428571428,0,False
ragtime-na,0,backbone,1001,1039,202,81,0.9419354838709677,0,False
ragtime-na,0,backbone,1001,1041,134,41,0.85,0,False
ragtime-na,0,backbone,1001,1047,295,148,0.7768115942028986,1,False
ragtime-na,0,backbone,1001,1053,280,148,0.9372937293729373,0,False
ragtime-na,0,backbone,1001,1055,193,116,0.923728813559322,0,False
ragtime-na,0,backbone,1001,1065,160,44,0.8222222222222222,1,False
ragtime-na,0,backbone,1001,1067,180,64,0.7883211678832117,1,False
ragtime-na,0,backbone,1001,1075,220,87,0.7225806451612903,1,False
ragtime-na,0,backbone,1001,1077,220,88,0.7894736842105263,1,False
ragtime-na,0,backbone,1001,1079,153,37,0.7619047619047619,1,False
ragtime-na,0,backbone,1001,1081,471,272,0.810077519379845,1,False
ragtime-na,0,backbone,1001,1083,432,284,0.8793650793650793,1,False
ragtime-na,0,backbone,1001,1085,159,47,0.7796610169491526,1,False
ragtime-na,0,backbone,1001,1087,393,224,0.9200863930885529,0,False
ragtime-na,0,backbone,1003,1001,395,179,0.8628571428571429,0,False
ragtime-na,0,backbone,1003,1003,236,75,0.9798657718120806,1,True
ragtime-na,0,backbone,1003,1005,189,51,0.9056603773584906,0,False
ragtime-na,0,backbone,1003,1007,493,246,0.8459869848156182,0,False
ragtime-na,0,backbone,1003,1009,455,258,0.9640831758034026,0,False
ragtime-na,0,backbone,1003,1011,272,116,0.9121338912133892,0,False
ragtime-na,0,backbone,1003,1013,487,266,0.8244897959183674,1,False
ragtime-na,0,backbone,1003,1015,100,25,0.8846153846153846,1,False
ragtime-na,0,backbone,1003,1017,182,45,0.8235294117647058,1,False
ragtime-na,0,backbone,1003,1019,418,265,0.908411214953271,0,False
ragtime-na,0,backbone,1003,1021,257,119,0.8394160583941606,1,False
ragtime-na,0,backbone,1003,1023,85,19,0.8571428571428571,0,False
ragtime-na,0,backbone,1003,1025,327,183,0.7540983606557377,1,False
ragtime-na,0,backbone,1003,1027,207,115,0.8947368421052632,0,False
ragtime-na,0,backbone,1003,1029,203,59,0.8983050847457628,0,False
ragtime-na,0,backbone,1003,1031,138,26,0.6666666666666666,1,False
ragtime-na,0,backbone,1003,1033,143,45,0.7692307692307693,0,False
ragtime-na,0,backbone,1003,1035,53,10,0.9473684210526315,1,False
ragtime-na,0,backbone,1003,1037,115,35,0.9295774647887324,0,False
ragtime-na,0,backbone,1003,1039,202,81,0.9559748427672956,0,False
ragtime-na,0,backbone,1003,1041,134,41,0.8974358974358975,0,False
ragtime-na,0,backbone,1003,1047,295,148,0.7558139534883721,1,False
ragtime-na,0,backbone,1003,1053,280,148,0.9488054607508533,0,False
ragtime-na,0,backbone,1003,1055,193,116,0.9310344827586207,0,False
ragtime-na,0,backbone,1003,1065,160,44,0.8470588235294118,1,False
ragtime-na,0,backbone,1003,1067,180,64,0.7786259541984732,1,False
ragtime-na,0,backbone,1003,1075,220,87,0.7236842105263158,1,False
ragtime-na,0,backbone,1003,1077,220,88,0.7724867724867724,1,False
ragtime-na,0,backbone,1003,1079,153,37,0.810126582278481,1,False
ragtime-na,0,backbone,1003,1081,471,272,0.790224032586558,1,False
ragtime-na,0,backbone,1003,1083,432,284,0.8771929824561403,1,False
ragtime-na,0,backbone,1003,1085,159,47,0.8363636363636363,1,False
ragtime-na,0,backbone,1003,1087,393,224,0.911062906724512,0,False
ragtime-na,0,backbone,1005,1001,395,179,0.8379888268156425,0,False
ragtime-na,0,backbone,1005,1003,236,75,0.8059701492537313,1,False
ragtime-na,0,backbone,1005,1005,189,51,0.8867924528301887,0,True
ragtime-na,0,backbone,1005,1007,493,246,0.8648648648648649,0,False
ragtime-na,0,backbone,1005,1009,455,258,0.9607476635514018,0,False
ragtime-na,0,backbone,1005,1011,272,116,0.9173553719008265,0,False
ragtime-na,0,backbone,1005,1013,487,266,0.8374760994263862,1,False
ragtime-na,0,backbone,1005,1015,100,25,0.8727272727272727,1,False
ragtime-na,0,backbone,1005,1017,182,45,0.7457627118644068,1,False
ragtime-na,0,backbone,1005,1019,418,265,0.9087523277467412,0,False
ragtime-na,0,backbone,1005,1021,257,119,0.8345323741007195,1,False
ragtime-na,0,backbone,1005,1023,85,19,0.7142857142857143,0,False
ragtime-na,0,backbone,1005,1025,327,183,0.803680981595092,1,False
ragtime-na,0,backbone,1005,1027,207,115,0.907563025210084,0,False
ragtime-na,0,backbone,1005,1029,203,59,0.8983050847457628,0,False
ragtime-na,0,backbone,1005,1031,138,26,0.5434782608695652,1,False
ragtime-na,0,backbone,1005,1033,143,45,0.7848101265822784,0,False
ragtime-na,0,backbone,1005,1035,53,10,0.8235294117647058,1,False
ragtime-na,0,backbone,1005,1037,115,35,0.9041095890410958,0,False
ragtime-na,0,backbone,1005,1039,202,81,0.9565217391304348,0,False
ragtime-na,0,backbone,1005,1041,134,41,0.85,0,False
ragtime-na,0,backbone,1005,1047,295,148,0.7692307692307693,1,False
ragtime-na,0,backbone,1005,1053,280,148,0.934640522875817,0,False
ragtime-na,0,backbone,1005,1055,193,116,0.9276595744680851,0,False
ragtime-na,0,backbone,1005,1065,160,44,0.8,1,False
ragtime-na,0,backbone,1005,1067,180,64,0.7681159420289855,1,False
ragtime-na,0,backbone,1005,1075,220,87,0.7951807228915663,1,False
ragtime-na,0,backbone,1005,1077,220,88,0.7647058823529411,1,False
ragtime-na,0,backbone,1005,1079,153,37,0.7555555555555555,1,False
ragtime-na,0,backbone,1005,1081,471,272,0.7962616822429907,1,False
ragtime-na,0,backbone,1005,1083,432,284,0.8691588785046729,1,False
ragtime-na,0,backbone,1005,1085,159,47,0.752,1,False
ragtime-na,0,backbone,1005,1087,393,224,0.9175475687103594,0,False
ragtime-na,0,backbone,1007,1001,395,179,0.8433048433048433,0,False
ragtime-na,0,backbone,1007,1003,236,75,0.8062015503875969,1,False
ragtime-na,0,backbone,1007,1005,189,51,0.9514563106796117,0,False
ragtime-na,0,backbone,1007,1007,493,246,0.8842105263157894,0,True
ragtime-na,0,backbone,1007,1009,455,258,0.9659090909090909,0,False
ragtime-na,0,backbone,1007,1011,272,116,0.9276595744680851,0,False
ragtime-na,0,backbone,1007,1013,487,266,0.755939524838013,1,False
ragtime-na,0,backbone,1007,1015,100,25,0.8928571428571429,1,False
ragtime-na,0,backbone,1007,1017,182,45,0.7706422018348624,1,False
ragtime-na,0,backbone,1007,1019,418,265,0.9118198874296435,0,False
ragtime-na,0,backbone,1007,1021,257,119,0.8303249097472925,1,False
ragtime-na,0,backbone,1007,1023,85,19,0.7567567567567568,0,False
ragtime-na,0,backbone,1007,1025,327,183,0.7030716723549488,1,False
ragtime-na,0,backbone,1007,1027,207,115,0.8956521739130435,0,False
ragtime-na,0,backbone,1007,1029,203,59,0.907563025210084,0,False
ragtime-na,0,backbone,1007,1031,138,26,0.6024096385542169,1,False
ragtime-na,0,backbone,1007,1033,143,45,0.759493670886076,0,False
ragtime-na,0,backbone,1007,1035,53,10,0.6666666666666666,1,False
ragtime-na,0,backbone,1007,1037,115,35,0.9565217391304348,0,False
ragtime-na,0,backbone,1007,1039,202,81,0.9426751592356688,0,False
ragtime-na,0,backbone,1007,1041,134,41,0.868421052631579,0,False
ragtime-na,0,backbone,1007,1047,295,148,0.7794561933534743,1,False
ragtime-na,0,backbone,1007,1053,280,148,0.94,0,False
ragtime-na,0,backbone,1007,1055,193,116,0.940677966101695,0,False
ragtime-na,0,backbone,1007,1065,160,44,0.8089887640449438,1,False
ragtime-na,0,backbone,1007,1067,180,64,0.7703703703703704,1,False
ragtime-na,0,backbone,1007,1075,220,87,0.7066666666666667,1,False
ragtime-na,0,backbone,1007,1077,220,88,0.7978723404255319,1,False
ragtime-na,0,backbone,1007,1079,153,37,0.8048780487804879,1,False
ragtime-na,0,backbone,1007,1081,471,272,0.7663934426229508,1,False
ragtime-na,0,backbone,1007,1083,432,284,0.8842443729903537,1,False
ragtime-na,0,backbone,1007,1085,159,47,0.8070175438596491,1,False
ragtime-na,0,backbone,1007,1087,393,224,0.9166666666666666,0,False
ragtime-na,0,backbone,1009,1001,395,179,0.8477611940298507,0,False
ragtime-na,0,backbone,1009,1003,236,75,0.75,1,False
ragtime-na,0,backbone,1009,1005,189,51,0.9514563106796117,0,False
ragtime-na,0,backbone,1009,1007,493,246,0.8427947598253275,0,False
ragtime-na,0,backbone,1009,1009,455,258,0.972972972972973,0,True
ragtime-na,0,backbone,1009,1011,272,116,0.905982905982906,0,False
ragtime-na,0,backbone,1009,1013,487,266,0.8075313807531381,1,False
ragtime-na,0,backbone,1009,1015,100,25,0.9056603773584906,1,False
ragtime-na,0,backbone,1009,1017,182,45,0.82,1,False
ragtime-na,0,backbone,1009,1019,418,265,0.9101338432122371,0,False
ragtime-na,0,backbone,1009,1021,257,119,0.8185328185328186,1,False
ragtime-na,0,backbone,1009,1023,85,19,0.8333333333333334,0,False
ragtime-na,0,backbone,1009,1025,327,183,0.7054794520547946,1,False
ragtime-na,0,backbone,1009,1027,207,115,0.8938053097345132,0,False
ragtime-na,0,backbone,1009,1029,203,59,0.896551724137931,0,False
ragtime-na,0,backbone,1009,1031,138,26,0.5925925925925926,1,False
ragtime-na,0,backbone,1009,1033,143,45,0.7466666666666667,0,False
ragtime-na,0,backbone,1009,1035,53,10,0.6666666666666666,1,False
ragtime-na,0,backbone,1009,1037,115,35,0.9565217391304348,0,False
ragtime-na,0,backbone,1009,1039,202,81,0.9487179487179487,0,False
ragtime-na,0,backbone,1009,1041,134,41,0.8533333333333334,0,False
ragtime-na,0,backbone,1009,1047,295,148,0.79375,1,False
ragtime-na,0,backbone,1009,1053,280,148,0.9435215946843853,0,False
ragtime-na,0,backbone,1009,1055,193,116,0.927038626609442,0,False
ragtime-na,0,backbone,1009,1065,160,44,0.8235294117647058,1,False
ragtime-na,0,backbone,1009,1067,180,64,0.7538461538461538,1,False
ragtime-na,0,backbone,1009,1075,220,87,0.6074074074074074,1,False
ragtime-na,0,backbone,1009,1077,220,88,0.7796610169491526,1,False
ragtime-na,0,backbone,1009,1079,153,37,0.7948717948717948,1,False
ragtime-na,0,backbone,1009,1081,471,272,0.772,1,False
ragtime-na,0,backbone,1009,1083,432,284,0.8948247078464107,1,False
ragtime-na,0,backbone,1009,1085,159,47,0.7931034482758621,1,False
ragtime-na,0,backbone,1009,1087,393,224,0.9102844638949672,0,False
ragtime-na,0,backbone,1011,1001,395,179,0.8540540540540541,0,False
ragtime-na,0,backbone,1011,1003,236,75,0.8053691275167785,1,False
ragtime-na,0,backbone,1011,1005,189,51,0.8947368421052632,0,False
ragtime-na,0,backbone,1011,1007,493,246,0.8629856850715747,0,False
ragtime-na,0,backbone,1011,1009,455,258,0.9573283858998145,0,False
ragtime-na,0,backbone,1011,1011,272,116,0.9083333333333333,0,True
ragtime-na,0,backbone,1011,1013,487,266,0.8522072936660269,1,False
ragtime-na,0,backbone,1011,1015,100,25,0.8363636363636363,1,False
ragtime-na,0,backbone,1011,1017,182,45,0.743801652892562,1,False
ragtime-na,0,backbone,1011,1019,418,265,0.9053803339517625,0,False
ragtime-na,0,backbone,1011,1021,257,119,0.8309859154929577,1,False
ragtime-na,0,backbone,1011,1023,85,19,0.8,0,False
ragtime-na,0,backbone,1011,1025,327,183,0.8269794721407625,1,False
ragtime-na,0,backbone,1011,1027,207,115,0.8934426229508197,0,False
ragtime-na,0,backbone,1011,1029,203,59,0.926829268292683,0,False
ragtime-na,0,backbone,1011,1031,138,26,0.52,1,False
ragtime-na,0,backbone,1011,1033,143,45,0.8636363636363636,0,False
ragtime-na,0,backbone,1011,1035,53,10,0.7619047619047619,1,False
ragtime-na,0,backbone,1011,1037,115,35,0.9066666666666666,0,False
ragtime-na,0,backbone,1011,1039,202,81,0.9565217391304348,0,False
ragtime-na,0,backbone,1011,1041,134,41,0.8372093023255814,0,False
ragtime-na,0,backbone,1011,1047,295,148,0.7634408602150538,1,False
ragtime-na,0,backbone,1011,1053,280,148,0.9299363057324841,0,False
ragtime-na,0,backbone,1011,1055,193,116,0.9288702928870293,0,False
ragtime-na,0,backbone,1011,1065,160,44,0.7789473684210526,1,False
ragtime-na,0,backbone,1011,1067,180,64,0.7631578947368421,1,False
ragtime-na,0,backbone,1011,1075,220,87,0.8181818181818182,1,False
ragtime-na,0,backbone,1011,1077,220,88,0.7655502392344498,1,False
ragtime-na,0,backbone,1011,1079,153,37,0.723404255319149,1,False
ragtime-na,0,backbone,1011,1081,471,272,0.7838312829525483,1,False
ragtime-na,0,backbone,1011,1083,432,284,0.8584615384615385,1,False
ragtime-na,0,backbone,1011,1085,159,47,0.746031746031746,1,False
ragtime-na,0,backbone,1011,1087,393,224,0.9224318658280922,0,False
ragtime-na,0,backbone,1013,1001,395,179,0.8515406162464986,0,False
ragtime-na,0,backbone,1013,1003,236,75,0.7692307692307693,1,False
ragtime-na,0,backbone,1013,1005,189,51,0.9074074074074074,0,False
ragtime-na,0,backbone,1013,1007,493,246,0.8589743589743589,0,False
ragtime-na,0,backbone,1013,1009,455,258,0.9681050656660413,0,False
ragtime-na,0,backbone,1013,1011,272,116,0.9121338912133892,0,False
ragtime-na,0,backbone,1013,1013,487,266,0.9227799227799228,1,True
ragtime-na,0,backbone,1013,1015,100,25,0.8888888888888888,1,False
ragtime-na,0,backbone,1013,1017,182,45,0.7586206896551724,1,False
ragtime-na,0,backbone,1013,1019,418,265,0.9043151969981238,0,False
ragtime-na,0,backbone,1013,1021,257,119,0.8405797101449275,1,False
ragtime-na,0,backbone,1013,1023,85,19,0.7058823529411765,0,False
ragtime-na,0,backbone,1013,1025,327,183,0.7875,1,False
ragtime-na,0,backbone,1013,1027,207,115,0.9145299145299145,0,False
ragtime-na,0,backbone,1013,1029,203,59,0.9090909090909091,0,False
ragtime-na,0,backbone,1013,1031,138,26,0.5952380952380952,1,False
ragtime-na,0,backbone,1013,1033,143,45,0.8048780487804879,0,False
ragtime-na,0,backbone,1013,1035,53,10,0.6666666666666666,1,False
ragtime-na,0,backbone,1013,1037,115,35,0.9041095890410958,0,False
ragtime-na,0,backbone,1013,1039,202,81,0.9506172839506173,0,False
ragtime-na,0,backbone,1013,1041,134,41,0.875,0,False
ragtime-na,0,backbone,1013,1047,295,148,0.7637362637362637,1,False
ragtime-na,0,backbone,1013,1053,280,148,0.9539473684210527,0,False
ragtime-na,0,backbone,1013,1055,193,116,0.9451476793248945,0,False
ragtime-na,0,backbone,1013,1065,160,44,0.7954545454545454,1,False
ragtime-na,0,backbone,1013,1067,180,64,0.7857142857142857,1,False
ragtime-na,0,backbone,1013,1075,220,87,0.8588235294117647,1,False
ragtime-na,0,backbone,1013,1077,220,88,0.7794871794871795,1,False
ragtime-na,0,backbone,1013,1079,153,37,0.825,1,False
ragtime-na,0,backbone,1013,1081,471,272,0.7915057915057915,1,False
ragtime-na,0,backbone,1013,1083,432,284,0.858034321372855,1,False
ragtime-na,0,backbone,1013,1085,159,47,0.8141592920353983,1,False
ragtime-na,0,backbone,1013,1087,393,224,0.9090909090909091,0,False
ragtime-na,0,backbone,1015,1001,395,179,0.8513119533527697,0,False
ragtime-na,0,backbone,1015,1003,236,75,0.7716535433070866,1,False
ragtime-na,0,backbone,1015,1005,189,51,0.9514563106796117,0,False
ragtime-na,0,backbone,1015,1007,493,246,0.8508771929824561,0,False
ragtime-na,0,backbone,1015,1009,455,258,0.973384030418251,0,False
ragtime-na,0,backbone,1015,1011,272,116,0.923728813559322,0,False
ragtime-na,0,backbone,1015,1013,487,266,0.734966592427617,1,False
ragtime-na,0,backbone,1015,1015,100,25,0.9803921568627451,1,True
ragtime-na,0,backbone,1015,1017,182,45,0.8269230769230769,1,False
ragtime-na,0,backbone,1015,1019,418,265,0.9090909090909091,0,False
ragtime-na,0,backbone,1015,1021,257,119,0.8389513108614233,1,False
ragtime-na,0,backbone,1015,1023,85,19,0.8333333333333334,0,False
ragtime-na,0,backbone,1015,1025,327,183,0.599250936329588,1,False
ragtime-na,0,backbone,1015,1027,207,115,0.8727272727272727,0,False
ragtime-na,0,backbone,1015,1029,203,59,0.905982905982906,0,False
ragtime-na,0,backbone,1015,1031,138,26,0.6666666666666666,1,False
ragtime-na,0,backbone,1015,1033,143,45,0.7466666666666667,0,False
ragtime-na,0,backbone,1015,1035,53,10,0.5714285714285714,1,False
ragtime-na,0,backbone,1015,1037,115,35,0.9253731343283582,0,False
ragtime-na,0,backbone,1015,1039,202,81,0.9620253164556962,0,False
ragtime-na,0,backbone,1015,1041,134,41,0.8421052631578947,0,False
ragtime-na,0,backbone,1015,1047,295,148,0.778816199376947,1,False
ragtime-na,0,backbone,1015,1053,280,148,0.9423728813559322,0,False
ragtime-na,0,backbone,1015,1055,193,116,0.9224137931034483,0,False
ragtime-na,0,backbone,1015,1065,160,44,0.8,1,False
ragtime-na,0,backbone,1015,1067,180,64,0.7575757575757576,1,False
ragtime-na,0,backbone,1015,1075,220,87,0.647887323943662,1,False
ragtime-na,0,backbone,1015,1077,220,88,0.7772020725388601,1,False
ragtime-na,0,backbone,1015,1079,153,37,0.7272727272727273,1,False
ragtime-na,0,backbone,1015,1081,471,272,0.772823779193206,1,False
ragtime-na,0,backbone,1015,1083,432,284,0.9040650406504065,1,False
ragtime-na,0,backbone,1015,1085,159,47,0.7931034482758621,1,False
ragtime-na,0,backbone,1015,1087,393,224,0.9175475687103594,0,False
ragtime-na,0,backbone,1017,1001,395,179,0.8087774294670846,0,False
ragtime-na,0,backbone,1017,1003,236,75,0.7008547008547008,1,False
ragtime-na,0,backbone,1017,1005,189,51,0.9494949494949495,0,False
ragtime-na,0,backbone,1017,1007,493,246,0.7830188679245284,0,False
ragtime-na,0,backbone,1017,1009,455,258,0.9709864603481625,0,False
ragtime-na,0,backbone,1017,1011,272,116,0.9066666666666666,0,False
ragtime-na,0,backbone,1017,1013,487,266,0.6666666666666666,1,False
ragtime-na,0,backbone,1017,1015,100,25,0.9166666666666666,1,False
ragtime-na,0,backbone,1017,1017,182,45,0.8604651162790697,1,True
ragtime-na,0,backbone,1017,1019,418,265,0.8984375,0,False
ragtime-na,0,backbone,1017,1021,257,119,0.7949790794979079,1,False
ragtime-na,0,backbone,1017,1023,85,19,0.7096774193548387,0,False
ragtime-na,0,backbone,1017,1025,327,183,0.5411764705882353,1,False
ragtime-na,0,backbone,1017,1027,207,115,0.8436018957345972,0,False
ragtime-na,0,backbone,1017,1029,203,59,0.8076923076923077,0,False
ragtime-na,0,backbone,1017,1031,138,26,0.676923076923077,1,False
ragtime-na,0,backbone,1017,1033,143,45,0.5714285714285714,0,False
ragtime-na,0,backbone,1017,1035,53,10,0.46153846153846156,1,False
ragtime-na,0,backbone,1017,1037,115,35,0.9230769230769231,0,False
ragtime-na,0,backbone,1017,1039,202,81,0.9271523178807947,0,False
ragtime-na,0,backbone,1017,1041,134,41,0.821917808219178,0,False
ragtime-na,0,backbone,1017,1047,295,148,0.7311827956989247,1,False
ragtime-na,0,backbone,1017,1053,280,148,0.9337979094076655,0,False
ragtime-na,0,backbone,1017,1055,193,116,0.9041095890410958,0,False
ragtime-na,0,backbone,1017,1065,160,44,0.6857142857142857,1,False
ragtime-na,0,backbone,1017,1067,180,64,0.7868852459016393,1,False
ragtime-na,0,backbone,1017,1075,220,87,0.5396825396825397,1,False
ragtime-na,0,backbone,1017,1077,220,88,0.7051282051282052,1,False
ragtime-na,0,backbone,1017,1079,153,37,0.8611111111111112,1,False
ragtime-na,0,backbone,1017,1081,471,272,0.7394209354120267,1,False
ragtime-na,0,backbone,1017,1083,432,284,0.8873483535528596,1,False
ragtime-na,0,backbone,1017,1085,159,47,0.9183673469387755,1,False
ragtime-na,0,backbone,1017,1087,393,224,0.9061784897025171,0,False
ragtime-na,0,backbone,1019,1001,395,179,0.8507042253521127,0,False
ragtime-na,0,backbone,1019,1003,236,75,0.7851851851851852,1,False
ragtime-na,0,backbone,1019,1005,189,51,0.8990825688073395,0,False
ragtime-na,0,backbone,1019,1007,493,246,0.8737060041407867,0,False
ragtime-na,0,backbone,1019,1009,455,258,0.9607476635514018,0,False
ragtime-na,0,backbone,1019,1011,272,116,0.9,0,False
ragtime-na,0,backbone,1019,1013,487,266,0.8273092369477911,1,False
ragtime-na,0,backbone,1019,1015,100,25,0.9259259259259259,1,False
ragtime-na,0,backbone,1019,1017,182,45,0.7889908256880734,1,False
ragtime-na,0,backbone,1019,1019,418,265,0.9108159392789373,0,True
ragtime-na,0,backbone,1019,1021,257,119,0.7692307692307693,1,False
ragtime-na,0,backbone,1019,1023,85,19,0.8205128205128205,0,False
ragtime-na,0,backbone,1019,1025,327,183,0.7873015873015873,1,False
ragtime-na,0,backbone,1019,1027,207,115,0.8974358974358975,0,False
ragtime-na,0,backbone,1019,1029,203,59,0.943089430894309,0,False
ragtime-na,0,backbone,1019,1031,138,26,0.5434782608695652,1,False
ragtime-na,0,backbone,1019,1033,143,45,0.8,0,False
ragtime-na,0,backbone,1019,1035,53,10,0.5555555555555556,1,False
ragtime-na,0,backbone,1019,1037,115,35,0.9295774647887324,0,False
ragtime-na,0,backbone,1019,1039,202,81,0.9554140127388535,0,False
ragtime-na,0,backbone,1019,1041,134,41,0.8641975308641975,0,False
ragtime-na,0,backbone,1019,1047,295,148,0.773109243697479,1,False
ragtime-na,0,backbone,1019,1053,280,148,0.9508196721311475,0,False
ragtime-na,0,backbone,1019,1055,193,116,0.9276595744680851,0,False
ragtime-na,0,backbone,1019,1065,160,44,0.7835051546391752,1,False
ragtime-na,0,backbone,1019,1067,180,64,0.7857142857142857,1,False
ragtime-na,0,backbone,1019,1075,220,87,0.7577639751552795,1,False
ragtime-na,0,backbone,1019,1077,220,88,0.7632850241545893,1,False
ragtime-na,0,backbone,1019,1079,153,37,0.8045977011494253,1,False
ragtime-na,0,backbone,1019,1081,471,272,0.775894538606403,1,False
ragtime-na,0,backbone,1019,1083,432,284,0.8692913385826772,1,False
ragtime-na,0,backbone,1019,1085,159,47,0.752,1,False
ragtime-na,0,backbone,1019,1087,393,224,0.9217758985200846,0,False
ragtime-na,0,backbone,1021,1001,395,179,0.7947882736156352,0,False
ragtime-na,0,backbone,1021,1003,236,75,0.7068965517241379,1,False
ragtime-na,0,backbone,1021,1005,189,51,0.8842105263157894,0,False
ragtime-na,0,backbone,1021,1007,493,246,0.7549019607843137,0,False
ragtime-na,0,backbone,1021,1009,455,258,0.9671179883945842,0,False
ragtime-na,0,backbone,1021,1011,272,116,0.9107142857142857,0,False
ragtime-na,0,backbone,1021,1013,487,266,0.6746987951807228,1,False
ragtime-na,0,backbone,1021,1015,100,25,0.7906976744186046,1,False
ragtime-na,0,backbone,1021,1017,182,45,0.6578947368421053,1,False
ragtime-na,0,backbone,1021,1019,418,265,0.5995085995085995,0,False
ragtime-na,0,backbone,1021,1021,257,119,0.9456066945606695,1,True
ragtime-na,0,backbone,1021,1023,85,19,0.6896551724137931,0,False
ragtime-na,0,backbone,1021,1025,327,183,0.5275590551181102,1,False
ragtime-na,0,backbone,1021,1027,207,115,0.8040201005025126,0,False
ragtime-na,0,backbone,1021,1029,203,59,0.8623853211009175,0,False
ragtime-na,0,backbone,1021,1031,138,26,0.6567164179104478,1,False
ragtime-na,0,backbone,1021,1033,143,45,0.5161290322580645,0,False
ragtime-na,0,backbone,1021,1035,53,10,0.6666666666666666,1,False
ragtime-na,0,backbone,1021,1037,115,35,0.8615384615384616,0,False
ragtime-na,0,backbone,1021,1039,202,81,0.9139072847682119,0,False
ragtime-na,0,backbone,1021,1041,134,41,0.8378378378378378,0,False
ragtime-na,0,backbone,1021,1047,295,148,0.6947368421052632,1,False
ragtime-na,0,backbone,1021,1053,280,148,0.9295774647887324,0,False
ragtime-na,0,backbone,1021,1055,193,116,0.9155555555555556,0,False
ragtime-na,0,backbone,1021,1065,160,44,0.759493670886076,1,False
ragtime-na,0,backbone,1021,1067,180,64,0.7321428571428571,1,False
ragtime-na,0,backbone,1021,1075,220,87,0.5891472868217055,1,False
ragtime-na,0,backbone,1021,1077,220,88,0.6792452830188679,1,False
ragtime-na,0,backbone,1021,1079,153,37,0.8115942028985508,1,False
ragtime-na,0,backbone,1021,1081,471,272,0.7494456762749445,1,False
ragtime-na,0,backbone,1021,1083,432,284,0.8592057761732852,1,False
ragtime-na,0,backbone,1021,1085,159,47,0.9166666666666666,1,False
ragtime-na,0,backbone,1021,1087,393,224,0.9131403118040089,0,False
ragtime-na,0,backbone,1023,1001,395,179,0.8454810495626822,0,False
ragtime-na,0,backbone,1023,1003,236,75,0.7969924812030075,1,False
ragtime-na,0,backbone,1023,1005,189,51,0.9245283018867925,0,False
ragtime-na,0,backbone,1023,1007,493,246,0.864406779661017,0,False
ragtime-na,0,backbone,1023,1009,455,258,0.967984934086629,0,False
ragtime-na,0,backbone,1023,1011,272,116,0.9159663865546218,0,False
ragtime-na,0,backbone,1023,1013,487,266,0.8333333333333334,1,False
ragtime-na,0,backbone,1023,1015,100,25,0.8679245283018868,1,False
ragtime-na,0,backbone,1023,1017,182,45,0.7735849056603774,1,False
ragtime-na,0,backbone,1023,1019,418,265,0.9077212806026366,0,False
ragtime-na,0,backbone,1023,1021,257,119,0.8498168498168498,1,False
ragtime-na,0,backbone,1023,1023,85,19,0.8235294117647058,0,True
ragtime-na,0,backbone,1023,1025,327,183,0.7702265372168284,1,False
ragtime-na,0,backbone,1023,1027,207,115,0.9004329004329005,0,False
ragtime-na,0,backbone,1023,1029,203,59,0.907563025210084,0,False
ragtime-na,0,backbone,1023,1031,138,26,0.6024096385542169,1,False
ragtime-na,0,backbone,1023,1033,143,45,0.759493670886076,0,False
ragtime-na,0,backbone,1023,1035,53,10,0.8235294117647058,1,False
ragtime-na,0,backbone,1023,1037,115,35,0.9295774647887324,0,False
ragtime-na,0,backbone,1023,1039,202,81,0.9554140127388535,0,False
ragtime-na,0,backbone,1023,1041,134,41,0.8461538461538461,0,False
ragtime-na,0,backbone,1023,1047,295,148,0.7719298245614035,1,False
ragtime-na,0,backbone,1023,1053,280,148,0.9463087248322147,0,False
ragtime-na,0,backbone,1023,1055,193,116,0.9276595744680851,0,False
ragtime-na,0,backbone,1023,1065,160,44,0.8314606741573034,1,False
ragtime-na,0,backbone,1023,1067,180,64,0.7910447761194029,1,False
ragtime-na,0,backbone,1023,1075,220,87,0.7672955974842768,1,False
ragtime-na,0,backbone,1023,1077,220,88,0.7539267015706806,1,False
ragtime-na,0,backbone,1023,1079,153,37,0.7764705882352941,1,False
ragtime-na,0,backbone,1023,1081,471,272,0.7865612648221344,1,False
ragtime-na,0,backbone,1023,1083,432,284,0.88,1,False
ragtime-na,0,backbone,1023,1085,159,47,0.831858407079646,1,False
ragtime-na,0,backbone,1023,1087,393,224,0.9168443496801706,0,False
ragtime-na,0,backbone,1025,1001,395,179,0.8421052631578947,0,False
ragtime-na,0,backbone,1025,1003,236,75,0.8280254777070064,1,False
ragtime-na,0,backbone,1025,1005,189,51,0.864406779661017,0,False
ragtime-na,0,backbone,1025,1007,493,246,0.8771929824561403,0,False
ragtime-na,0,backbone,1025,1009,455,258,0.943327239488117,0,False
ragtime-na,0,backbone,1025,1011,272,116,0.875968992248062,0,False
ragtime-na,0,backbone,1025,1013,487,266,0.8180354267310789,1,False
ragtime-na,0,backbone,1025,1015,100,25,0.7352941176470589,1,False
ragtime-na,0,backbone,1025,1017,182,45,0.6870229007633588,1,False
ragtime-na,0,backbone,1025,1019,418,265,0.900355871886121,0,False
ragtime-na,0,backbone,1025,1021,257,119,0.8122866894197952,1,False
ragtime-na,0,backbone,1025,1023,85,19,0.6666666666666666,0,False
ragtime-na,0,backbone,1025,1025,327,183,0.8983957219251337,1,True
ragtime-na,0,backbone,1025,1027,207,115,0.8595744680851064,0,False
ragtime-na,0,backbone,1025,1029,203,59,0.921875,0,False
ragtime-na,0,backbone,1025,1031,138,26,0.45614035087719296,1,False
ragtime-na,0,backbone,1025,1033,143,45,0.8602150537634409,0,False
ragtime-na,0,backbone,1025,1035,53,10,0.6896551724137931,1,False
ragtime-na,0,backbone,1025,1037,115,35,0.9090909090909091,0,False
ragtime-na,0,backbone,1025,1039,202,81,0.9090909090909091,0,False
ragtime-na,0,backbone,1025,1041,134,41,0.8297872340425532,0,False
ragtime-na,0,backbone,1025,1047,295,148,0.7219512195121951,1,False
ragtime-na,0,backbone,1025,1053,280,148,0.91875,0,False
ragtime-na,0,backbone,1025,1055,193,116,0.9300411522633745,0,False
ragtime-na,0,backbone,1025,1065,160,44,0.7130434782608696,1,False
ragtime-na,0,backbone,1025,1067,180,64,0.7283236994219653,1,False
ragtime-na,0,backbone,1025,1075,220,87,0.7684210526315789,1,False
ragtime-na,0,backbone,1025,1077,220,88,0.7166666666666667,1,False
ragtime-na,0,backbone,1025,1079,153,37,0.6260869565217392,1,False
ragtime-na,0,backbone,1025,1081,471,272,0.8292682926829268,1,False
ragtime-na,0,backbone,1025,1083,432,284,0.8284023668639053,1,False
ragtime-na,0,backbone,1025,1085,159,47,0.6573426573426573,1,False
ragtime-na,0,backbone,1025,1087,393,224,0.9068825910931174,0,False
ragtime-na,0,backbone,1027,1001,395,179,0.8595988538681948,0,False
ragtime-na,0,backbone,1027,1003,236,75,0.7761194029850746,1,False
ragtime-na,0,backbone,1027,1005,189,51,0.9423076923076923,0,False
ragtime-na,0,backbone,1027,1007,493,246,0.8535031847133758,0,False
ragtime-na,0,backbone,1027,1009,455,258,0.9642184557438794,0,False
ragtime-na,0,backbone,1027,1011,272,116,0.9152542372881356,0,False
ragtime-na,0,backbone,1027,1013,487,266,0.7950310559006211,1,False
ragtime-na,0,backbone,1027,1015,100,25,0.9056603773584906,1,False
ragtime-na,0,backbone,1027,1017,182,45,0.7543859649122807,1,False
ragtime-na,0,backbone,1027,1019,418,265,0.9077212806026366,0,False
ragtime-na,0,backbone,1027,1021,257,119,0.8278388278388278,1,False
ragtime-na,0,backbone,1027,1023,85,19,0.8,0,False
ragtime-na,0,backbone,1027,1025,327,183,0.6986301369863014,1,False
ragtime-na,0,backbone,1027,1027,207,115,0.8778280542986425,0,True
ragtime-na,0,backbone,1027,1029,203,59,0.9166666666666666,0,False
ragtime-na,0,backbone,1027,1031,138,26,0.6172839506172839,1,False
ragtime-na,0,backbone,1027,1033,143,45,0.775,0,False
ragtime-na,0,backbone,1027,1035,53,10,0.5882352941176471,1,False
ragtime-na,0,backbone,1027,1037,115,35,0.9142857142857143,0,False
ragtime-na,0,backbone,1027,1039,202,81,0.9620253164556962,0,False
ragtime-na,0,backbone,1027,1041,134,41,0.8461538461538461,0,False
ragtime-na,0,backbone,1027,1047,295,148,0.7803468208092486,1,False
ragtime-na,0,backbone,1027,1053,280,148,0.9372937293729373,0,False
ragtime-na,0,backbone,1027,1055,193,116,0.9361702127659575,0,False
ragtime-na,0,backbone,1027,1065,160,44,0.8314606741573034,1,False
ragtime-na,0,backbone,1027,1067,180,64,0.7737226277372263,1,False
ragtime-na,0,backbone,1027,1075,220,87,0.8,1,False
ragtime-na,0,backbone,1027,1077,220,88,0.7772020725388601,1,False
ragtime-na,0,backbone,1027,1079,153,37,0.7764705882352941,1,False
ragtime-na,0,backbone,1027,1081,471,272,0.807920792079208,1,False
ragtime-na,0,backbone,1027,1083,432,284,0.879746835443038,1,False
ragtime-na,0,backbone,1027,1085,159,47,0.8214285714285714,1,False
ragtime-na,0,backbone,1027,1087,393,224,0.9145299145299145,0,False
ragtime-na,0,backbone,1029,1001,395,179,0.847953216374269,0,False
ragtime-na,0,backbone,1029,1003,236,75,0.7786259541984732,1,False
ragtime-na,0,backbone,1029,1005,189,51,0.9074074074074074,0,False
ragtime-na,0,backbone,1029,1007,493,246,0.8632478632478633,0,False
ragtime-na,0,backbone,1029,1009,455,258,0.9660377358490566,0,False
ragtime-na,0,backbone,1029,1011,272,116,0.9205020920502092,0,False
ragtime-na,0,backbone,1029,1013,487,266,0.8073770491803278,1,False
ragtime-na,0,backbone,1029,1015,100,25,0.9230769230769231,1,False
ragtime-na,0,backbone,1029,1017,182,45,0.7884615384615384,1,False
ragtime-na,0,backbone,1029,1019,418,265,0.9121495327102803,0,False
ragtime-na,0,backbone,1029,1021,257,119,0.8405797101449275,1,False
ragtime-na,0,backbone,1029,1023,85,19,0.7894736842105263,0,False
ragtime-na,0,backbone,1029,1025,327,183,0.7483443708609272,1,False
ragtime-na,0,backbone,1029,1027,207,115,0.9043478260869565,0,False
ragtime-na,0,backbone,1029,1029,203,59,0.8813559322033898,0,True
ragtime-na,0,backbone,1029,1031,138,26,0.5882352941176471,1,False
ragtime-na,0,backbone,1029,1033,143,45,0.7532467532467533,0,False
ragtime-na,0,backbone,1029,1035,53,10,0.8,1,False
ragtime-na,0,backbone,1029,1037,115,35,0.927536231884058,0,False
ragtime-na,0,backbone,1029,1039,202,81,0.9487179487179487,0,False
ragtime-na,0,backbone,1029,1041,134,41,0.8354430379746836,0,False
ragtime-na,0,backbone,1029,1047,295,148,0.7848837209302325,1,False
ragtime-na,0,backbone,1029,1053,280,148,0.94,0,False
ragtime-na,0,backbone,1029,1055,193,116,0.9276595744680851,0,False
ragtime-na,0,backbone,1029,1065,160,44,0.8351648351648352,1,False
ragtime-na,0,backbone,1029,1067,180,64,0.7883211678832117,1,False
ragtime-na,0,backbone,1029,1075,220,87,0.7236842105263158,1,False
ragtime-na,0,backbone,1029,1077,220,88,0.7731958762886598,1,False
ragtime-na,0,backbone,1029,1079,153,37,0.7529411764705882,1,False
ragtime-na,0,backbone,1029,1081,471,272,0.8007968127490039,1,False
ragtime-na,0,backbone,1029,1083,432,284,0.8779714738510301,1,False
ragtime-na,0,backbone,1029,1085,159,47,0.8214285714285714,1,False
ragtime-na,0,backbone,1029,1087,393,224,0.9211087420042644,0,False
ragtime-na,0,backbone,1031,1001,395,179,0.7774086378737541,0,False
ragtime-na,0,backbone,1031,1003,236,75,0.6111111111111112,1,False
ragtime-na,0,backbone,1031,1005,189,51,0.7906976744186046,0,False
ragtime-na,0,backbone,1031,1007,493,246,0.7244897959183674,0,False
ragtime-na,0,backbone,1031,1009,455,258,0.948,0,False
ragtime-na,0,backbone,1031,1011,272,116,0.8544600938967136,0,False
ragtime-na,0,backbone,1031,1013,487,266,0.6173469387755102,1,False
ragtime-na,0,backbone,1031,1015,100,25,0.8444444444444444,1,False
ragtime-na,0,backbone,1031,1017,182,45,0.5797101449275363,1,False
ragtime-na,0,backbone,1031,1019,418,265,0.889763779527559,0,False
ragtime-na,0,backbone,1031,1021,257,119,0.748898678414097,1,False
ragtime-na,0,backbone,1031,1023,85,19,0.6896551724137931,0,False
ragtime-na,0,backbone,1031,1025,327,183,0.3482142857142857,1,False
ragtime-na,0,backbone,1031,1027,207,115,0.6892655367231638,0,False
ragtime-na,0,backbone,1031,1029,203,59,0.7551020408163265,0,False
ragtime-na,0,backbone,1031,1031,138,26,0.8333333333333334,1,True
ragtime-na,0,backbone,1031,1033,143,45,0.4745762711864407,0,False
ragtime-na,0,backbone,1031,1035,53,10,0.18181818181818182,1,False
ragtime-na,0,backbone,1031,1037,115,35,0.9230769230769231,0,False
ragtime-na,0,backbone,1031,1039,202,81,0.92,0,False
ragtime-na,0,backbone,1031,1041,134,41,0.7076923076923077,0,False
ragtime-na,0,backbone,1031,1047,295,148,0.6040816326530613,1,False
ragtime-na,0,backbone,1031,1053,280,148,0.8929889298892989,0,False
ragtime-na,0,backbone,1031,1055,193,116,0.8599033816425121,0,False
ragtime-na,0,backbone,1031,1065,160,44,0.676056338028169,1,False
ragtime-na,0,backbone,1031,1067,180,64,0.616822429906542,1,False
ragtime-na,0,backbone,1031,1075,220,87,0.3364485981308411,1,False
ragtime-na,0,backbone,1031,1077,220,88,0.5238095238095238,1,False
ragtime-na,0,backbone,1031,1079,153,37,0.8253968253968254,1,False
ragtime-na,0,backbone,1031,1081,471,272,0.5824742268041238,1,False
ragtime-na,0,backbone,1031,1083,432,284,0.8446969696969697,1,False
ragtime-na,0,backbone,1031,1085,159,47,0.8817204301075269,1,False
ragtime-na,0,backbone,1031,1087,393,224,0.8341708542713567,0,False
ragtime-na,0,backbone,1033,1001,395,179,0.8491620111731844,0,False
ragtime-na,0,backbone,1033,1003,236,75,0.8,1,False
ragtime-na,0,backbone,1033,1005,189,51,0.9333333333333333,0,False
ragtime-na,0,backbone,1033,1007,493,246,0.8583333333333333,0,False
ragtime-na,0,backbone,1033,1009,455,258,0.9699248120300752,0,False
ragtime-na,0,backbone,1033,1011,272,116,0.9166666666666666,0,False
ragtime-na,0,backbone,1033,1013,487,266,0.8487229862475442,1,False
ragtime-na,0,backbone,1033,1015,100,25,0.8727272727272727,1,False
ragtime-na,0,backbone,1033,1017,182,45,0.7433628318584071,1,False
ragtime-na,0,backbone,1033,1019,418,265,0.9120879120879121,0,False
ragtime-na,0,backbone,1033,1021,257,119,0.8268551236749117,1,False
ragtime-na,0,backbone,1033,1023,85,19,0.8421052631578947,0,False
ragtime-na,0,backbone,1033,1025,327,183,0.8024691358024691,1,False
ragtime-na,0,backbone,1033,1027,207,115,0.9121338912133892,0,False
ragtime-na,0,backbone,1033,1029,203,59,0.9166666666666666,0,False
ragtime-na,0,backbone,1033,1031,138,26,0.5681818181818182,1,False
ragtime-na,0,backbone,1033,1033,143,45,0.8192771084337349,0,True
ragtime-na,0,backbone,1033,1035,53,10,0.8571428571428571,1,False
ragtime-na,0,backbone,1033,1037,115,35,0.8918918918918919,0,False
ragtime-na,0,backbone,1033,1039,202,81,0.9440993788819876,0,False
ragtime-na,0,backbone,1033,1041,134,41,0.85,0,False
ragtime-na,0,backbone,1033,1047,295,148,0.7666666666666667,1,False
ragtime-na,0,backbone,1033,1053,280,148,0.9411764705882353,0,False
ragtime-na,0,backbone,1033,1055,193,116,0.9322033898305084,0,False
ragtime-na,0,backbone,1033,1065,160,44,0.8041237113402062,1,False
ragtime-na,0,backbone,1033,1067,180,64,0.7769784172661871,1,False
ragtime-na,0,backbone,1033,1075,220,87,0.7976190476190477,1,False
ragtime-na,0,backbone,1033,1077,220,88,0.7549019607843137,1,False
ragtime-na,0,backbone,1033,1079,153,37,0.7333333333333333,1,False
ragtime-na,0,backbone,1033,1081,471,272,0.7724665391969407,1,False
ragtime-na,0,backbone,1033,1083,432,284,0.8664596273291926,1,False
ragtime-na,0,backbone,1033,1085,159,47,0.7419354838709677,1,False
ragtime-na,0,backbone,1033,1087,393,224,0.9201680672268907,0,False
ragtime-na,0,backbone,1035,1001,395,179,0.8555555555555555,0,False
ragtime-na,0,backbone,1035,1003,236,75,0.7883211678832117,1,False
ragtime-na,0,backbone,1035,1005,189,51,0.875,0,False
ragtime-na,0,backbone,1035,1007,493,246,0.8742268041237113,0,False
ragtime-na,0,backbone,1035,1009,455,258,0.9553903345724907,0,False
ragtime-na,0,backbone,1035,1011,272,116,0.9173553719008265,0,False
ragtime-na,0,backbone,1035,1013,487,266,0.8279569892473119,1,False
ragtime-na,0,backbone,1035,1015,100,25,0.8421052631578947,1,False
ragtime-na,0,backbone,1035,1017,182,45,0.7787610619469026,1,False
ragtime-na,0,backbone,1035,1019,418,265,0.8950276243093923,0,False
ragtime-na,0,backbone,1035,1021,257,119,0.8214285714285714,1,False
ragtime-na,0,backbone,1035,1023,85,19,0.7692307692307693,0,False
ragtime-na,0,backbone,1035,1025,327,183,0.7950310559006211,1,False
ragtime-na,0,backbone,1035,1027,207,115,0.9029535864978903,0,False
ragtime-na,0,backbone,1035,1029,203,59,0.9,0,False
ragtime-na,0,backbone,1035,1031,138,26,0.5681818181818182,1,False
ragtime-na,0,backbone,1035,1033,143,45,0.7804878048780488,0,False
ragtime-na,0,backbone,1035,1035,53,10,0.9473684210526315,1,True
ragtime-na,0,backbone,1035,1037,115,35,0.9041095890410958,0,False
ragtime-na,0,backbone,1035,1039,202,81,0.9629629629629629,0,False
ragtime-na,0,backbone,1035,1041,134,41,0.825,0,False
ragtime-na,0,backbone,1035,1047,295,148,0.7362924281984334,1,False
ragtime-na,0,backbone,1035,1053,280,148,0.9385113268608414,0,False
ragtime-na,0,backbone,1035,1055,193,116,0.9191489361702128,0,False
ragtime-na,0,backbone,1035,1065,160,44,0.8043478260869565,1,False
ragtime-na,0,backbone,1035,1067,180,64,0.7808219178082192,1,False
ragtime-na,0,backbone,1035,1075,220,87,0.8295454545454546,1,False
ragtime-na,0,backbone,1035,1077,220,88,0.7414634146341463,1,False
ragtime-na,0,backbone,1035,1079,153,37,0.7608695652173914,1,False
ragtime-na,0,backbone,1035,1081,471,272,0.7889908256880734,1,False
ragtime-na,0,backbone,1035,1083,432,284,0.8496932515337423,1,False
ragtime-na,0,backbone,1035,1085,159,47,0.7642276422764228,1,False
ragtime-na,0,backbone,1035,1087,393,224,0.918918918918919,0,False
ragtime-na,0,backbone,1037,1001,395,179,0.8522727272727273,0,False
ragtime-na,0,backbone,1037,1003,236,75,0.8,1,False
ragtime-na,0,backbone,1037,1005,189,51,0.8990825688073395,0,False
ragtime-na,0,backbone,1037,1007,493,246,0.8565400843881856,0,False
ragtime-na,0,backbone,1037,1009,455,258,0.9607476635514018,0,False
ragtime-na,0,backbone,1037,1011,272,116,0.907563025210084,0,False
ragtime-na,0,backbone,1037,1013,487,266,0.8323471400394478,1,False
ragtime-na,0,backbone,1037,1015,100,25,0.8571428571428571,1,False
ragtime-na,0,backbone,1037,1017,182,45,0.7884615384615384,1,False
ragtime-na,0,backbone,1037,1019,418,265,0.9029850746268657,0,False
ragtime-na,0,backbone,1037,1021,257,119,0.8436363636363636,1,False
ragtime-na,0,backbone,1037,1023,85,19,0.8108108108108109,0,False
ragtime-na,0,backbone,1037,1025,327,183,0.755700325732899,1,False
ragtime-na,0,backbone,1037,1027,207,115,0.9012875536480687,0,False
ragtime-na,0,backbone,1037,1029,203,59,0.9166666666666666,0,False
ragtime-na,0,backbone,1037,1031,138,26,0.5813953488372093,1,False
ragtime-na,0,backbone,1037,1033,143,45,0.7692307692307693,0,False
ragtime-na,0,backbone,1037,1035,53,10,0.7777777777777778,1,False
ragtime-na,0,backbone,1037,1037,115,35,0.9295774647887324,0,True
ragtime-na,0,backbone,1037,1039,202,81,0.9565217391304348,0,False
ragtime-na,0,backbone,1037,1041,134,41,0.8421052631578947,0,False
ragtime-na,0,backbone,1037,1047,295,148,0.7830985915492957,1,False
ragtime-na,0,backbone,1037,1053,280,148,0.9377049180327869,0,False
ragtime-na,0,backbone,1037,1055,193,116,0.9276595744680851,0,False
ragtime-na,0,backbone,1037,1065,160,44,0.8222222222222222,1,False
ragtime-na,0,backbone,1037,1067,180,64,0.7761194029850746,1,False
ragtime-na,0,backbone,1037,1075,220,87,0.7272727272727273,1,False
ragtime-na,0,backbone,1037,1077,220,88,0.7708333333333334,1,False
ragtime-na,0,backbone,1037,1079,153,37,0.7619047619047619,1,False
ragtime-na,0,backbone,1037,1081,471,272,0.7771428571428571,1,False
ragtime-na,0,backbone,1037,1083,432,284,0.8906752411575563,1,False
ragtime-na,0,backbone,1037,1085,159,47,0.8103448275862069,1,False
ragtime-na,0,backbone,1037,1087,393,224,0.9164882226980728,0,False
ragtime-na,0,backbone,1039,1001,395,179,0.8746518105849582,0,False
ragtime-na,0,backbone,1039,1003,236,75,0.7913669064748201,1,False
ragtime-na,0,backbone,1039,1005,189,51,0.9090909090909091,0,False
ragtime-na,0,backbone,1039,1007,493,246,0.8676171079429735,0,False
ragtime-na,0,backbone,1039,1009,455,258,0.9573283858998145,0,False
ragtime-na,0,backbone,1039,1011,272,116,0.9121338912133892,0,False
ragtime-na,0,backbone,1039,1013,487,266,0.8576709796672828,1,False
ragtime-na,0,backbone,1039,1015,100,25,0.8571428571428571,1,False
ragtime-na,0,backbone,1039,1017,182,45,0.7586206896551724,1,False
ragtime-na,0,backbone,1039,1019,418,265,0.9074074074074074,0,False
ragtime-na,0,backbone,1039,1021,257,119,0.8226950354609929,1,False
ragtime-na,0,backbone,1039,1023,85,19,0.8421052631578947,0,False
ragtime-na,0,backbone,1039,1025,327,183,0.8288288288288288,1,False
ragtime-na,0,backbone,1039,1027,207,115,0.8974358974358975,0,False
ragtime-na,0,backbone,1039,1029,203,59,0.926829268292683,0,False
ragtime-na,0,backbone,1039,1031,138,26,0.5050505050505051,1,False
ragtime-na,0,backbone,1039,1033,143,45,0.8333333333333334,0,False
ragtime-na,0,backbone,1039,1035,53,10,0.7,1,False
ragtime-na,0,backbone,1039,1037,115,35,0.9295774647887324,0,False
ragtime-na,0,backbone,1039,1039,202,81,0.9493670886075949,0,True
ragtime-na,0,backbone,1039,1041,134,41,0.8292682926829268,0,False
ragtime-na,0,backbone,1039,1047,295,148,0.77088948787062,1,False
ragtime-na,0,backbone,1039,1053,280,148,0.9320388349514563,0,False
ragtime-na,0,backbone,1039,1055,193,116,0.9243697478991597,0,False
ragtime-na,0,backbone,1039,1065,160,44,0.7572815533980582,1,False
ragtime-na,0,backbone,1039,1067,180,64,0.7702702702702703,1,False
ragtime-na,0,backbone,1039,1075,220,87,0.7745664739884393,1,False
ragtime-na,0,backbone,1039,1077,220,88,0.7389162561576355,1,False
ragtime-na,0,backbone,1039,1079,153,37,0.7311827956989247,1,False
ragtime-na,0,backbone,1039,1081,471,272,0.7896678966789668,1,False
ragtime-na,0,backbone,1039,1083,432,284,0.8584615384615385,1,False
ragtime-na,0,backbone,1039,1085,159,47,0.746031746031746,1,False
ragtime-na,0,backbone,1039,1087,393,224,0.9246861924686193,0,False
ragtime-na,0,backbone,1041,1001,395,179,0.8454810495626822,0,False
ragtime-na,0,backbone,1041,1003,236,75,0.7910447761194029,1,False
ragtime-na,0,backbone,1041,1005,189,51,0.9514563106796117,0,False
ragtime-na,0,backbone,1041,1007,493,246,0.8752642706131079,0,False
ragtime-na,0,backbone,1041,1009,455,258,0.967984934086629,0,False
ragtime-na,0,backbone,1041,1011,272,116,0.9113924050632911,0,False
ragtime-na,0,backbone,1041,1013,487,266,0.7735042735042735,1,False
ragtime-na,0,backbone,1041,1015,100,25,0.9056603773584906,1,False
ragtime-na,0,backbone,1041,1017,182,45,0.7962962962962963,1,False
ragtime-na,0,backbone,1041,1019,418,265,0.9067164179104478,0,False
ragtime-na,0,backbone,1041,1021,257,119,0.8529411764705882,1,False
ragtime-na,0,backbone,1041,1023,85,19,0.8108108108108109,0,False
ragtime-na,0,backbone,1041,1025,327,183,0.7450980392156863,1,False
ragtime-na,0,backbone,1041,1027,207,115,0.9184549356223176,0,False
ragtime-na,0,backbone,1041,1029,203,59,0.9166666666666666,0,False
ragtime-na,0,backbone,1041,1031,138,26,0.6024096385542169,1,False
ragtime-na,0,backbone,1041,1033,143,45,0.7692307692307693,0,False
ragtime-na,0,backbone,1041,1035,53,10,0.6666666666666666,1,False
ragtime-na,0,backbone,1041,1037,115,35,0.9166666666666666,0,False
ragtime-na,0,backbone,1041,1039,202,81,0.9620253164556962,0,False
ragtime-na,0,backbone,1041,1041,134,41,0.8421052631578947,0,True
ragtime-na,0,backbone,1041,1047,295,148,0.7828571428571428,1,False
ragtime-na,0,backbone,1041,1053,280,148,0.9377049180327869,0,False
ragtime-na,0,backbone,1041,1055,193,116,0.9316239316239316,0,False
ragtime-na,0,backbone,1041,1065,160,44,0.8222222222222222,1,False
ragtime-na,0,backbone,1041,1067,180,64,0.7883211678832117,1,False
ragtime-na,0,backbone,1041,1075,220,87,0.7333333333333333,1,False
ragtime-na,0,backbone,1041,1077,220,88,0.7741935483870968,1,False
ragtime-na,0,backbone,1041,1079,153,37,0.7710843373493976,1,False
ragtime-na,0,backbone,1041,1081,471,272,0.7852998065764023,1,False
ragtime-na,0,backbone,1041,1083,432,284,0.8755905511811024,1,False
ragtime-na,0,backbone,1041,1085,159,47,0.8141592920353983,1,False
ragtime-na,0,backbone,1041,1087,393,224,0.9148936170212766,0,False
ragtime-na,0,backbone,1047,1001,395,179,0.8588235294117647,0,False
ragtime-na,0,backbone,1047,1003,236,75,0.7751937984496124,1,False
ragtime-na,0,backbone,1047,1005,189,51,0.9230769230769231,0,False
ragtime-na,0,backbone,1047,1007,493,246,0.841648590021692,0,False
ragtime-na,0,backbone,1047,1009,455,258,0.9657794676806084,0,False
ragtime-na,0,backbone,1047,1011,272,116,0.9184549356223176,0,False
ragtime-na,0,backbone,1047,1013,487,266,0.7712418300653595,1,False
ragtime-na,0,backbone,1047,1015,100,25,0.8888888888888888,1,False
ragtime-na,0,backbone,1047,1017,182,45,0.819047619047619,1,False
ragtime-na,0,backbone,1047,1019,418,265,0.9146110056925996,0,False
ragtime-na,0,backbone,1047,1021,257,119,0.837037037037037,1,False
ragtime-na,0,backbone,1047,1023,85,19,0.7777777777777778,0,False
ragtime-na,0,backbone,1047,1025,327,183,0.7272727272727273,1,False
ragtime-na,0,backbone,1047,1027,207,115,0.9122807017543859,0,False
ragtime-na,0,backbone,1047,1029,203,59,0.896551724137931,0,False
ragtime-na,0,backbone,1047,1031,138,26,0.6410256410256411,1,False
ragtime-na,0,backbone,1047,1033,143,45,0.7848101265822784,0,False
ragtime-na,0,backbone,1047,1035,53,10,0.5555555555555556,1,False
ragtime-na,0,backbone,1047,1037,115,35,0.9565217391304348,0,False
ragtime-na,0,backbone,1047,1039,202,81,0.9358974358974359,0,False
ragtime-na,0,backbone,1047,1041,134,41,0.8461538461538461,0,False
ragtime-na,0,backbone,1047,1047,295,148,0.9375,1,True
ragtime-na,0,backbone,1047,1053,280,148,0.9431438127090301,0,False
ragtime-na,0,backbone,1047,1055,193,116,0.9230769230769231,0,False
ragtime-na,0,backbone,1047,1065,160,44,0.8314606741573034,1,False
ragtime-na,0,backbone,1047,1067,180,64,0.7761194029850746,1,False
ragtime-na,0,backbone,1047,1075,220,87,0.7721518987341772,1,False
ragtime-na,0,backbone,1047,1077,220,88,0.7542857142857143,1,False
ragtime-na,0,backbone,1047,1079,153,37,0.8157894736842105,1,False
ragtime-na,0,backbone,1047,1081,471,272,0.76171875,1,False
ragtime-na,0,backbone,1047,1083,432,284,0.8636363636363636,1,False
ragtime-na,0,backbone,1047,1085,159,47,0.7931034482758621,1,False
ragtime-na,0,backbone,1047,1087,393,224,0.9164882226980728,0,False
ragtime-na,0,backbone,1053,1001,395,179,0.8463768115942029,0,False
ragtime-na,0,backbone,1053,1003,236,75,0.7938931297709924,1,False
ragtime-na,0,backbone,1053,1005,189,51,0.9423076923076923,0,False
ragtime-na,0,backbone,1053,1007,493,246,0.8450106157112527,0,False
ragtime-na,0,backbone,1053,1009,455,258,0.9678638941398866,0,False
ragtime-na,0,backbone,1053,1011,272,116,0.9152542372881356,0,False
ragtime-na,0,backbone,1053,1013,487,266,0.7822410147991543,1,False
ragtime-na,0,backbone,1053,1015,100,25,0.9056603773584906,1,False
ragtime-na,0,backbone,1053,1017,182,45,0.8037383177570093,1,False
ragtime-na,0,backbone,1053,1019,418,265,0.9046728971962616,0,False
ragtime-na,0,backbone,1053,1021,257,119,0.8231046931407943,1,False
ragtime-na,0,backbone,1053,1023,85,19,0.8333333333333334,0,False
ragtime-na,0,backbone,1053,1025,327,183,0.7950310559006211,1,False
ragtime-na,0,backbone,1053,1027,207,115,0.9012875536480687,0,False
ragtime-na,0,backbone,1053,1029,203,59,0.9256198347107438,0,False
ragtime-na,0,backbone,1053,1031,138,26,0.6097560975609756,1,False
ragtime-na,0,backbone,1053,1033,143,45,0.7848101265822784,0,False
ragtime-na,0,backbone,1053,1035,53,10,0.6666666666666666,1,False
ragtime-na,0,backbone,1053,1037,115,35,0.8767123287671232,0,False
ragtime-na,0,backbone,1053,1039,202,81,0.95,0,False
ragtime-na,0,backbone,1053,1041,134,41,0.8354430379746836,0,False
ragtime-na,0,backbone,1053,1047,295,148,0.7954545454545454,1,False
ragtime-na,0,backbone,1053,1053,280,148,0.9455782312925171,0,True
ragtime-na,0,backbone,1053,1055,193,116,0.9322033898305084,0,False
ragtime-na,0,backbone,1053,1065,160,44,0.8314606741573034,1,False
ragtime-na,0,backbone,1053,1067,180,64,0.8057553956834532,1,False
ragtime-na,0,backbone,1053,1075,220,87,0.7975460122699386,1,False
ragtime-na,0,backbone,1053,1077,220,88,0.7897435897435897,1,False
ragtime-na,0,backbone,1053,1079,153,37,0.7804878048780488,1,False
ragtime-na,0,backbone,1053,1081,471,272,0.7769230769230769,1,False
ragtime-na,0,backbone,1053,1083,432,284,0.8853503184713376,1,False
ragtime-na,0,backbone,1053,1085,159,47,0.7479674796747967,1,False
ragtime-na,0,backbone,1053,1087,393,224,0.9171974522292994,0,False
ragtime-na,0,backbone,1055,1001,395,179,0.8513119533527697,0,False
ragtime-na,0,backbone,1055,1003,236,75,0.7851851851851852,1,False
ragtime-na,0,backbone,1055,1005,189,51,0.9333333333333333,0,False
ragtime-na,0,backbone,1055,1007,493,246,0.8504273504273504,0,False
ragtime-na,0,backbone,1055,1009,455,258,0.9715370018975332,0,False
ragtime-na,0,backbone,1055,1011,272,116,0.9152542372881356,0,False
ragtime-na,0,backbone,1055,1013,487,266,0.8502994011976048,1,False
ragtime-na,0,backbone,1055,1015,100,25,0.8888888888888888,1,False
ragtime-na,0,backbone,1055,1017,182,45,0.7884615384615384,1,False
ragtime-na,0,backbone,1055,1019,418,265,0.9097744360902256,0,False
ragtime-na,0,backbone,1055,1021,257,119,0.8278388278388278,1,False
ragtime-na,0,backbone,1055,1023,85,19,0.8333333333333334,0,False
ragtime-na,0,backbone,1055,1025,327,183,0.7357859531772575,1,False
ragtime-na,0,backbone,1055,1027,207,115,0.9090909090909091,0,False
ragtime-na,0,backbone,1055,1029,203,59,0.9166666666666666,0,False
ragtime-na,0,backbone,1055,1031,138,26,0.5647058823529412,1,False
ragtime-na,0,backbone,1055,1033,143,45,0.775,0,False
ragtime-na,0,backbone,1055,1035,53,10,0.5882352941176471,1,False
ragtime-na,0,backbone,1055,1037,115,35,0.9295774647887324,0,False
ragtime-na,0,backbone,1055,1039,202,81,0.9426751592356688,0,False
ragtime-na,0,backbone,1055,1041,134,41,0.8395061728395061,0,False
ragtime-na,0,backbone,1055,1047,295,148,0.7828571428571428,1,False
ragtime-na,0,backbone,1055,1053,280,148,0.9407894736842105,0,False
ragtime-na,0,backbone,1055,1055,193,116,0.940677966101695,0,True
ragtime-na,0,backbone,1055,1065,160,44,0.8131868131868132,1,False
ragtime-na,0,backbone,1055,1067,180,64,0.7703703703703704,1,False
ragtime-na,0,backbone,1055,1075,220,87,0.8383233532934131,1,False
ragtime-na,0,backbone,1055,1077,220,88,0.7684210526315789,1,False
ragtime-na,0,backbone,1055,1079,153,37,0.7764705882352941,1,False
ragtime-na,0,backbone,1055,1081,471,272,0.7669172932330827,1,False
ragtime-na,0,backbone,1055,1083,432,284,0.8757961783439491,1,False
ragtime-na,0,backbone,1055,1085,159,47,0.7666666666666667,1,False
ragtime-na,0,backbone,1055,1087,393,224,0.9227467811158798,0,False
ragtime-na,0,backbone,1065,1001,395,179,0.8529411764705882,0,False
ragtime-na,0,backbone,1065,1003,236,75,0.734375,1,False
ragtime-na,0,backbone,1065,1005,189,51,0.9532710280373832,0,False
ragtime-na,0,backbone,1065,1007,493,246,0.8590021691973969,0,False
ragtime-na,0,backbone,1065,1009,455,258,0.9696969696969697,0,False
ragtime-na,0,backbone,1065,1011,272,116,0.9184549356223176,0,False
ragtime-na,0,backbone,1065,1013,487,266,0.7931769722814499,1,False
ragtime-na,0,backbone,1065,1015,100,25,0.9019607843137255,1,False
ragtime-na,0,backbone,1065,1017,182,45,0.7835051546391752,1,False
ragtime-na,0,backbone,1065,1019,418,265,0.9169811320754717,0,False
ragtime-na,0,backbone,1065,1021,257,119,0.8365019011406845,1,False
ragtime-na,0,backbone,1065,1023,85,19,0.7894736842105263,0,False
ragtime-na,0,backbone,1065,1025,327,183,0.7030716723549488,1,False
ragtime-na,0,backbone,1065,1027,207,115,0.9004329004329005,0,False
ragtime-na,0,backbone,1065,1029,203,59,0.9152542372881356,0,False
ragtime-na,0,backbone,1065,1031,138,26,0.6024096385542169,1,False
ragtime-na,0,backbone,1065,1033,143,45,0.759493670886076,0,False
ragtime-na,0,backbone,1065,1035,53,10,0.8235294117647058,1,False
ragtime-na,0,backbone,1065,1037,115,35,0.9393939393939394,0,False
ragtime-na,0,backbone,1065,1039,202,81,0.9419354838709677,0,False
ragtime-na,0,backbone,1065,1041,134,41,0.868421052631579,0,False
ragtime-na,0,backbone,1065,1047,295,148,0.7547169811320755,1,False
ragtime-na,0,backbone,1065,1053,280,148,0.9491525423728814,0,False
ragtime-na,0,backbone,1065,1055,193,116,0.927038626609442,0,False
ragtime-na,0,backbone,1065,1065,160,44,0.8863636363636364,1,True
ragtime-na,0,backbone,1065,1067,180,64,0.7761194029850746,1,False
ragtime-na,0,backbone,1065,1075,220,87,0.7549668874172185,1,False
ragtime-na,0,backbone,1065,1077,220,88,0.7745664739884393,1,False
ragtime-na,0,backbone,1065,1079,153,37,0.8205128205128205,1,False
ragtime-na,0,backbone,1065,1081,471,272,0.7780040733197556,1,False
ragtime-na,0,backbone,1065,1083,432,284,0.8970099667774086,1,False
ragtime-na,0,backbone,1065,1085,159,47,0.8679245283018868,1,False
ragtime-na,0,backbone,1065,1087,393,224,0.9230769230769231,0,False
ragtime-na,0,backbone,1067,1001,395,179,0.8195718654434251,0,False
ragtime-na,0,backbone,1067,1003,236,75,0.736,1,False
ragtime-na,0,backbone,1067,1005,189,51,0.9306930693069307,0,False
ragtime-na,0,backbone,1067,1007,493,246,0.832579185520362,0,False
ragtime-na,0,backbone,1067,1009,455,258,0.9769230769230769,0,False
ragtime-na,0,backbone,1067,1011,272,116,0.8977777777777778,0,False
ragtime-na,0,backbone,1067,1013,487,266,0.7020785219399538,1,False
ragtime-na,0,backbone,1067,1015,100,25,0.9166666666666666,1,False
ragtime-na,0,backbone,1067,1017,182,45,0.8297872340425532,1,False
ragtime-na,0,backbone,1067,1019,418,265,0.8966861598440545,0,False
ragtime-na,0,backbone,1067,1021,257,119,0.7932489451476793,1,False
ragtime-na,0,backbone,1067,1023,85,19,0.7333333333333333,0,False
ragtime-na,0,backbone,1067,1025,327,183,0.5917602996254682,1,False
ragtime-na,0,backbone,1067,1027,207,115,0.8755760368663594,0,False
ragtime-na,0,backbone,1067,1029,203,59,0.8849557522123894,0,False
ragtime-na,0,backbone,1067,1031,138,26,0.64,1,False
ragtime-na,0,backbone,1067,1033,143,45,0.676056338028169,0,False
ragtime-na,0,backbone,1067,1035,53,10,0.5714285714285714,1,False
ragtime-na,0,backbone,1067,1037,115,35,0.9411764705882353,0,False
ragtime-na,0,backbone,1067,1039,202,81,0.9342105263157895,0,False
ragtime-na,0,backbone,1067,1041,134,41,0.8533333333333334,0,False
ragtime-na,0,backbone,1067,1047,295,148,0.7609427609427609,1,False
ragtime-na,0,backbone,1067,1053,280,148,0.9423728813559322,0,False
ragtime-na,0,backbone,1067,1055,193,116,0.9264069264069265,0,False
ragtime-na,0,backbone,1067,1065,160,44,0.7435897435897436,1,False
ragtime-na,0,backbone,1067,1067,180,64,0.9193548387096774,1,True
ragtime-na,0,backbone,1067,1075,220,87,0.5714285714285714,1,False
ragtime-na,0,backbone,1067,1077,220,88,0.7719298245614035,1,False
ragtime-na,0,backbone,1067,1079,153,37,0.8450704225352113,1,False
ragtime-na,0,backbone,1067,1081,471,272,0.7462039045553145,1,False
ragtime-na,0,backbone,1067,1083,432,284,0.9016949152542373,1,False
ragtime-na,0,backbone,1067,1085,159,47,0.8761904761904762,1,False
ragtime-na,0,backbone,1067,1087,393,224,0.9193899782135077,0,False
ragtime-na,0,backbone,1075,1001,395,179,0.8493150684931506,0,False
ragtime-na,0,backbone,1075,1003,236,75,0.7851851851851852,1,False
ragtime-na,0,backbone,1075,1005,189,51,0.8828828828828829,0,False
ragtime-na,0,backbone,1075,1007,493,246,0.8607068607068608,0,False
ragtime-na,0,backbone,1075,1009,455,258,0.9589552238805971,0,False
ragtime-na,0,backbone,1075,1011,272,116,0.9045643153526971,0,False
ragtime-na,0,backbone,1075,1013,487,266,0.8467153284671532,1,False
ragtime-na,0,backbone,1075,1015,100,25,0.8846153846153846,1,False
ragtime-na,0,backbone,1075,1017,182,45,0.7857142857142857,1,False
ragtime-na,0,backbone,1075,1019,418,265,0.8962962962962963,0,False
ragtime-na,0,backbone,1075,1021,257,119,0.8375451263537906,1,False
ragtime-na,0,backbone,1075,1023,85,19,0.7777777777777778,0,False
ragtime-na,0,backbone,1075,1025,327,183,0.8263473053892215,1,False
ragtime-na,0,backbone,1075,1027,207,115,0.9053497942386831,0,False
ragtime-na,0,backbone,1075,1029,203,59,0.9193548387096774,0,False
ragtime-na,0,backbone,1075,1031,138,26,0.5652173913043478,1,False
ragtime-na,0,backbone,1075,1033,143,45,0.8,0,False
ragtime-na,0,backbone,1075,1035,53,10,0.7368421052631579,1,False
ragtime-na,0,backbone,1075,1037,115,35,0.9315068493150684,0,False
ragtime-na,0,backbone,1075,1039,202,81,0.9565217391304348,0,False
ragtime-na,0,backbone,1075,1041,134,41,0.8395061728395061,0,False
ragtime-na,0,backbone,1075,1047,295,148,0.7601078167115903,1,False
ragtime-na,0,backbone,1075,1053,280,148,0.9477124183006536,0,False
ragtime-na,0,backbone,1075,1055,193,116,0.9322033898305084,0,False
ragtime-na,0,backbone,1075,1065,160,44,0.8297872340425532,1,False
ragtime-na,0,backbone,1075,1067,180,64,0.8,1,False
ragtime-na,0,backbone,1075,1075,220,87,0.9595375722543352,1,True
ragtime-na,0,backbone,1075,1077,220,88,0.7783251231527094,1,False
ragtime-na,0,backbone,1075,1079,153,37,0.7472527472527473,1,False
ragtime-na,0,backbone,1075,1081,471,272,0.8375451263537906,1,False
ragtime-na,0,backbone,1075,1083,432,284,0.8571428571428571,1,False
ragtime-na,0,backbone,1075,1085,159,47,0.7704918032786885,1,False
ragtime-na,0,backbone,1075,1087,393,224,0.9221052631578948,0,False
ragtime-na,0,backbone,1077,1001,395,179,0.844311377245509,0,False
ragtime-na,0,backbone,1077,1003,236,75,0.796875,1,False
ragtime-na,0,backbone,1077,1005,189,51,0.9306930693069307,0,False
ragtime-na,0,backbone,1077,1007,493,246,0.8552631578947368,0,False
ragtime-na,0,backbone,1077,1009,455,258,0.973384030418251,0,False
ragtime-na,0,backbone,1077,1011,272,116,0.9184549356223176,0,False
ragtime-na,0,backbone,1077,1013,487,266,0.7466666666666667,1,False
ragtime-na,0,backbone,1077,1015,100,25,0.8888888888888888,1,False
ragtime-na,0,backbone,1077,1017,182,45,0.8163265306122449,1,False
ragtime-na,0,backbone,1077,1019,418,265,0.9125475285171103,0,False
ragtime-na,0,backbone,1077,1021,257,119,0.7923076923076923,1,False
ragtime-na,0,backbone,1077,1023,85,19,0.8571428571428571,0,False
ragtime-na,0,backbone,1077,1025,327,183,0.635036496350365,1,False
ragtime-na,0,backbone,1077,1027,207,115,0.8687782805429864,0,False
ragtime-na,0,backbone,1077,1029,203,59,0.8849557522123894,0,False
ragtime-na,0,backbone,1077,1031,138,26,0.6233766233766234,1,False
ragtime-na,0,backbone,1077,1033,143,45,0.7733333333333333,0,False
ragtime-na,0,backbone,1077,1035,53,10,0.75,1,False
ragtime-na,0,backbone,1077,1037,115,35,0.9552238805970149,0,False
ragtime-na,0,backbone,1077,1039,202,81,0.948051948051948,0,False
ragtime-na,0,backbone,1077,1041,134,41,0.8461538461538461,0,False
ragtime-na,0,backbone,1077,1047,295,148,0.8024316109422492,1,False
ragtime-na,0,backbone,1077,1053,280,148,0.9375,0,False
ragtime-na,0,backbone,1077,1055,193,116,0.9401709401709402,0,False
ragtime-na,0,backbone,1077,1065,160,44,0.7654320987654321,1,False
ragtime-na,0,backbone,1077,1067,180,64,0.7633587786259542,1,False
ragtime-na,0,backbone,1077,1075,220,87,0.6666666666666666,1,False
ragtime-na,0,backbone,1077,1077,220,88,0.8670520231213873,1,True
ragtime-na,0,backbone,1077,1079,153,37,0.8533333333333334,1,False
ragtime-na,0,backbone,1077,1081,471,272,0.7745901639344263,1,False
ragtime-na,0,backbone,1077,1083,432,284,0.891846921797005,1,False
ragtime-na,0,backbone,1077,1085,159,47,0.8141592920353983,1,False
ragtime-na,0,backbone,1077,1087,393,224,0.9155555555555556,0,False
ragtime-na,0,backbone,1079,1001,395,179,0.8563049853372434,0,False
ragtime-na,0,backbone,1079,1003,236,75,0.7692307692307693,1,False
ragtime-na,0,backbone,1079,1005,189,51,0.9423076923076923,0,False
ragtime-na,0,backbone,1079,1007,493,246,0.8589743589743589,0,False
ragtime-na,0,backbone,1079,1009,455,258,0.9642184557438794,0,False
ragtime-na,0,backbone,1079,1011,272,116,0.9184549356223176,0,False
ragtime-na,0,backbone,1079,1013,487,266,0.7692307692307693,1,False
ragtime-na,0,backbone,1079,1015,100,25,0.8518518518518519,1,False
ragtime-na,0,backbone,1079,1017,182,45,0.7961165048543689,1,False
ragtime-na,0,backbone,1079,1019,418,265,0.9128787878787878,0,False
ragtime-na,0,backbone,1079,1021,257,119,0.8333333333333334,1,False
ragtime-na,0,backbone,1079,1023,85,19,0.7894736842105263,0,False
ragtime-na,0,backbone,1079,1025,327,183,0.5735849056603773,1,False
ragtime-na,0,backbone,1079,1027,207,115,0.9017857142857143,0,False
ragtime-na,0,backbone,1079,1029,203,59,0.8869565217391304,0,False
ragtime-na,0,backbone,1079,1031,138,26,0.6329113924050633,1,False
ragtime-na,0,backbone,1079,1033,143,45,0.7792207792207793,0,False
ragtime-na,0,backbone,1079,1035,53,10,0.7058823529411765,1,False
ragtime-na,0,backbone,1079,1037,115,35,0.9714285714285714,0,False
ragtime-na,0,backbone,1079,1039,202,81,0.9426751592356688,0,False
ragtime-na,0,backbone,1079,1041,134,41,0.868421052631579,0,False
ragtime-na,0,backbone,1079,1047,295,148,0.768361581920904,1,False
ragtime-na,0,backbone,1079,1053,280,148,0.9368770764119602,0,False
ragtime-na,0,backbone,1079,1055,193,116,0.9396551724137931,0,False
ragtime-na,0,backbone,1079,1065,160,44,0.7857142857142857,1,False
ragtime-na,0,backbone,1079,1067,180,64,0.7786259541984732,1,False
ragtime-na,0,backbone,1079,1075,220,87,0.684931506849315,1,False
ragtime-na,0,backbone,1079,1077,220,88,0.7485380116959064,1,False
ragtime-na,0,backbone,1079,1079,153,37,1.0,1,True
ragtime-na,0,backbone,1079,1081,471,272,0.7619047619047619,1,False
ragtime-na,0,backbone,1079,1083,432,284,0.8622366288492707,1,False
ragtime-na,0,backbone,1079,1085,159,47,0.831858407079646,1,False
ragtime-na,0,backbone,1079,1087,393,224,0.9204301075268817,0,False
ragtime-na,0,backbone,1081,1001,395,179,0.8548812664907651,0,False
ragtime-na,0,backbone,1081,1003,236,75,0.7832167832167832,1,False
ragtime-na,0,backbone,1081,1005,189,51,0.8849557522123894,0,False
ragtime-na,0,backbone,1081,1007,493,246,0.8816326530612245,0,False
ragtime-na,0,backbone,1081,1009,455,258,0.9573283858998145,0,False
ragtime-na,0,backbone,1081,1011,272,116,0.8870967741935484,0,False
ragtime-na,0,backbone,1081,1013,487,266,0.8374760994263862,1,False
ragtime-na,0,backbone,1081,1015,100,25,0.8928571428571429,1,False
ragtime-na,0,backbone,1081,1017,182,45,0.72,1,False
ragtime-na,0,backbone,1081,1019,418,265,0.9104204753199269,0,False
ragtime-na,0,backbone,1081,1021,257,119,0.8251748251748252,1,False
ragtime-na,0,backbone,1081,1023,85,19,0.7555555555555555,0,False
ragtime-na,0,backbone,1081,1025,327,183,0.8362573099415205,1,False
ragtime-na,0,backbone,1081,1027,207,115,0.8888888888888888,0,False
ragtime-na,0,backbone,1081,1029,203,59,0.9193548387096774,0,False
ragtime-na,0,backbone,1081,1031,138,26,0.5977011494252874,1,False
ragtime-na,0,backbone,1081,1033,143,45,0.8863636363636364,0,False
ragtime-na,0,backbone,1081,1035,53,10,0.8333333333333334,1,False
ragtime-na,0,backbone,1081,1037,115,35,0.8918918918918919,0,False
ragtime-na,0,backbone,1081,1039,202,81,0.9447852760736196,0,False
ragtime-na,0,backbone,1081,1041,134,41,0.8372093023255814,0,False
ragtime-na,0,backbone,1081,1047,295,148,0.7593582887700535,1,False
ragtime-na,0,backbone,1081,1053,280,148,0.9329073482428115,0,False
ragtime-na,0,backbone,1081,1055,193,116,0.9377593360995851,0,False
ragtime-na,0,backbone,1081,1065,160,44,0.7766990291262136,1,False
ragtime-na,0,backbone,1081,1067,180,64,0.7741935483870968,1,False
ragtime-na,0,backbone,1081,1075,220,87,0.8636363636363636,1,False
ragtime-na,0,backbone,1081,1077,220,88,0.784688995215311,1,False
ragtime-na,0,backbone,1081,1079,153,37,0.6804123711340206,1,False
ragtime-na,0,backbone,1081,1081,471,272,0.950354609929078,1,True
ragtime-na,0,backbone,1081,1083,432,284,0.8673946957878315,1,False
ragtime-na,0,backbone,1081,1085,159,47,0.752,1,False
ragtime-na,0,backbone,1081,1087,393,224,0.9224318658280922,0,False
ragtime-na,0,backbone,1083,1001,395,179,0.8531073446327684,0,False
ragtime-na,0,backbone,1083,1003,236,75,0.7703703703703704,1,False
ragtime-na,0,backbone,1083,1005,189,51,0.9259259259259259,0,False
ragtime-na,0,backbone,1083,1007,493,246,0.8789808917197452,0,False
ragtime-na,0,backbone,1083,1009,455,258,0.9717514124293786,0,False
ragtime-na,0,backbone,1083,1011,272,116,0.9083333333333333,0,False
ragtime-na,0,backbone,1083,1013,487,266,0.8,1,False
ragtime-na,0,backbone,1083,1015,100,25,0.8620689655172413,1,False
ragtime-na,0,backbone,1083,1017,182,45,0.7889908256880734,1,False
ragtime-na,0,backbone,1083,1019,418,265,0.9111531190926276,0,False
ragtime-na,0,backbone,1083,1021,257,119,0.8382352941176471,1,False
ragtime-na,0,backbone,1083,1023,85,19,0.8108108108108109,0,False
ragtime-na,0,backbone,1083,1025,327,183,0.7707006369426752,1,False
ragtime-na,0,backbone,1083,1027,207,115,0.8927038626609443,0,False
ragtime-na,0,backbone,1083,1029,203,59,0.9,0,False
ragtime-na,0,backbone,1083,1031,138,26,0.5274725274725275,1,False
ragtime-na,0,backbone,1083,1033,143,45,0.8,0,False
ragtime-na,0,backbone,1083,1035,53,10,0.4444444444444444,1,False
ragtime-na,0,backbone,1083,1037,115,35,0.9428571428571428,0,False
ragtime-na,0,backbone,1083,1039,202,81,0.9554140127388535,0,False
ragtime-na,0,backbone,1083,1041,134,41,0.8354430379746836,0,False
ragtime-na,0,backbone,1083,1047,295,148,0.8011695906432749,1,False
ragtime-na,0,backbone,1083,1053,280,148,0.9260450160771704,0,False
ragtime-na,0,backbone,1083,1055,193,116,0.9327731092436975,0,False
ragtime-na,0,backbone,1083,1065,160,44,0.8125,1,False
ragtime-na,0,backbone,1083,1067,180,64,0.7352941176470589,1,False
ragtime-na,0,backbone,1083,1075,220,87,0.7248322147651006,1,False
ragtime-na,0,backbone,1083,1077,220,88,0.7575757575757576,1,False
ragtime-na,0,backbone,1083,1079,153,37,0.7764705882352941,1,False
ragtime-na,0,backbone,1083,1081,471,272,0.7916666666666666,1,False
ragtime-na,0,backbone,1083,1083,432,284,0.9602763385146805,1,True
ragtime-na,0,backbone,1083,1085,159,47,0.8034188034188035,1,False
ragtime-na,0,backbone,1083,1087,393,224,0.9191489361702128,0,False
ragtime-na,0,backbone,1085,1001,395,179,0.8545994065281899,0,False
ragtime-na,0,backbone,1085,1003,236,75,0.768,1,False
ragtime-na,0,backbone,1085,1005,189,51,0.9411764705882353,0,False
ragtime-na,0,backbone,1085,1007,493,246,0.8340807174887892,0,False
ragtime-na,0,backbone,1085,1009,455,258,0.9808429118773946,0,False
ragtime-na,0,backbone,1085,1011,272,116,0.9276595744680851,0,False
ragtime-na,0,backbone,1085,1013,487,266,0.7342342342342343,1,False
ragtime-na,0,backbone,1085,1015,100,25,0.9019607843137255,1,False
ragtime-na,0,backbone,1085,1017,182,45,0.8080808080808081,1,False
ragtime-na,0,backbone,1085,1019,418,265,0.9053030303030303,0,False
ragtime-na,0,backbone,1085,1021,257,119,0.8301886792452831,1,False
ragtime-na,0,backbone,1085,1023,85,19,0.8,0,False
ragtime-na,0,backbone,1085,1025,327,183,0.625,1,False
ragtime-na,0,backbone,1085,1027,207,115,0.8909090909090909,0,False
ragtime-na,0,backbone,1085,1029,203,59,0.907563025210084,0,False
ragtime-na,0,backbone,1085,1031,138,26,0.6764705882352942,1,False
ragtime-na,0,backbone,1085,1033,143,45,0.7466666666666667,0,False
ragtime-na,0,backbone,1085,1035,53,10,0.75,1,False
ragtime-na,0,backbone,1085,1037,115,35,0.9428571428571428,0,False
ragtime-na,0,backbone,1085,1039,202,81,0.9411764705882353,0,False
ragtime-na,0,backbone,1085,1041,134,41,0.8055555555555556,0,False
ragtime-na,0,backbone,1085,1047,295,148,0.7440273037542662,1,False
ragtime-na,0,backbone,1085,1053,280,148,0.9419795221843004,0,False
ragtime-na,0,backbone,1085,1055,193,116,0.9196428571428571,0,False
ragtime-na,0,backbone,1085,1065,160,44,0.8095238095238095,1,False
ragtime-na,0,backbone,1085,1067,180,64,0.7761194029850746,1,False
ragtime-na,0,backbone,1085,1075,220,87,0.582089552238806,1,False
ragtime-na,0,backbone,1085,1077,220,88,0.7455621301775148,1,False
ragtime-na,0,backbone,1085,1079,153,37,0.8533333333333334,1,False
ragtime-na,0,backbone,1085,1081,471,272,0.7648351648351648,1,False
ragtime-na,0,backbone,1085,1083,432,284,0.8888888888888888,1,False
ragtime-na,0,backbone,1085,1085,159,47,0.92,1,True
ragtime-na,0,backbone,1085,1087,393,224,0.9170305676855895,0,False
ragtime-na,0,backbone,1087,1001,395,179,0.8587570621468926,0,False
ragtime-na,0,backbone,1087,1003,236,75,0.8088235294117647,1,False
ragtime-na,0,backbone,1087,1005,189,51,0.9345794392523364,0,False
ragtime-na,0,backbone,1087,1007,493,246,0.8734177215189873,0,False
ragtime-na,0,backbone,1087,1009,455,258,0.9626865671641791,0,False
ragtime-na,0,backbone,1087,1011,272,116,0.9159663865546218,0,False
ragtime-na,0,backbone,1087,1013,487,266,0.8209255533199196,1,False
ragtime-na,0,backbone,1087,1015,100,25,0.8888888888888888,1,False
ragtime-na,0,backbone,1087,1017,182,45,0.7777777777777778,1,False
ragtime-na,0,backbone,1087,1019,418,265,0.908411214953271,0,False
ragtime-na,0,backbone,1087,1021,257,119,0.8436363636363636,1,False
ragtime-na,0,backbone,1087,1023,85,19,0.7692307692307693,0,False
ragtime-na,0,backbone,1087,1025,327,183,0.7784810126582279,1,False
ragtime-na,0,backbone,1087,1027,207,115,0.905982905982906,0,False
ragtime-na,0,backbone,1087,1029,203,59,0.926829268292683,0,False
ragtime-na,0,backbone,1087,1031,138,26,0.5813953488372093,1,False
ragtime-na,0,backbone,1087,1033,143,45,0.8048780487804879,0,False
ragtime-na,0,backbone,1087,1035,53,10,0.7777777777777778,1,False
ragtime-na,0,backbone,1087,1037,115,35,0.8918918918918919,0,False
ragtime-na,0,backbone,1087,1039,202,81,0.9506172839506173,0,False
ragtime-na,0,backbone,1087,1041,134,41,0.85,0,False
ragtime-na,0,backbone,1087,1047,295,148,0.7863247863247863,1,False
ragtime-na,0,backbone,1087,1053,280,148,0.9501661129568106,0,False
ragtime-na,0,backbone,1087,1055,193,116,0.9282700421940928,0,False
ragtime-na,0,backbone,1087,1065,160,44,0.8409090909090909,1,False
ragtime-na,0,backbone,1087,1067,180,64,0.7913669064748201,1,False
ragtime-na,0,backbone,1087,1075,220,87,0.7757575757575758,1,False
ragtime-na,0,backbone,1087,1077,220,88,0.7939698492462312,1,False
ragtime-na,0,backbone,1087,1079,153,37,0.7415730337078652,1,False
ragtime-na,0,backbone,1087,1081,471,272,0.8068181818181818,1,False
ragtime-na,0,backbone,1087,1083,432,284,0.8738170347003155,1,False
ragtime-na,0,backbone,1087,1085,159,47,0.7603305785123967,1,False
ragtime-na,0,backbone,1087,1087,393,224,0.9260869565217391,0,True
ragtime-na,0,warmup,warmup,1001,395,179,0.8515406162464986,0,False
ragtime-na,0,warmup,warmup,1003,236,75,0.7910447761194029,1,False
ragtime-na,0,warmup,warmup,1005,189,51,0.8990825688073395,0,False
ragtime-na,0,warmup,warmup,1007,493,246,0.8661087866108786,0,False
ragtime-na,0,warmup,warmup,1009,455,258,0.9625468164794008,0,False
ragtime-na,0,warmup,warmup,1011,272,116,0.9205020920502092,0,False
ragtime-na,0,warmup,warmup,1013,487,266,0.8599221789883269,1,False
ragtime-na,0,warmup,warmup,1015,100,25,0.8727272727272727,1,False
ragtime-na,0,warmup,warmup,1017,182,45,0.7413793103448276,1,False
ragtime-na,0,warmup,warmup,1019,418,265,0.9067164179104478,0,False
ragtime-na,0,warmup,warmup,1021,257,119,0.8315412186379928,1,False
ragtime-na,0,warmup,warmup,1023,85,19,0.8108108108108109,0,False
ragtime-na,0,warmup,warmup,1025,327,183,0.7962382445141066,1,False
ragtime-na,0,warmup,warmup,1027,207,115,0.9137931034482759,0,False
ragtime-na,0,warmup,warmup,1029,203,59,0.9256198347107438,0,False
ragtime-na,0,warmup,warmup,1031,138,26,0.5813953488372093,1,False
ragtime-na,0,warmup,warmup,1033,143,45,0.7901234567901234,0,False
ragtime-na,0,warmup,warmup,1035,53,10,0.7058823529411765,1,False
ragtime-na,0,warmup,warmup,1037,115,35,0.8918918918918919,0,False
ragtime-na,0,warmup,warmup,1039,202,81,0.9565217391304348,0,False
ragtime-na,0,warmup,warmup,1041,134,41,0.8461538461538461,0,False
ragtime-na,0,warmup,warmup,1047,295,148,0.7692307692307693,1,False
ragtime-na,0,warmup,warmup,1053,280,148,0.9446254071661238,0,False
ragtime-na,0,warmup,warmup,1055,193,116,0.9322033898305084,0,False
ragtime-na,0,warmup,warmup,1065,160,44,0.8043478260869565,1,False
ragtime-na,0,warmup,warmup,1067,180,64,0.782608695652174,1,False
ragtime-na,0,warmup,warmup,1075,220,87,0.8143712574850299,1,False
ragtime-na,0,warmup,warmup,1077,220,88,0.7614213197969543,1,False
ragtime-na,0,warmup,warmup,1079,153,37,0.7586206896551724,1,False
ragtime-na,0,warmup,warmup,1081,471,272,0.780952380952381,1,False
ragtime-na,0,warmup,warmup,1083,432,284,0.8606811145510835,1,False
ragtime-na,0,warmup,warmup,1085,159,47,0.7704918032786885,1,False
ragtime-na,0,warmup,warmup,1087,393,224,0.9201680672268907,0,False
trecrag,0,adapter,2024-105741,2024-105741,176,40,0.7714285714285715,1,True
trecrag,0,adapter,2024-105741,2024-121840,176,40,0.7341772151898734,0,False
trecrag,0,adapter,2024-105741,2024-127266,132,41,0.7311827956989247,1,False
trecrag,0,adapter,2024-105741,2024-129925,121,62,0.8275862068965517,1,False
trecrag,0,adapter,2024-105741,2024-141577,220,81,0.6614173228346457,1,False
trecrag,0,adapter,2024-105741,2024-142395,143,55,0.8141592920353983,1,False
trecrag,0,adapter,2024-105741,2024-143869,220,69,0.8740740740740741,1,False
trecrag,0,adapter,2024-105741,2024-145979,165,90,0.9613259668508287,0,False
trecrag,0,adapter,2024-105741,2024-152259,132,58,0.9344262295081968,0,False
trecrag,0,adapter,2024-105741,2024-152817,176,67,0.8888888888888888,1,False
trecrag,0,adapter,2024-105741,2024-153051,154,89,0.9943502824858758,0,False
trecrag,0,adapter,2024-105741,2024-158261,187,21,0.7555555555555555,0,False
trecrag,0,adapter,2024-105741,2024-158677,198,67,0.6608695652173913,1,False
trecrag,0,adapter,2024-105741,2024-158743,198,46,0.8631578947368421,0,False
trecrag,0,adapter,2024-105741,2024-18963,187,30,0.7241379310344828,1,False
trecrag,0,adapter,2024-105741,2024-19025,132,53,0.4788732394366197,1,False
trecrag,0,adapter,2024-105741,2024-213469,143,40,0.7804878048780488,0,False
trecrag,0,adapter,2024-105741,2024-213789,143,50,0.6766917293233082,1,False
trecrag,0,adapter,2024-105741,2024-213817,143,66,0.9302325581395349,1,False
trecrag,0,adapter,2024-105741,2024-213978,99,16,0.7741935483870968,1,False
trecrag,0,adapter,2024-105741,2024-214096,176,69,0.9076923076923077,0,False
trecrag,0,adapter,2024-105741,2024-214257,110,33,0.927536231884058,0,False
trecrag,0,adapter,2024-105741,2024-214467,77,42,0.9629629629629629,0,False
trecrag,0,adapter,2024-105741,2024-215044,165,19,0.7659574468085106,1,False
trecrag,0,adapter,2024-105741,2024-215952,110,32,0.8135593220338984,0,False
trecrag,0,adapter,2024-105741,2024-216592,220,75,0.9261744966442953,0,False
trecrag,0,adapter,2024-105741,2024-217279,132,45,0.8604651162790697,0,False
trecrag,0,adapter,2024-105741,2024-217812,140,62,0.9133858267716536,0,False
trecrag,0,adapter,2024-105741,2024-219563,110,43,0.6888888888888889,1,False
trecrag,0,adapter,2024-105741,2024-219624,143,52,0.9433962264150944,0,False
trecrag,0,adapter,2024-105741,2024-224279,165,52,0.6813186813186813,1,False
trecrag,0,adapter,2024-105741,2024-224701,198,83,0.8620689655172413,0,False
trecrag,0,adapter,2024-105741,2024-224926,121,9,0.4827586206896552,1,False
trecrag,0,adapter,2024-105741,2024-22886,220,83,0.9390243902439024,0,False
trecrag,0,adapter,2024-105741,2024-27366,176,68,0.6666666666666666,1,False
trecrag,0,adapter,2024-105741,2024-29182,165,40,0.8860759493670886,0,False
trecrag,0,adapter,2024-105741,2024-32912,99,63,0.9354838709677419,1,False
trecrag,0,adapter,2024-105741,2024-35227,198,83,0.8121212121212121,0,False
trecrag,0,adapter,2024-105741,2024-35269,110,56,0.972972972972973,0,False
trecrag,0,adapter,2024-105741,2024-35284,143,66,0.9618320610687023,0,False
trecrag,0,adapter,2024-105741,2024-35620,187,50,0.9142857142857143,0,False
trecrag,0,adapter,2024-105741,2024-38986,176,67,0.5882352941176471,1,False
trecrag,0,adapter,2024-105741,2024-41849,209,38,0.7157894736842105,1,False
trecrag,0,adapter,2024-105741,2024-42497,165,52,0.7213114754098361,1,False
trecrag,0,adapter,2024-105741,2024-43037,110,52,0.8737864077669902,0,False
trecrag,0,adapter,2024-105741,2024-43983,110,20,0.6521739130434783,1,False
trecrag,0,adapter,2024-105741,2024-44060,66,40,0.9512195121951219,0,False
trecrag,0,adapter,2024-105741,2024-58819,176,25,0.8181818181818182,0,False
trecrag,0,adapter,2024-105741,2024-73340,77,40,0.9113924050632911,1,False
trecrag,0,adapter,2024-105741,2024-73918,198,28,0.65625,1,False
trecrag,0,adapter,2024-105741,2024-79081,176,44,0.8163265306122449,1,False
trecrag,0,adapter,2024-105741,2024-79154,99,66,0.9923664122137404,0,False
trecrag,0,adapter,2024-105741,2024-88894,143,26,0.5106382978723404,1,False
trecrag,0,adapter,2024-105741,2024-94706,120,43,0.8048780487804879,0,False
trecrag,0,adapter,2024-105741,2024-96063,176,18,0.7894736842105263,0,False
trecrag,0,adapter,2024-105741,2024-96359,121,64,0.6915887850467289,1,False
trecrag,0,adapter,2024-121840,2024-105741,176,40,0.7058823529411765,1,False
trecrag,0,adapter,2024-121840,2024-121840,176,40,0.7654320987654321,0,True
trecrag,0,adapter,2024-121840,2024-127266,132,41,0.7311827956989247,1,False
trecrag,0,adapter,2024-121840,2024-129925,121,62,0.8205128205128205,1,False
trecrag,0,adapter,2024-121840,2024-141577,220,81,0.6507936507936508,1,False
trecrag,0,adapter,2024-121840,2024-142395,143,55,0.8070175438596491,1,False
trecrag,0,adapter,2024-121840,2024-143869,220,69,0.8740740740740741,1,False
trecrag,0,adapter,2024-121840,2024-145979,165,90,0.9560439560439561,0,False
trecrag,0,adapter,2024-121840,2024-152259,132,58,0.9344262295081968,0,False
trecrag,0,adapter,2024-121840,2024-152817,176,67,0.8888888888888888,1,False
trecrag,0,adapter,2024-121840,2024-153051,154,89,0.9943502824858758,0,False
trecrag,0,adapter,2024-121840,2024-158261,187,21,0.7555555555555555,0,False
trecrag,0,adapter,2024-121840,2024-158677,198,67,0.6608695652173913,1,False
trecrag,0,adapter,2024-121840,2024-158743,198,46,0.8631578947368421,0,False
trecrag,0,adapter,2024-121840,2024-18963,187,30,0.7241379310344828,1,False
trecrag,0,adapter,2024-121840,2024-19025,132,53,0.5205479452054794,1,False
trecrag,0,adapter,2024-121840,2024-213469,143,40,0.7804878048780488,0,False
trecrag,0,adapter,2024-121840,2024-213789,143,50,0.6766917293233082,1,False
trecrag,0,adapter,2024-121840,2024-213817,143,66,0.9302325581395349,1,False
trecrag,0,adapter,2024-121840,2024-213978,99,16,0.7741935483870968,1,False
trecrag,0,adapter,2024-121840,2024-214096,176,69,0.9076923076923077,0,False
trecrag,0,adapter,2024-121840,2024-214257,110,33,0.927536231884058,0,False
trecrag,0,adapter,2024-121840,2024-214467,77,42,0.9629629629629629,0,False
trecrag,0,adapter,2024-121840,2024-215044,165,19,0.7659574468085106,1,False
trecrag,0,adapter,2024-121840,2024-215952,110,32,0.8135593220338984,0,False
trecrag,0,adapter,2024-121840,2024-216592,220,75,0.9261744966442953,0,False
trecrag,0,adapter,2024-121840,2024-217279,132,45,0.8604651162790697,0,False
trecrag,0,adapter,2024-121840,2024-217812,140,62,0.9133858267716536,0,False
trecrag,0,adapter,2024-121840,2024-219563,110,43,0.6888888888888889,1,False
trecrag,0,adapter,2024-121840,2024-219624,143,52,0.9433962264150944,0,False
trecrag,0,adapter,2024-121840,2024-224279,165,52,0.6739130434782609,1,False
trecrag,0,adapter,2024-121840,2024-224701,198,83,0.8685714285714285,0,False
trecrag,0,adapter,2024-121840,2024-224926,121,9,0.4827586206896552,1,False
trecrag,0,adapter,2024-121840,2024-22886,220,83,0.9390243902439024,0,False
trecrag,0,adapter,2024-121840,2024-27366,176,68,0.6666666666666666,1,False
trecrag,0,adapter,2024-121840,2024-29182,165,40,0.8860759493670886,0,False
trecrag,0,adapter,2024-121840,2024-32912,99,63,0.9354838709677419,1,False
trecrag,0,adapter,2024-121840,2024-35227,198,83,0.8121212121212121,0,False
trecrag,0,adapter,2024-121840,2024-35269,110,56,0.972972972972973,0,False
trecrag,0,adapter,2024-121840,2024-35284,143,66,0.9618320610687023,0,False
trecrag,0,adapter,2024-121840,2024-35620,187,50,0.9142857142857143,0,False
trecrag,0,adapter,2024-121840,2024-38986,176,67,0.5882352941176471,1,False
trecrag,0,adapter,2024-121840,2024-41849,209,38,0.7157894736842105,1,False
trecrag,0,adapter,2024-121840,2024-42497,165,52,0.7213114754098361,1,False
trecrag,0,adapter,2024-121840,2024-43037,110,52,0.8737864077669902,0,False
trecrag,0,adapter,2024-121840,2024-43983,110,20,0.6382978723404256,1,False
trecrag,0,adapter,2024-121840,2024-44060,66,40,0.9512195121951219,0,False
trecrag,0,adapter,2024-121840,2024-58819,176,25,0.8181818181818182,0,False
trecrag,0,adapter,2024-121840,2024-73340,77,40,0.8974358974358975,1,False
trecrag,0,adapter,2024-121840,2024-73918,198,28,0.65625,1,False
trecrag,0,adapter,2024-121840,2024-79081,176,44,0.8163265306122449,1,False
trecrag,0,adapter,2024-121840,2024-79154,99,66,0.9923664122137404,0,False
trecrag,0,adapter,2024-121840,2024-88894,143,26,0.5416666666666666,1,False
trecrag,0,adapter,2024-121840,2024-94706,120,43,0.8048780487804879,0,False
trecrag,0,adapter,2024-121840,2024-96063,176,18,0.7894736842105263,0,False
trecrag,0,adapter,2024-121840,2024-96359,121,64,0.6851851851851852,1,False
trecrag,0,adapter,2024-127266,2024-105741,176,40,0.676923076923077,1,False
trecrag,0,adapter,2024-127266,2024-121840,176,40,0.7532467532467533,0,False
trecrag,0,adapter,2024-127266,2024-127266,132,41,0.8192771084337349,1,True
trecrag,0,adapter,2024-127266,2024-129925,121,62,0.8275862068965517,1,False
trecrag,0,adapter,2024-127266,2024-141577,220,81,0.6178861788617886,1,False
trecrag,0,adapter,2024-127266,2024-142395,143,55,0.7663551401869159,1,False
trecrag,0,adapter,2024-127266,2024-143869,220,69,0.8854961832061069,1,False
trecrag,0,adapter,2024-127266,2024-145979,165,90,0.9666666666666667,0,False
trecrag,0,adapter,2024-127266,2024-152259,132,58,0.9344262295081968,0,False
trecrag,0,adapter,2024-127266,2024-152817,176,67,0.8888888888888888,1,False
trecrag,0,adapter,2024-127266,2024-153051,154,89,0.9943502824858758,0,False
trecrag,0,adapter,2024-127266,2024-158261,187,21,0.7727272727272727,0,False
trecrag,0,adapter,2024-127266,2024-158677,198,67,0.6491228070175439,1,False
trecrag,0,adapter,2024-127266,2024-158743,198,46,0.8602150537634409,0,False
trecrag,0,adapter,2024-127266,2024-18963,187,30,0.7142857142857143,1,False
trecrag,0,adapter,2024-127266,2024-19025,132,53,0.45714285714285713,1,False
trecrag,0,adapter,2024-127266,2024-213469,143,40,0.8,0,False
trecrag,0,adapter,2024-127266,2024-213789,143,50,0.6875,1,False
trecrag,0,adapter,2024-127266,2024-213817,143,66,0.9302325581395349,1,False
trecrag,0,adapter,2024-127266,2024-213978,99,16,0.8,1,False
trecrag,0,adapter,2024-127266,2024-214096,176,69,0.9076923076923077,0,False
trecrag,0,adapter,2024-127266,2024-214257,110,33,0.927536231884058,0,False
trecrag,0,adapter,2024-127266,2024-214467,77,42,0.95,0,False
trecrag,0,adapter,2024-127266,2024-215044,165,19,0.782608695652174,1,False
trecrag,0,adapter,2024-127266,2024-215952,110,32,0.8135593220338984,0,False
trecrag,0,adapter,2024-127266,2024-216592,220,75,0.9261744966442953,0,False
trecrag,0,adapter,2024-127266,2024-217279,132,45,0.8470588235294118,0,False
trecrag,0,adapter,2024-127266,2024-217812,140,62,0.896,0,False
trecrag,0,adapter,2024-127266,2024-219563,110,43,0.6976744186046512,1,False
trecrag,0,adapter,2024-127266,2024-219624,143,52,0.9433962264150944,0,False
trecrag,0,adapter,2024-127266,2024-224279,165,52,0.6818181818181818,1,False
trecrag,0,adapter,2024-127266,2024-224701,198,83,0.8488372093023255,0,False
trecrag,0,adapter,2024-127266,2024-224926,121,9,0.48,1,False
trecrag,0,adapter,2024-127266,2024-22886,220,83,0.9325153374233128,0,False
trecrag,0,adapter,2024-127266,2024-27366,176,68,0.6486486486486487,1,False
trecrag,0,adapter,2024-127266,2024-29182,165,40,0.8831168831168831,0,False
trecrag,0,adapter,2024-127266,2024-32912,99,63,0.9344262295081968,1,False
trecrag,0,adapter,2024-127266,2024-35227,198,83,0.8098159509202454,0,False
trecrag,0,adapter,2024-127266,2024-35269,110,56,0.9636363636363636,0,False
trecrag,0,adapter,2024-127266,2024-35284,143,66,0.9692307692307692,0,False
trecrag,0,adapter,2024-127266,2024-35620,187,50,0.9320388349514563,0,False
trecrag,0,adapter,2024-127266,2024-38986,176,67,0.58,1,False
trecrag,0,adapter,2024-127266,2024-41849,209,38,0.7252747252747253,1,False
trecrag,0,adapter,2024-127266,2024-42497,165,52,0.7394957983193278,1,False
trecrag,0,adapter,2024-127266,2024-43037,110,52,0.8514851485148515,0,False
trecrag,0,adapter,2024-127266,2024-43983,110,20,0.6666666666666666,1,False
trecrag,0,adapter,2024-127266,2024-44060,66,40,0.9382716049382716,0,False
trecrag,0,adapter,2024-127266,2024-58819,176,25,0.7906976744186046,0,False
trecrag,0,adapter,2024-127266,2024-73340,77,40,0.8974358974358975,1,False
trecrag,0,adapter,2024-127266,2024-73918,198,28,0.6451612903225806,1,False
trecrag,0,adapter,2024-127266,2024-79081,176,44,0.7777777777777778,1,False
trecrag,0,adapter,2024-127266,2024-79154,99,66,0.9846153846153847,0,False
trecrag,0,adapter,2024-127266,2024-88894,143,26,0.5116279069767442,1,False
trecrag,0,adapter,2024-127266,2024-94706,120,43,0.759493670886076,0,False
trecrag,0,adapter,2024-127266,2024-96063,176,18,0.8,0,False
trecrag,0,adapter,2024-127266,2024-96359,121,64,0.6730769230769231,1,False
trecrag,0,adapter,2024-129925,2024-105741,176,40,0.696969696969697,1,False
trecrag,0,adapter,2024-129925,2024-121840,176,40,0.7341772151898734,0,False
trecrag,0,adapter,2024-129925,2024-127266,132,41,0.7472527472527473,1,False
trecrag,0,adapter,2024-129925,2024-129925,121,62,0.8305084745762712,1,True
trecrag,0,adapter,2024-129925,2024-141577,220,81,0.64,1,False
trecrag,0,adapter,2024-129925,2024-142395,143,55,0.8108108108108109,1,False
trecrag,0,adapter,2024-129925,2024-143869,220,69,0.8787878787878788,1,False
trecrag,0,adapter,2024-129925,2024-145979,165,90,0.9613259668508287,0,False
trecrag,0,adapter,2024-129925,2024-152259,132,58,0.9344262295081968,0,False
trecrag,0,adapter,2024-129925,2024-152817,176,67,0.8888888888888888,1,False
trecrag,0,adapter,2024-129925,2024-153051,154,89,0.9943502824858758,0,False
trecrag,0,adapter,2024-129925,2024-158261,187,21,0.7555555555555555,0,False
trecrag,0,adapter,2024-129925,2024-158677,198,67,0.6608695652173913,1,False
trecrag,0,adapter,2024-129925,2024-158743,198,46,0.851063829787234,0,False
trecrag,0,adapter,2024-129925,2024-18963,187,30,0.7142857142857143,1,False
trecrag,0,adapter,2024-129925,2024-19025,132,53,0.4788732394366197,1,False
trecrag,0,adapter,2024-129925,2024-213469,143,40,0.8,0,False
trecrag,0,adapter,2024-129925,2024-213789,143,50,0.676923076923077,1,False
trecrag,0,adapter,2024-129925,2024-213817,143,66,0.9302325581395349,1,False
trecrag,0,adapter,2024-129925,2024-213978,99,16,0.7741935483870968,1,False
trecrag,0,adapter,2024-129925,2024-214096,176,69,0.9076923076923077,0,False
trecrag,0,adapter,2024-129925,2024-214257,110,33,0.927536231884058,0,False
trecrag,0,adapter,2024-129925,2024-214467,77,42,0.95,0,False
trecrag,0,adapter,2024-129925,2024-215044,165,19,0.7659574468085106,1,False
trecrag,0,adapter,2024-129925,2024-215952,110,32,0.8135593220338984,0,False
trecrag,0,adapter,2024-129925,2024-216592,220,75,0.9261744966442953,0,False
trecrag,0,adapter,2024-129925,2024-217279,132,45,0.8604651162790697,0,False
trecrag,0,adapter,2024-129925,2024-217812,140,62,0.896,0,False
trecrag,0,adapter,2024-129925,2024-219563,110,43,0.6966292134831461,1,False
trecrag,0,adapter,2024-129925,2024-219624,143,52,0.9433962264150944,0,False
trecrag,0,adapter,2024-129925,2024-224279,165,52,0.6888888888888889,1,False
trecrag,0,adapter,2024-129925,2024-224701,198,83,0.8620689655172413,0,False
trecrag,0,adapter,2024-129925,2024-224926,121,9,0.5185185185185185,1,False
trecrag,0,adapter,2024-129925,2024-22886,220,83,0.9390243902439024,0,False
trecrag,0,adapter,2024-129925,2024-27366,176,68,0.6666666666666666,1,False
trecrag,0,adapter,2024-129925,2024-29182,165,40,0.8860759493670886,0,False
trecrag,0,adapter,2024-129925,2024-32912,99,63,0.926829268292683,1,False
trecrag,0,adapter,2024-129925,2024-35227,198,83,0.8170731707317073,0,False
trecrag,0,adapter,2024-129925,2024-35269,110,56,0.9636363636363636,0,False
trecrag,0,adapter,2024-129925,2024-35284,143,66,0.9692307692307692,0,False
trecrag,0,adapter,2024-129925,2024-35620,187,50,0.9230769230769231,0,False
trecrag,0,adapter,2024-129925,2024-38986,176,67,0.58,1,False
trecrag,0,adapter,2024-129925,2024-41849,209,38,0.717391304347826,1,False
trecrag,0,adapter,2024-129925,2024-42497,165,52,0.7272727272727273,1,False
trecrag,0,adapter,2024-129925,2024-43037,110,52,0.8737864077669902,0,False
trecrag,0,adapter,2024-129925,2024-43983,110,20,0.6363636363636364,1,False
trecrag,0,adapter,2024-129925,2024-44060,66,40,0.9512195121951219,0,False
trecrag,0,adapter,2024-129925,2024-58819,176,25,0.7906976744186046,0,False
trecrag,0,adapter,2024-129925,2024-73340,77,40,0.8974358974358975,1,False
trecrag,0,adapter,2024-129925,2024-73918,198,28,0.6666666666666666,1,False
trecrag,0,adapter,2024-129925,2024-79081,176,44,0.8125,1,False
trecrag,0,adapter,2024-129925,2024-79154,99,66,0.9846153846153847,0,False
trecrag,0,adapter,2024-129925,2024-88894,143,26,0.5217391304347826,1,False
trecrag,0,adapter,2024-129925,2024-94706,120,43,0.7901234567901234,0,False
trecrag,0,adapter,2024-129925,2024-96063,176,18,0.8333333333333334,0,False
trecrag,0,adapter,2024-129925,2024-96359,121,64,0.6981132075471698,1,False
trecrag,0,adapter,2024-141577,2024-105741,176,40,0.7777777777777778,1,False
trecrag,0,adapter,2024-141577,2024-121840,176,40,0.75,0,False
trecrag,0,adapter,2024-141577,2024-127266,132,41,0.7272727272727273,1,False
trecrag,0,adapter,2024-141577,2024-129925,121,62,0.85,1,False
trecrag,0,adapter,2024-141577,2024-141577,220,81,0.696969696969697,1,True
trecrag,0,adapter,2024-141577,2024-142395,143,55,0.7863247863247863,1,False
trecrag,0,adapter,2024-141577,2024-143869,220,69,0.8633093525179856,1,False
trecrag,0,adapter,2024-141577,2024-145979,165,90,0.9560439560439561,0,False
trecrag,0,adapter,2024-141577,2024-152259,132,58,0.9344262295081968,0,False
trecrag,0,adapter,2024-141577,2024-152817,176,67,0.90625,1,False
trecrag,0,adapter,2024-141577,2024-153051,154,89,0.9943502824858758,0,False
trecrag,0,adapter,2024-141577,2024-158261,187,21,0.723404255319149,0,False
trecrag,0,adapter,2024-141577,2024-158677,198,67,0.6949152542372882,1,False
trecrag,0,adapter,2024-141577,2024-158743,198,46,0.865979381443299,0,False
trecrag,0,adapter,2024-141577,2024-18963,187,30,0.711864406779661,1,False
trecrag,0,adapter,2024-141577,2024-19025,132,53,0.5526315789473685,1,False
trecrag,0,adapter,2024-141577,2024-213469,143,40,0.7710843373493976,0,False
trecrag,0,adapter,2024-141577,2024-213789,143,50,0.6715328467153284,1,False
trecrag,0,adapter,2024-141577,2024-213817,143,66,0.9465648854961832,1,False
trecrag,0,adapter,2024-141577,2024-213978,99,16,0.8125,1,False
trecrag,0,adapter,2024-141577,2024-214096,176,69,0.9007633587786259,0,False
trecrag,0,adapter,2024-141577,2024-214257,110,33,0.927536231884058,0,False
trecrag,0,adapter,2024-141577,2024-214467,77,42,0.9629629629629629,0,False
trecrag,0,adapter,2024-141577,2024-215044,165,19,0.75,1,False
trecrag,0,adapter,2024-141577,2024-215952,110,32,0.8333333333333334,0,False
trecrag,0,adapter,2024-141577,2024-216592,220,75,0.9271523178807947,0,False
trecrag,0,adapter,2024-141577,2024-217279,132,45,0.8735632183908046,0,False
trecrag,0,adapter,2024-141577,2024-217812,140,62,0.9133858267716536,0,False
trecrag,0,adapter,2024-141577,2024-219563,110,43,0.7010309278350515,1,False
trecrag,0,adapter,2024-141577,2024-219624,143,52,0.9433962264150944,0,False
trecrag,0,adapter,2024-141577,2024-224279,165,52,0.6458333333333334,1,False
trecrag,0,adapter,2024-141577,2024-224701,198,83,0.8539325842696629,0,False
trecrag,0,adapter,2024-141577,2024-224926,121,9,0.4666666666666667,1,False
trecrag,0,adapter,2024-141577,2024-22886,220,83,0.9221556886227545,0,False
trecrag,0,adapter,2024-141577,2024-27366,176,68,0.7166666666666667,1,False
trecrag,0,adapter,2024-141577,2024-29182,165,40,0.9,0,False
trecrag,0,adapter,2024-141577,2024-32912,99,63,0.928,1,False
trecrag,0,adapter,2024-141577,2024-35227,198,83,0.8192771084337349,0,False
trecrag,0,adapter,2024-141577,2024-35269,110,56,0.972972972972973,0,False
trecrag,0,adapter,2024-141577,2024-35284,143,66,0.9618320610687023,0,False
trecrag,0,adapter,2024-141577,2024-35620,187,50,0.9142857142857143,0,False
trecrag,0,adapter,2024-141577,2024-38986,176,67,0.5825242718446602,1,False
trecrag,0,adapter,2024-141577,2024-41849,209,38,0.68,1,False
trecrag,0,adapter,2024-141577,2024-42497,165,52,0.7142857142857143,1,False
trecrag,0,adapter,2024-141577,2024-43037,110,52,0.8952380952380953,0,False
trecrag,0,adapter,2024-141577,2024-43983,110,20,0.6415094339622641,1,False
trecrag,0,adapter,2024-141577,2024-44060,66,40,0.963855421686747,0,False
trecrag,0,adapter,2024-141577,2024-58819,176,25,0.8,0,False
trecrag,0,adapter,2024-141577,2024-73340,77,40,0.9,1,False
trecrag,0,adapter,2024-141577,2024-73918,198,28,0.6268656716417911,1,False
trecrag,0,adapter,2024-141577,2024-79081,176,44,0.8,1,False
trecrag,0,adapter,2024-141577,2024-79154,99,66,0.9923664122137404,0,False
trecrag,0,adapter,2024-141577,2024-88894,143,26,0.5185185185185185,1,False
trecrag,0,adapter,2024-141577,2024-94706,120,43,0.8636363636363636,0,False
trecrag,0,adapter,2024-141577,2024-96063,176,18,0.8205128205128205,0,False
trecrag,0,adapter,2024-141577,2024-96359,121,64,0.7027027027027027,1,False
trecrag,0,adapter,2024-142395,2024-105741,176,40,0.676923076923077,1,False
trecrag,0,adapter,2024-142395,2024-121840,176,40,0.7435897435897436,0,False
trecrag,0,adapter,2024-142395,2024-127266,132,41,0.7640449438202247,1,False
trecrag,0,adapter,2024-142395,2024-129925,121,62,0.8275862068965517,1,False
trecrag,0,adapter,2024-142395,2024-141577,220,81,0.6290322580645161,1,False
trecrag,0,adapter,2024-142395,2024-142395,143,55,0.8181818181818182,1,True
trecrag,0,adapter,2024-142395,2024-143869,220,69,0.8854961832061069,1,False
trecrag,0,adapter,2024-142395,2024-145979,165,90,0.9613259668508287,0,False
trecrag,0,adapter,2024-142395,2024-152259,132,58,0.9344262295081968,0,False
trecrag,0,adapter,2024-142395,2024-152817,176,67,0.8888888888888888,1,False
trecrag,0,adapter,2024-142395,2024-153051,154,89,0.9943502824858758,0,False
trecrag,0,adapter,2024-142395,2024-158261,187,21,0.7727272727272727,0,False
trecrag,0,adapter,2024-142395,2024-158677,198,67,0.6608695652173913,1,False
trecrag,0,adapter,2024-142395,2024-158743,198,46,0.851063829787234,0,False
trecrag,0,adapter,2024-142395,2024-18963,187,30,0.7142857142857143,1,False
trecrag,0,adapter,2024-142395,2024-19025,132,53,0.4788732394366197,1,False
trecrag,0,adapter,2024-142395,2024-213469,143,40,0.8,0,False
trecrag,0,adapter,2024-142395,2024-213789,143,50,0.6875,1,False
trecrag,0,adapter,2024-142395,2024-213817,143,66,0.9302325581395349,1,False
trecrag,0,adapter,2024-142395,2024-213978,99,16,0.8,1,False
trecrag,0,adapter,2024-142395,2024-214096,176,69,0.9076923076923077,0,False
trecrag,0,adapter,2024-142395,2024-214257,110,33,0.927536231884058,0,False
trecrag,0,adapter,2024-142395,2024-214467,77,42,0.95,0,False
trecrag,0,adapter,2024-142395,2024-215044,165,19,0.782608695652174,1,False
trecrag,0,adapter,2024-142395,2024-215952,110,32,0.8135593220338984,0,False
trecrag,0,adapter,2024-142395,2024-216592,220,75,0.9261744966442953,0,False
trecrag,0,adapter,2024-142395,2024-217279,132,45,0.8470588235294118,0,False
trecrag,0,adapter,2024-142395,2024-217812,140,62,0.896,0,False
trecrag,0,adapter,2024-142395,2024-219563,110,43,0.7045454545454546,1,False
trecrag,0,adapter,2024-142395,2024-219624,143,52,0.9433962264150944,0,False
trecrag,0,adapter,2024-142395,2024-224279,165,52,0.6818181818181818,1,False
trecrag,0,adapter,2024-142395,2024-224701,198,83,0.8620689655172413,0,False
trecrag,0,adapter,2024-142395,2024-224926,121,9,0.5185185185185185,1,False
trecrag,0,adapter,2024-142395,2024-22886,220,83,0.9325153374233128,0,False
trecrag,0,adapter,2024-142395,2024-27366,176,68,0.6607142857142857,1,False
trecrag,0,adapter,2024-142395,2024-29182,165,40,0.8860759493670886,0,False
trecrag,0,adapter,2024-142395,2024-32912,99,63,0.926829268292683,1,False
trecrag,0,adapter,2024-142395,2024-35227,198,83,0.8098159509202454,0,False
trecrag,0,adapter,2024-142395,2024-35269,110,56,0.9636363636363636,0,False
trecrag,0,adapter,2024-142395,2024-35284,143,66,0.9692307692307692,0,False
trecrag,0,adapter,2024-142395,2024-35620,187,50,0.9320388349514563,0,False
trecrag,0,adapter,2024-142395,2024-38986,176,67,0.58,1,False
trecrag,0,adapter,2024-142395,2024-41849,209,38,0.717391304347826,1,False
trecrag,0,adapter,2024-142395,2024-42497,165,52,0.7272727272727273,1,False
trecrag,0,adapter,2024-142395,2024-43037,110,52,0.8627450980392157,0,False
trecrag,0,adapter,2024-142395,2024-43983,110,20,0.6666666666666666,1,False
trecrag,0,adapter,2024-142395,2024-44060,66,40,0.9382716049382716,0,False
trecrag,0,adapter,2024-142395,2024-58819,176,25,0.7906976744186046,0,False
trecrag,0,adapter,2024-142395,2024-73340,77,40,0.8974358974358975,1,False
trecrag,0,adapter,2024-142395,2024-73918,198,28,0.6451612903225806,1,False
trecrag,0,adapter,2024-142395,2024-79081,176,44,0.7608695652173914,1,False
trecrag,0,adapter,2024-142395,2024-79154,99,66,0.9846153846153847,0,False
trecrag,0,adapter,2024-142395,2024-88894,143,26,0.4888888888888889,1,False
trecrag,0,adapter,2024-142395,2024-94706,120,43,0.759493670886076,0,False
trecrag,0,adapter,2024-142395,2024-96063,176,18,0.8,0,False
trecrag,0,adapter,2024-142395,2024-96359,121,64,0.6857142857142857,1,False
trecrag,0,adapter,2024-143869,2024-105741,176,40,0.7164179104477612,1,False
trecrag,0,adapter,2024-143869,2024-121840,176,40,0.7341772151898734,0,False
trecrag,0,adapter,2024-143869,2024-127266,132,41,0.7391304347826086,1,False
trecrag,0,adapter,2024-143869,2024-129925,121,62,0.8275862068965517,1,False
trecrag,0,adapter,2024-143869,2024-141577,220,81,0.64,1,False
trecrag,0,adapter,2024-143869,2024-142395,143,55,0.8108108108108109,1,False
trecrag,0,adapter,2024-143869,2024-143869,220,69,0.8939393939393939,1,True
trecrag,0,adapter,2024-143869,2024-145979,165,90,0.9613259668508287,0,False
trecrag,0,adapter,2024-143869,2024-152259,132,58,0.9344262295081968,0,False
trecrag,0,adapter,2024-143869,2024-152817,176,67,0.8888888888888888,1,False
trecrag,0,adapter,2024-143869,2024-153051,154,89,0.9943502824858758,0,False
trecrag,0,adapter,2024-143869,2024-158261,187,21,0.7555555555555555,0,False
trecrag,0,adapter,2024-143869,2024-158677,198,67,0.6608695652173913,1,False
trecrag,0,adapter,2024-143869,2024-158743,198,46,0.851063829787234,0,False
trecrag,0,adapter,2024-143869,2024-18963,187,30,0.7142857142857143,1,False
trecrag,0,adapter,2024-143869,2024-19025,132,53,0.4788732394366197,1,False
trecrag,0,adapter,2024-143869,2024-213469,143,40,0.8,0,False
trecrag,0,adapter,2024-143869,2024-213789,143,50,0.6821705426356589,1,False
trecrag,0,adapter,2024-143869,2024-213817,143,66,0.9302325581395349,1,False
trecrag,0,adapter,2024-143869,2024-213978,99,16,0.7741935483870968,1,False
trecrag,0,adapter,2024-143869,2024-214096,176,69,0.9076923076923077,0,False
trecrag,0,adapter,2024-143869,2024-214257,110,33,0.927536231884058,0,False
trecrag,0,adapter,2024-143869,2024-214467,77,42,0.95,0,False
trecrag,0,adapter,2024-143869,2024-215044,165,19,0.7659574468085106,1,False
trecrag,0,adapter,2024-143869,2024-215952,110,32,0.8135593220338984,0,False
trecrag,0,adapter,2024-143869,2024-216592,220,75,0.9261744966442953,0,False
trecrag,0,adapter,2024-143869,2024-217279,132,45,0.8604651162790697,0,False
trecrag,0,adapter,2024-143869,2024-217812,140,62,0.896,0,False
trecrag,0,adapter,2024-143869,2024-219563,110,43,0.6966292134831461,1,False
trecrag,0,adapter,2024-143869,2024-219624,143,52,0.9433962264150944,0,False
trecrag,0,adapter,2024-143869,2024-224279,165,52,0.6888888888888889,1,False
trecrag,0,adapter,2024-143869,2024-224701,198,83,0.8620689655172413,0,False
trecrag,0,adapter,2024-143869,2024-224926,121,9,0.5185185185185185,1,False
trecrag,0,adapter,2024-143869,2024-22886,220,83,0.9390243902439024,0,False
trecrag,0,adapter,2024-143869,2024-27366,176,68,0.6666666666666666,1,False
trecrag,0,adapter,2024-143869,2024-29182,165,40,0.8860759493670886,0,False
trecrag,0,adapter,2024-143869,2024-32912,99,63,0.926829268292683,1,False
trecrag,0,adapter,2024-143869,2024-35227,198,83,0.8170731707317073,0,False
trecrag,0,adapter,2024-143869,2024-35269,110,56,0.9636363636363636,0,False
trecrag,0,adapter,2024-143869,2024-35284,143,66,0.9692307692307692,0,False
trecrag,0,adapter,2024-143869,2024-35620,187,50,0.9230769230769231,0,False
trecrag,0,adapter,2024-143869,2024-38986,176,67,0.58,1,False
trecrag,0,adapter,2024-143869,2024-41849,209,38,0.717391304347826,1,False
trecrag,0,adapter,2024-143869,2024-42497,165,52,0.7272727272727273,1,False
trecrag,0,adapter,2024-143869,2024-43037,110,52,0.8737864077669902,0,False
trecrag,0,adapter,2024-143869,2024-43983,110,20,0.6363636363636364,1,False
trecrag,0,adapter,2024-143869,2024-44060,66,40,0.9512195121951219,0,False
trecrag,0,adapter,2024-143869,2024-58819,176,25,0.7906976744186046,0,False
trecrag,0,adapter,2024-143869,2024-73340,77,40,0.8974358974358975,1,False
trecrag,0,adapter,2024-143869,2024-73918,198,28,0.6666666666666666,1,False
trecrag,0,adapter,2024-143869,2024-79081,176,44,0.8247422680412371,1,False
trecrag,0,adapter,2024-143869,2024-79154,99,66,0.9846153846153847,0,False
trecrag,0,adapter,2024-143869,2024-88894,143,26,0.5217391304347826,1,False
trecrag,0,adapter,2024-143869,2024-94706,120,43,0.7901234567901234,0,False
trecrag,0,adapter,2024-143869,2024-96063,176,18,0.8333333333333334,0,False
trecrag,0,adapter,2024-143869,2024-96359,121,64,0.6981132075471698,1,False
trecrag,0,adapter,2024-145979,2024-105741,176,40,0.676923076923077,1,False
trecrag,0,adapter,2024-145979,2024-121840,176,40,0.7435897435897436,0,False
trecrag,0,adapter,2024-145979,2024-127266,132,41,0.7472527472527473,1,False
trecrag,0,adapter,2024-145979,2024-129925,121,62,0.8275862068965517,1,False
trecrag,0,adapter,2024-145979,2024-141577,220,81,0.64,1,False
trecrag,0,adapter,2024-145979,2024-142395,143,55,0.8108108108108109,1,False
trecrag,0,adapter,2024-145979,2024-143869,220,69,0.8787878787878788,1,False
trecrag,0,adapter,2024-145979,2024-145979,165,90,0.9666666666666667,0,True
trecrag,0,adapter,2024-145979,2024-152259,132,58,0.9344262295081968,0,False
trecrag,0,adapter,2024-145979,2024-152817,176,67,0.8888888888888888,1,False
trecrag,0,adapter,2024-145979,2024-153051,154,89,0.9943502824858758,0,False
trecrag,0,adapter,2024-145979,2024-158261,187,21,0.7727272727272727,0,False
trecrag,0,adapter,2024-145979,2024-158677,198,67,0.6608695652173913,1,False
trecrag,0,adapter,2024-145979,2024-158743,198,46,0.851063829787234,0,False
trecrag,0,adapter,2024-145979,2024-18963,187,30,0.7142857142857143,1,False
trecrag,0,adapter,2024-145979,2024-19025,132,53,0.4788732394366197,1,False
trecrag,0,adapter,2024-145979,2024-213469,143,40,0.8,0,False
trecrag,0,adapter,2024-145979,2024-213789,143,50,0.6821705426356589,1,False
trecrag,0,adapter,2024-145979,2024-213817,143,66,0.9302325581395349,1,False
trecrag,0,adapter,2024-145979,2024-213978,99,16,0.8,1,False
trecrag,0,adapter,2024-145979,2024-214096,176,69,0.9076923076923077,0,False
trecrag,0,adapter,2024-145979,2024-214257,110,33,0.927536231884058,0,False
trecrag,0,adapter,2024-145979,2024-214467,77,42,0.95,0,False
trecrag,0,adapter,2024-145979,2024-215044,165,19,0.782608695652174,1,False
trecrag,0,adapter,2024-145979,2024-215952,110,32,0.8135593220338984,0,False
trecrag,0,adapter,2024-145979,2024-216592,220,75,0.9261744966442953,0,False
trecrag,0,adapter,2024-145979,2024-217279,132,45,0.8604651162790697,0,False
trecrag,0,adapter,2024-145979,2024-217812,140,62,0.896,0,False
trecrag,0,adapter,2024-145979,2024-219563,110,43,0.7045454545454546,1,False
trecrag,0,adapter,2024-145979,2024-219624,143,52,0.9433962264150944,0,False
trecrag,0,adapter,2024-145979,2024-224279,165,52,0.6888888888888889,1,False
trecrag,0,adapter,2024-145979,2024-224701,198,83,0.8620689655172413,0,False
trecrag,0,adapter,2024-145979,2024-224926,121,9,0.5185185185185185,1,False
trecrag,0,adapter,2024-145979,2024-22886,220,83,0.9325153374233128,0,False
trecrag,0,adapter,2024-145979,2024-27366,176,68,0.6666666666666666,1,False
trecrag,0,adapter,2024-145979,2024-29182,165,40,0.8860759493670886,0,False
trecrag,0,adapter,2024-145979,2024-32912,99,63,0.926829268292683,1,False
trecrag,0,adapter,2024-145979,2024-35227,198,83,0.8098159509202454,0,False
trecrag,0,adapter,2024-145979,2024-35269,110,56,0.9636363636363636,0,False
trecrag,0,adapter,2024-145979,2024-35284,143,66,0.9692307692307692,0,False
trecrag,0,adapter,2024-145979,2024-35620,187,50,0.9230769230769231,0,False
trecrag,0,adapter,2024-145979,2024-38986,176,67,0.58,1,False
trecrag,0,adapter,2024-145979,2024-41849,209,38,0.717391304347826,1,False
trecrag,0,adapter,2024-145979,2024-42497,165,52,0.7272727272727273,1,False
trecrag,0,adapter,2024-145979,2024-43037,110,52,0.8737864077669902,0,False
trecrag,0,adapter,2024-145979,2024-43983,110,20,0.6363636363636364,1,False
trecrag,0,adapter,2024-145979,2024-44060,66,40,0.9512195121951219,0,False
trecrag,0,adapter,2024-145979,2024-58819,176,25,0.7906976744186046,0,False
trecrag,0,adapter,2024-145979,2024-73340,77,40,0.8974358974358975,1,False
trecrag,0,adapter,2024-145979,2024-73918,198,28,0.6666666666666666,1,False
trecrag,0,adapter,2024-145979,2024-79081,176,44,0.8,1,False
trecrag,0,adapter,2024-145979,2024-79154,99,66,0.9846153846153847,0,False
trecrag,0,adapter,2024-145979,2024-88894,143,26,0.5217391304347826,1,False
trecrag,0,adapter,2024-145979,2024-94706,120,43,0.7901234567901234,0,False
trecrag,0,adapter,2024-145979,2024-96063,176,18,0.8333333333333334,0,False
trecrag,0,adapter,2024-145979,2024-96359,121,64,0.6981132075471698,1,False
trecrag,0,adapter,2024-152259,2024-105741,176,40,0.676923076923077,1,False
trecrag,0,adapter,2024-152259,2024-121840,176,40,0.7435897435897436,0,False
trecrag,0,adapter,2024-152259,2024-127266,132,41,0.7640449438202247,1,False
trecrag,0,adapter,2024-152259,2024-129925,121,62,0.8275862068965517,1,False
trecrag,0,adapter,2024-152259,2024-141577,220,81,0.6178861788617886,1,False
trecrag,0,adapter,2024-152259,2024-142395,143,55,0.7889908256880734,1,False
trecrag,0,adapter,2024-152259,2024-143869,220,69,0.8854961832061069,1,False
trecrag,0,adapter,2024-152259,2024-145979,165,90,0.9613259668508287,0,False
trecrag,0,adapter,2024-152259,2024-152259,132,58,0.9344262295081968,0,True
trecrag,0,adapter,2024-152259,2024-152817,176,67,0.8888888888888888,1,False
trecrag,0,adapter,2024-152259,2024-153051,154,89,0.9943502824858758,0,False
trecrag,0,adapter,2024-152259,2024-158261,187,21,0.7727272727272727,0,False
trecrag,0,adapter,2024-152259,2024-158677,198,67,0.6608695652173913,1,False
trecrag,0,adapter,2024-152259,2024-158743,198,46,0.851063829787234,0,False
trecrag,0,adapter,2024-152259,2024-18963,187,30,0.7142857142857143,1,False
trecrag,0,adapter,2024-152259,2024-19025,132,53,0.4788732394366197,1,False
trecrag,0,adapter,2024-152259,2024-213469,143,40,0.8,0,False
trecrag,0,adapter,2024-152259,2024-213789,143,50,0.6875,1,False
trecrag,0,adapter,2024-152259,2024-213817,143,66,0.9302325581395349,1,False
trecrag,0,adapter,2024-152259,2024-213978,99,16,0.8,1,False
trecrag,0,adapter,2024-152259,2024-214096,176,69,0.9076923076923077,0,False
trecrag,0,adapter,2024-152259,2024-214257,110,33,0.927536231884058,0,False
trecrag,0,adapter,2024-152259,2024-214467,77,42,0.95,0,False
trecrag,0,adapter,2024-152259,2024-215044,165,19,0.782608695652174,1,False
trecrag,0,adapter,2024-152259,2024-215952,110,32,0.8135593220338984,0,False
trecrag,0,adapter,2024-152259,2024-216592,220,75,0.9261744966442953,0,False
trecrag,0,adapter,2024-152259,2024-217279,132,45,0.8470588235294118,0,False
trecrag,0,adapter,2024-152259,2024-217812,140,62,0.896,0,False
trecrag,0,adapter,2024-152259,2024-219563,110,43,0.6896551724137931,1,False
trecrag,0,adapter,2024-152259,2024-219624,143,52,0.9433962264150944,0,False
trecrag,0,adapter,2024-152259,2024-224279,165,52,0.6741573033707865,1,False
trecrag,0,adapter,2024-152259,2024-224701,198,83,0.8620689655172413,0,False
trecrag,0,adapter,2024-152259,2024-224926,121,9,0.5185185185185185,1,False
trecrag,0,adapter,2024-152259,2024-22886,220,83,0.9325153374233128,0,False
trecrag,0,adapter,2024-152259,2024-27366,176,68,0.6607142857142857,1,False
trecrag,0,adapter,2024-152259,2024-29182,165,40,0.8974358974358975,0,False
trecrag,0,adapter,2024-152259,2024-32912,99,63,0.926829268292683,1,False
trecrag,0,adapter,2024-152259,2024-35227,198,83,0.8098159509202454,0,False
trecrag,0,adapter,2024-152259,2024-35269,110,56,0.9636363636363636,0,False
trecrag,0,adapter,2024-152259,2024-35284,143,66,0.9692307692307692,0,False
trecrag,0,adapter,2024-152259,2024-35620,187,50,0.9320388349514563,0,False
trecrag,0,adapter,2024-152259,2024-38986,176,67,0.58,1,False
trecrag,0,adapter,2024-152259,2024-41849,209,38,0.717391304347826,1,False
trecrag,0,adapter,2024-152259,2024-42497,165,52,0.7333333333333333,1,False
trecrag,0,adapter,2024-152259,2024-43037,110,52,0.8737864077669902,0,False
trecrag,0,adapter,2024-152259,2024-43983,110,20,0.6666666666666666,1,False
trecrag,0,adapter,2024-152259,2024-44060,66,40,0.9382716049382716,0,False
trecrag,0,adapter,2024-152259,2024-58819,176,25,0.7906976744186046,0,False
trecrag,0,adapter,2024-152259,2024-73340,77,40,0.8974358974358975,1,False
trecrag,0,adapter,2024-152259,2024-73918,198,28,0.6451612903225806,1,False
trecrag,0,adapter,2024-152259,2024-79081,176,44,0.7608695652173914,1,False
trecrag,0,adapter,2024-152259,2024-79154,99,66,0.9846153846153847,0,False
trecrag,0,adapter,2024-152259,2024-88894,143,26,0.4888888888888889,1,False
trecrag,0,adapter,2024-152259,2024-94706,120,43,0.759493670886076,0,False
trecrag,0,adapter,2024-152259,2024-96063,176,18,0.8333333333333334,0,False
trecrag,0,adapter,2024-152259,2024-96359,121,64,0.6857142857142857,1,False
trecrag,0,adapter,2024-152817,2024-105741,176,40,0.7058823529411765,1,False
trecrag,0,adapter,2024-152817,2024-121840,176,40,0.7341772151898734,0,False
trecrag,0,adapter,2024-152817,2024-127266,132,41,0.7391304347826086,1,False
trecrag,0,adapter,2024-152817,2024-129925,121,62,0.8275862068965517,1,False
trecrag,0,adapter,2024-152817,2024-141577,220,81,0.6507936507936508,1,False
trecrag,0,adapter,2024-152817,2024-142395,143,55,0.8141592920353983,1,False
trecrag,0,adapter,2024-152817,2024-143869,220,69,0.8740740740740741,1,False
trecrag,0,adapter,2024-152817,2024-145979,165,90,0.9560439560439561,0,False
trecrag,0,adapter,2024-152817,2024-152259,132,58,0.9344262295081968,0,False
trecrag,0,adapter,2024-152817,2024-152817,176,67,0.8976377952755905,1,True
trecrag,0,adapter,2024-152817,2024-153051,154,89,0.9943502824858758,0,False
trecrag,0,adapter,2024-152817,2024-158261,187,21,0.7555555555555555,0,False
trecrag,0,adapter,2024-152817,2024-158677,198,67,0.6608695652173913,1,False
trecrag,0,adapter,2024-152817,2024-158743,198,46,0.8631578947368421,0,False
trecrag,0,adapter,2024-152817,2024-18963,187,30,0.7368421052631579,1,False
trecrag,0,adapter,2024-152817,2024-19025,132,53,0.4788732394366197,1,False
trecrag,0,adapter,2024-152817,2024-213469,143,40,0.7804878048780488,0,False
trecrag,0,adapter,2024-152817,2024-213789,143,50,0.6766917293233082,1,False
trecrag,0,adapter,2024-152817,2024-213817,143,66,0.9302325581395349,1,False
trecrag,0,adapter,2024-152817,2024-213978,99,16,0.7741935483870968,1,False
trecrag,0,adapter,2024-152817,2024-214096,176,69,0.9076923076923077,0,False
trecrag,0,adapter,2024-152817,2024-214257,110,33,0.927536231884058,0,False
trecrag,0,adapter,2024-152817,2024-214467,77,42,0.9629629629629629,0,False
trecrag,0,adapter,2024-152817,2024-215044,165,19,0.7659574468085106,1,False
trecrag,0,adapter,2024-152817,2024-215952,110,32,0.8135593220338984,0,False
trecrag,0,adapter,2024-152817,2024-216592,220,75,0.9261744966442953,0,False
trecrag,0,adapter,2024-152817,2024-217279,132,45,0.8604651162790697,0,False
trecrag,0,adapter,2024-152817,2024-217812,140,62,0.9133858267716536,0,False
trecrag,0,adapter,2024-152817,2024-219563,110,43,0.6888888888888889,1,False
trecrag,0,adapter,2024-152817,2024-219624,143,52,0.9433962264150944,0,False
trecrag,0,adapter,2024-152817,2024-224279,165,52,0.6813186813186813,1,False
trecrag,0,adapter,2024-152817,2024-224701,198,83,0.8620689655172413,0,False
trecrag,0,adapter,2024-152817,2024-224926,121,9,0.4827586206896552,1,False
trecrag,0,adapter,2024-152817,2024-22886,220,83,0.9390243902439024,0,False
trecrag,0,adapter,2024-152817,2024-27366,176,68,0.6666666666666666,1,False
trecrag,0,adapter,2024-152817,2024-29182,165,40,0.8860759493670886,0,False
trecrag,0,adapter,2024-152817,2024-32912,99,63,0.9354838709677419,1,False
trecrag,0,adapter,2024-152817,2024-35227,198,83,0.8121212121212121,0,False
trecrag,0,adapter,2024-152817,2024-35269,110,56,0.972972972972973,0,False
trecrag,0,adapter,2024-152817,2024-35284,143,66,0.9692307692307692,0,False
trecrag,0,adapter,2024-152817,2024-35620,187,50,0.9142857142857143,0,False
trecrag,0,adapter,2024-152817,2024-38986,176,67,0.5882352941176471,1,False
trecrag,0,adapter,2024-152817,2024-41849,209,38,0.7096774193548387,1,False
trecrag,0,adapter,2024-152817,2024-42497,165,52,0.7213114754098361,1,False
trecrag,0,adapter,2024-152817,2024-43037,110,52,0.8737864077669902,0,False
trecrag,0,adapter,2024-152817,2024-43983,110,20,0.6521739130434783,1,False
trecrag,0,adapter,2024-152817,2024-44060,66,40,0.9512195121951219,0,False
trecrag,0,adapter,2024-152817,2024-58819,176,25,0.8181818181818182,0,False
trecrag,0,adapter,2024-152817,2024-73340,77,40,0.8974358974358975,1,False
trecrag,0,adapter,2024-152817,2024-73918,198,28,0.6666666666666666,1,False
trecrag,0,adapter,2024-152817,2024-79081,176,44,0.8163265306122449,1,False
trecrag,0,adapter,2024-152817,2024-79154,99,66,0.9846153846153847,0,False
trecrag,0,adapter,2024-152817,2024-88894,143,26,0.5531914893617021,1,False
trecrag,0,adapter,2024-152817,2024-94706,120,43,0.8048780487804879,0,False
trecrag,0,adapter,2024-152817,2024-96063,176,18,0.7894736842105263,0,False
trecrag,0,adapter,2024-152817,2024-96359,121,64,0.6915887850467289,1,False
trecrag,0,adapter,2024-153051,2024-105741,176,40,0.7058823529411765,1,False
trecrag,0,adapter,2024-153051,2024-121840,176,40,0.7341772151898734,0,False
trecrag,0,adapter,2024-153051,2024-127266,132,41,0.7391304347826086,1,False
trecrag,0,adapter,2024-153051,2024-129925,121,62,0.8275862068965517,1,False
trecrag,0,adapter,2024-153051,2024-141577,220,81,0.64,1,False
trecrag,0,adapter,2024-153051,2024-142395,143,55,0.8035714285714286,1,False
trecrag,0,adapter,2024-153051,2024-143869,220,69,0.8721804511278195,1,False
trecrag,0,adapter,2024-153051,2024-145979,165,90,0.9613259668508287,0,False
trecrag,0,adapter,2024-153051,2024-152259,132,58,0.9344262295081968,0,False
trecrag,0,adapter,2024-153051,2024-152817,176,67,0.8888888888888888,1,False
trecrag,0,adapter,2024-153051,2024-153051,154,89,0.9943502824858758,0,True
trecrag,0,adapter,2024-153051,2024-158261,187,21,0.7555555555555555,0,False
trecrag,0,adapter,2024-153051,2024-158677,198,67,0.6608695652173913,1,False
trecrag,0,adapter,2024-153051,2024-158743,198,46,0.8631578947368421,0,False
trecrag,0,adapter,2024-153051,2024-18963,187,30,0.7142857142857143,1,False
trecrag,0,adapter,2024-153051,2024-19025,132,53,0.4788732394366197,1,False
trecrag,0,adapter,2024-153051,2024-213469,143,40,0.7901234567901234,0,False
trecrag,0,adapter,2024-153051,2024-213789,143,50,0.6717557251908397,1,False
trecrag,0,adapter,2024-153051,2024-213817,143,66,0.9302325581395349,1,False
trecrag,0,adapter,2024-153051,2024-213978,99,16,0.7741935483870968,1,False
trecrag,0,adapter,2024-153051,2024-214096,176,69,0.9076923076923077,0,False
trecrag,0,adapter,2024-153051,2024-214257,110,33,0.927536231884058,0,False
trecrag,0,adapter,2024-153051,2024-214467,77,42,0.9629629629629629,0,False
trecrag,0,adapter,2024-153051,2024-215044,165,19,0.7659574468085106,1,False
trecrag,0,adapter,2024-153051,2024-215952,110,32,0.8135593220338984,0,False
trecrag,0,adapter,2024-153051,2024-216592,220,75,0.9261744966442953,0,False
trecrag,0,adapter,2024-153051,2024-217279,132,45,0.8604651162790697,0,False
trecrag,0,adapter,2024-153051,2024-217812,140,62,0.9047619047619048,0,False
trecrag,0,adapter,2024-153051,2024-219563,110,43,0.6888888888888889,1,False
trecrag,0,adapter,2024-153051,2024-219624,143,52,0.9433962264150944,0,False
trecrag,0,adapter,2024-153051,2024-224279,165,52,0.6888888888888889,1,False
trecrag,0,adapter,2024-153051,2024-224701,198,83,0.8620689655172413,0,False
trecrag,0,adapter,2024-153051,2024-224926,121,9,0.4827586206896552,1,False
trecrag,0,adapter,2024-153051,2024-22886,220,83,0.9390243902439024,0,False
trecrag,0,adapter,2024-153051,2024-27366,176,68,0.6666666666666666,1,False
trecrag,0,adapter,2024-153051,2024-29182,165,40,0.8860759493670886,0,False
trecrag,0,adapter,2024-153051,2024-32912,99,63,0.9354838709677419,1,False
trecrag,0,adapter,2024-153051,2024-35227,198,83,0.8170731707317073,0,False
trecrag,0,adapter,2024-153051,2024-35269,110,56,0.9636363636363636,0,False
trecrag,0,adapter,2024-153051,2024-35284,143,66,0.9692307692307692,0,False
trecrag,0,adapter,2024-153051,2024-35620,187,50,0.9230769230769231,0,False
trecrag,0,adapter,2024-153051,2024-38986,176,67,0.594059405940594,1,False
trecrag,0,adapter,2024-153051,2024-41849,209,38,0.717391304347826,1,False
trecrag,0,adapter,2024-153051,2024-42497,165,52,0.7272727272727273,1,False
trecrag,0,adapter,2024-153051,2024-43037,110,52,0.8737864077669902,0,False
trecrag,0,adapter,2024-153051,2024-43983,110,20,0.6363636363636364,1,False
trecrag,0,adapter,2024-153051,2024-44060,66,40,0.9512195121951219,0,False
trecrag,0,adapter,2024-153051,2024-58819,176,25,0.7906976744186046,0,False
trecrag,0,adapter,2024-153051,2024-73340,77,40,0.8974358974358975,1,False
trecrag,0,adapter,2024-153051,2024-73918,198,28,0.6666666666666666,1,False
trecrag,0,adapter,2024-153051,2024-79081,176,44,0.8247422680412371,1,False
trecrag,0,adapter,2024-153051,2024-79154,99,66,0.9846153846153847,0,False
trecrag,0,adapter,2024-153051,2024-88894,143,26,0.5217391304347826,1,False
trecrag,0,adapter,2024-153051,2024-94706,120,43,0.7901234567901234,0,False
trecrag,0,adapter,2024-153051,2024-96063,176,18,0.8108108108108109,0,False
trecrag,0,adapter,2024-153051,2024-96359,121,64,0.6915887850467289,1,False
trecrag,0,adapter,2024-158261,2024-105741,176,40,0.676923076923077,1,False
trecrag,0,adapter,2024-158261,2024-121840,176,40,0.7435897435897436,0,False
trecrag,0,adapter,2024-158261,2024-127266,132,41,0.7472527472527473,1,False
trecrag,0,adapter,2024-158261,2024-129925,121,62,0.8275862068965517,1,False
trecrag,0,adapter,2024-158261,2024-141577,220,81,0.64,1,False
trecrag,0,adapter,2024-158261,2024-142395,143,55,0.8,1,False
trecrag,0,adapter,2024-158261,2024-143869,220,69,0.8787878787878788,1,False
trecrag,0,adapter,2024-158261,2024-145979,165,90,0.9613259668508287,0,False
trecrag,0,adapter,2024-158261,2024-152259,132,58,0.9344262295081968,0,False
trecrag,0,adapter,2024-158261,2024-152817,176,67,0.8888888888888888,1,False
trecrag,0,adapter,2024-158261,2024-153051,154,89,0.9943502824858758,0,False
trecrag,0,adapter,2024-158261,2024-158261,187,21,0.7727272727272727,0,True
trecrag,0,adapter,2024-158261,2024-158677,198,67,0.6608695652173913,1,False
trecrag,0,adapter,2024-158261,2024-158743,198,46,0.851063829787234,0,False
trecrag,0,adapter,2024-158261,2024-18963,187,30,0.7142857142857143,1,False
trecrag,0,adapter,2024-158261,2024-19025,132,53,0.4788732394366197,1,False
trecrag,0,adapter,2024-158261,2024-213469,143,40,0.8,0,False
trecrag,0,adapter,2024-158261,2024-213789,143,50,0.6821705426356589,1,False
trecrag,0,adapter,2024-158261,2024-213817,143,66,0.9302325581395349,1,False
trecrag,0,adapter,2024-158261,2024-213978,99,16,0.8,1,False
trecrag,0,adapter,2024-158261,2024-214096,176,69,0.9076923076923077,0,False
trecrag,0,adapter,2024-158261,2024-214257,110,33,0.927536231884058,0,False
trecrag,0,adapter,2024-158261,2024-214467,77,42,0.95,0,False
trecrag,0,adapter,2024-158261,2024-215044,165,19,0.782608695652174,1,False
trecrag,0,adapter,2024-158261,2024-215952,110,32,0.8135593220338984,0,False
trecrag,0,adapter,2024-158261,2024-216592,220,75,0.9261744966442953,0,False
trecrag,0,adapter,2024-158261,2024-217279,132,45,0.8604651162790697,0,False
trecrag,0,adapter,2024-158261,2024-217812,140,62,0.896,0,False
trecrag,0,adapter,2024-158261,2024-219563,110,43,0.7045454545454546,1,False
trecrag,0,adapter,2024-158261,2024-219624,143,52,0.9433962264150944,0,False
trecrag,0,adapter,2024-158261,2024-224279,165,52,0.6741573033707865,1,False
trecrag,0,adapter,2024-158261,2024-224701,198,83,0.8620689655172413,0,False
trecrag,0,adapter,2024-158261,2024-224926,121,9,0.5185185185185185,1,False
trecrag,0,adapter,2024-158261,2024-22886,220,83,0.9325153374233128,0,False
trecrag,0,adapter,2024-158261,2024-27366,176,68,0.6666666666666666,1,False
trecrag,0,adapter,2024-158261,2024-29182,165,40,0.8860759493670886,0,False
trecrag,0,adapter,2024-158261,2024-32912,99,63,0.926829268292683,1,False
trecrag,0,adapter,2024-158261,2024-35227,198,83,0.8098159509202454,0,False
trecrag,0,adapter,2024-158261,2024-35269,110,56,0.9636363636363636,0,False
trecrag,0,adapter,2024-158261,2024-35284,143,66,0.9692307692307692,0,False
trecrag,0,adapter,2024-158261,2024-35620,187,50,0.9230769230769231,0,False
trecrag,0,adapter,2024-158261,2024-38986,176,67,0.58,1,False
trecrag,0,adapter,2024-158261,2024-41849,209,38,0.717391304347826,1,False
trecrag,0,adapter,2024-158261,2024-42497,165,52,0.7272727272727273,1,False
trecrag,0,adapter,2024-158261,2024-43037,110,52,0.8737864077669902,0,False
trecrag,0,adapter,2024-158261,2024-43983,110,20,0.6363636363636364,1,False
trecrag,0,adapter,2024-158261,2024-44060,66,40,0.9512195121951219,0,False
trecrag,0,adapter,2024-158261,2024-58819,176,25,0.7906976744186046,0,False
trecrag,0,adapter,2024-158261,2024-73340,77,40,0.8974358974358975,1,False
trecrag,0,adapter,2024-158261,2024-73918,198,28,0.6666666666666666,1,False
trecrag,0,adapter,2024-158261,2024-79081,176,44,0.7872340425531915,1,False
trecrag,0,adapter,2024-158261,2024-79154,99,66,0.9846153846153847,0,False
trecrag,0,adapter,2024-158261,2024-88894,143,26,0.5217391304347826,1,False
trecrag,0,adapter,2024-158261,2024-94706,120,43,0.7901234567901234,0,False
trecrag,0,adapter,2024-158261,2024-96063,176,18,0.8333333333333334,0,False
trecrag,0,adapter,2024-158261,2024-96359,121,64,0.6981132075471698,1,False
trecrag,0,adapter,2024-158677,2024-105741,176,40,0.7058823529411765,1,False
trecrag,0,adapter,2024-158677,2024-121840,176,40,0.7341772151898734,0,False
trecrag,0,adapter,2024-158677,2024-127266,132,41,0.7083333333333334,1,False
trecrag,0,adapter,2024-158677,2024-129925,121,62,0.8205128205128205,1,False
trecrag,0,adapter,2024-158677,2024-141577,220,81,0.6614173228346457,1,False
trecrag,0,adapter,2024-158677,2024-142395,143,55,0.8141592920353983,1,False
trecrag,0,adapter,2024-158677,2024-143869,220,69,0.8740740740740741,1,False
trecrag,0,adapter,2024-158677,2024-145979,165,90,0.9560439560439561,0,False
trecrag,0,adapter,2024-158677,2024-152259,132,58,0.9344262295081968,0,False
trecrag,0,adapter,2024-158677,2024-152817,176,67,0.8976377952755905,1,False
trecrag,0,adapter,2024-158677,2024-153051,154,89,0.9943502824858758,0,False
trecrag,0,adapter,2024-158677,2024-158261,187,21,0.7555555555555555,0,False
trecrag,0,adapter,2024-158677,2024-158677,198,67,0.6837606837606838,1,True
trecrag,0,adapter,2024-158677,2024-158743,198,46,0.8631578947368421,0,False
trecrag,0,adapter,2024-158677,2024-18963,187,30,0.7241379310344828,1,False
trecrag,0,adapter,2024-158677,2024-19025,132,53,0.5,1,False
trecrag,0,adapter,2024-158677,2024-213469,143,40,0.7804878048780488,0,False
trecrag,0,adapter,2024-158677,2024-213789,143,50,0.6865671641791045,1,False
trecrag,0,adapter,2024-158677,2024-213817,143,66,0.9384615384615385,1,False
trecrag,0,adapter,2024-158677,2024-213978,99,16,0.7741935483870968,1,False
trecrag,0,adapter,2024-158677,2024-214096,176,69,0.9007633587786259,0,False
trecrag,0,adapter,2024-158677,2024-214257,110,33,0.927536231884058,0,False
trecrag,0,adapter,2024-158677,2024-214467,77,42,0.9629629629629629,0,False
trecrag,0,adapter,2024-158677,2024-215044,165,19,0.75,1,False
trecrag,0,adapter,2024-158677,2024-215952,110,32,0.8135593220338984,0,False
trecrag,0,adapter,2024-158677,2024-216592,220,75,0.9261744966442953,0,False
trecrag,0,adapter,2024-158677,2024-217279,132,45,0.8735632183908046,0,False
trecrag,0,adapter,2024-158677,2024-217812,140,62,0.9133858267716536,0,False
trecrag,0,adapter,2024-158677,2024-219563,110,43,0.6739130434782609,1,False
trecrag,0,adapter,2024-158677,2024-219624,143,52,0.9433962264150944,0,False
trecrag,0,adapter,2024-158677,2024-224279,165,52,0.6813186813186813,1,False
trecrag,0,adapter,2024-158677,2024-224701,198,83,0.8587570621468926,0,False
trecrag,0,adapter,2024-158677,2024-224926,121,9,0.4666666666666667,1,False
trecrag,0,adapter,2024-158677,2024-22886,220,83,0.9390243902439024,0,False
trecrag,0,adapter,2024-158677,2024-27366,176,68,0.6782608695652174,1,False
trecrag,0,adapter,2024-158677,2024-29182,165,40,0.8860759493670886,0,False
trecrag,0,adapter,2024-158677,2024-32912,99,63,0.928,1,False
trecrag,0,adapter,2024-158677,2024-35227,198,83,0.8192771084337349,0,False
trecrag,0,adapter,2024-158677,2024-35269,110,56,0.972972972972973,0,False
trecrag,0,adapter,2024-158677,2024-35284,143,66,0.9618320610687023,0,False
trecrag,0,adapter,2024-158677,2024-35620,187,50,0.9142857142857143,0,False
trecrag,0,adapter,2024-158677,2024-38986,176,67,0.5825242718446602,1,False
trecrag,0,adapter,2024-158677,2024-41849,209,38,0.7083333333333334,1,False
trecrag,0,adapter,2024-158677,2024-42497,165,52,0.7213114754098361,1,False
trecrag,0,adapter,2024-158677,2024-43037,110,52,0.8737864077669902,0,False
trecrag,0,adapter,2024-158677,2024-43983,110,20,0.6666666666666666,1,False
trecrag,0,adapter,2024-158677,2024-44060,66,40,0.9512195121951219,0,False
trecrag,0,adapter,2024-158677,2024-58819,176,25,0.8181818181818182,0,False
trecrag,0,adapter,2024-158677,2024-73340,77,40,0.9,1,False
trecrag,0,adapter,2024-158677,2024-73918,198,28,0.6461538461538462,1,False
trecrag,0,adapter,2024-158677,2024-79081,176,44,0.8163265306122449,1,False
trecrag,0,adapter,2024-158677,2024-79154,99,66,0.9923664122137404,0,False
trecrag,0,adapter,2024-158677,2024-88894,143,26,0.5714285714285714,1,False
trecrag,0,adapter,2024-158677,2024-94706,120,43,0.8333333333333334,0,False
trecrag,0,adapter,2024-158677,2024-96063,176,18,0.7894736842105263,0,False
trecrag,0,adapter,2024-158677,2024-96359,121,64,0.6851851851851852,1,False
trecrag,0,adapter,2024-158743,2024-105741,176,40,0.676923076923077,1,False
trecrag,0,adapter,2024-158743,2024-121840,176,40,0.7435897435897436,0,False
trecrag,0,adapter,2024-158743,2024-127266,132,41,0.7640449438202247,1,False
trecrag,0,adapter,2024-158743,2024-129925,121,62,0.8275862068965517,1,False
trecrag,0,adapter,2024-158743,2024-141577,220,81,0.64,1,False
trecrag,0,adapter,2024-158743,2024-142395,143,55,0.8,1,False
trecrag,0,adapter,2024-158743,2024-143869,220,69,0.8787878787878788,1,False
trecrag,0,adapter,2024-158743,2024-145979,165,90,0.9613259668508287,0,False
trecrag,0,adapter,2024-158743,2024-152259,132,58,0.9344262295081968,0,False
trecrag,0,adapter,2024-158743,2024-152817,176,67,0.8888888888888888,1,False
trecrag,0,adapter,2024-158743,2024-153051,154,89,0.9943502824858758,0,False
trecrag,0,adapter,2024-158743,2024-158261,187,21,0.7727272727272727,0,False
trecrag,0,adapter,2024-158743,2024-158677,198,67,0.6608695652173913,1,False
trecrag,0,adapter,2024-158743,2024-158743,198,46,0.8602150537634409,0,True
trecrag,0,adapter,2024-158743,2024-18963,187,30,0.7142857142857143,1,False
trecrag,0,adapter,2024-158743,2024-19025,132,53,0.4788732394366197,1,False
trecrag,0,adapter,2024-158743,2024-213469,143,40,0.8,0,False
trecrag,0,adapter,2024-158743,2024-213789,143,50,0.6821705426356589,1,False
trecrag,0,adapter,2024-158743,2024-213817,143,66,0.9302325581395349,1,False
trecrag,0,adapter,2024-158743,2024-213978,99,16,0.8,1,False
trecrag,0,adapter,2024-158743,2024-214096,176,69,0.9076923076923077,0,False
trecrag,0,adapter,2024-158743,2024-214257,110,33,0.927536231884058,0,False
trecrag,0,adapter,2024-158743,2024-214467,77,42,0.95,0,False
trecrag,0,adapter,2024-158743,2024-215044,165,19,0.782608695652174,1,False
trecrag,0,adapter,2024-158743,2024-215952,110,32,0.8135593220338984,0,False
trecrag,0,adapter,2024-158743,2024-216592,220,75,0.9261744966442953,0,False
trecrag,0,adapter,2024-158743,2024-217279,132,45,0.8470588235294118,0,False
trecrag,0,adapter,2024-158743,2024-217812,140,62,0.896,0,False
trecrag,0,adapter,2024-158743,2024-219563,110,43,0.7045454545454546,1,False
trecrag,0,adapter,2024-158743,2024-219624,143,52,0.9433962264150944,0,False
trecrag,0,adapter,2024-158743,2024-224279,165,52,0.6741573033707865,1,False
trecrag,0,adapter,2024-158743,2024-224701,198,83,0.8554913294797688,0,False
trecrag,0,adapter,2024-158743,2024-224926,121,9,0.5185185185185185,1,False
trecrag,0,adapter,2024-158743,2024-22886,220,83,0.9325153374233128,0,False
trecrag,0,adapter,2024-158743,2024-27366,176,68,0.6607142857142857,1,False
trecrag,0,adapter,2024-158743,2024-29182,165,40,0.8860759493670886,0,False
trecrag,0,adapter,2024-158743,2024-32912,99,63,0.926829268292683,1,False
trecrag,0,adapter,2024-158743,2024-35227,198,83,0.8098159509202454,0,False
trecrag,0,adapter,2024-158743,2024-35269,110,56,0.9636363636363636,0,False
trecrag,0,adapter,2024-158743,2024-35284,143,66,0.9692307692307692,0,False
trecrag,0,adapter,2024-158743,2024-35620,187,50,0.9230769230769231,0,False
trecrag,0,adapter,2024-158743,2024-38986,176,67,0.58,1,False
trecrag,0,adapter,2024-158743,2024-41849,209,38,0.717391304347826,1,False
trecrag,0,adapter,2024-158743,2024-42497,165,52,0.7272727272727273,1,False
trecrag,0,adapter,2024-158743,2024-43037,110,52,0.8737864077669902,0,False
trecrag,0,adapter,2024-158743,2024-43983,110,20,0.6666666666666666,1,False
trecrag,0,adapter,2024-158743,2024-44060,66,40,0.9382716049382716,0,False
trecrag,0,adapter,2024-158743,2024-58819,176,25,0.7906976744186046,0,False
trecrag,0,adapter,2024-158743,2024-73340,77,40,0.8974358974358975,1,False
trecrag,0,adapter,2024-158743,2024-73918,198,28,0.6666666666666666,1,False
trecrag,0,adapter,2024-158743,2024-79081,176,44,0.7608695652173914,1,False
trecrag,0,adapter,2024-158743,2024-79154,99,66,0.9846153846153847,0,False
trecrag,0,adapter,2024-158743,2024-88894,143,26,0.5217391304347826,1,False
trecrag,0,adapter,2024-158743,2024-94706,120,43,0.7901234567901234,0,False
trecrag,0,adapter,2024-158743,2024-96063,176,18,0.8333333333333334,0,False
trecrag,0,adapter,2024-158743,2024-96359,121,64,0.6981132075471698,1,False
trecrag,0,adapter,2024-18963,2024-105741,176,40,0.676923076923077,1,False
trecrag,0,adapter,2024-18963,2024-121840,176,40,0.7435897435897436,0,False
trecrag,0,adapter,2024-18963,2024-127266,132,41,0.7472527472527473,1,False
trecrag,0,adapter,2024-18963,2024-129925,121,62,0.8275862068965517,1,False
trecrag,0,adapter,2024-18963,2024-141577,220,81,0.64,1,False
trecrag,0,adapter,2024-18963,2024-142395,143,55,0.8108108108108109,1,False
trecrag,0,adapter,2024-18963,2024-143869,220,69,0.8787878787878788,1,False
trecrag,0,adapter,2024-18963,2024-145979,165,90,0.9613259668508287,0,False
trecrag,0,adapter,2024-18963,2024-152259,132,58,0.9344262295081968,0,False
trecrag,0,adapter,2024-18963,2024-152817,176,67,0.8888888888888888,1,False
trecrag,0,adapter,2024-18963,2024-153051,154,89,0.9943502824858758,0,False
trecrag,0,adapter,2024-18963,2024-158261,187,21,0.7727272727272727,0,False
trecrag,0,adapter,2024-18963,2024-158677,198,67,0.6608695652173913,1,False
trecrag,0,adapter,2024-18963,2024-158743,198,46,0.851063829787234,0,False
trecrag,0,adapter,2024-18963,2024-18963,187,30,0.7142857142857143,1,True
trecrag,0,adapter,2024-18963,2024-19025,132,53,0.4788732394366197,1,False
trecrag,0,adapter,2024-18963,2024-213469,143,40,0.8,0,False
trecrag,0,adapter,2024-18963,2024-213789,143,50,0.6821705426356589,1,False
trecrag,0,adapter,2024-18963,2024-213817,143,66,0.9302325581395349,1,False
trecrag,0,adapter,2024-18963,2024-213978,99,16,0.8,1,False
trecrag,0,adapter,2024-18963,2024-214096,176,69,0.9076923076923077,0,False
trecrag,0,adapter,2024-18963,2024-214257,110,33,0.927536231884058,0,False
trecrag,0,adapter,2024-18963,2024-214467,77,42,0.95,0,False
trecrag,0,adapter,2024-18963,2024-215044,165,19,0.782608695652174,1,False
trecrag,0,adapter,2024-18963,2024-215952,110,32,0.8135593220338984,0,False
trecrag,0,adapter,2024-18963,2024-216592,220,75,0.9261744966442953,0,False
trecrag,0,adapter,2024-18963,2024-217279,132,45,0.8604651162790697,0,False
trecrag,0,adapter,2024-18963,2024-217812,140,62,0.896,0,False
trecrag,0,adapter,2024-18963,2024-219563,110,43,0.7045454545454546,1,False
trecrag,0,adapter,2024-18963,2024-219624,143,52,0.9433962264150944,0,False
trecrag,0,adapter,2024-18963,2024-224279,165,52,0.6888888888888889,1,False
trecrag,0,adapter,2024-18963,2024-224701,198,83,0.8620689655172413,0,False
trecrag,0,adapter,2024-18963,2024-224926,121,9,0.5185185185185185,1,False
trecrag,0,adapter,2024-18963,2024-22886,220,83,0.9325153374233128,0,False
trecrag,0,adapter,2024-18963,2024-27366,176,68,0.672566371681416,1,False
trecrag,0,adapter,2024-18963,2024-29182,165,40,0.8860759493670886,0,False
trecrag,0,adapter,2024-18963,2024-32912,99,63,0.926829268292683,1,False
trecrag,0,adapter,2024-18963,2024-35227,198,83,0.8098159509202454,0,False
trecrag,0,adapter,2024-18963,2024-35269,110,56,0.9636363636363636,0,False
trecrag,0,adapter,2024-18963,2024-35284,143,66,0.9692307692307692,0,False
trecrag,0,adapter,2024-18963,2024-35620,187,50,0.9230769230769231,0,False
trecrag,0,adapter,2024-18963,2024-38986,176,67,0.58,1,False
trecrag,0,adapter,2024-18963,2024-41849,209,38,0.717391304347826,1,False
trecrag,0,adapter,2024-18963,2024-42497,165,52,0.7272727272727273,1,False
trecrag,0,adapter,2024-18963,2024-43037,110,52,0.8737864077669902,0,False
trecrag,0,adapter,2024-18963,2024-43983,110,20,0.6363636363636364,1,False
trecrag,0,adapter,2024-18963,2024-44060,66,40,0.9512195121951219,0,False
trecrag,0,adapter,2024-18963,2024-58819,176,25,0.7906976744186046,0,False
trecrag,0,adapter,2024-18963,2024-73340,77,40,0.8974358974358975,1,False
trecrag,0,adapter,2024-18963,2024-73918,198,28,0.6666666666666666,1,False
trecrag,0,adapter,2024-18963,2024-79081,176,44,0.8247422680412371,1,False
trecrag,0,adapter,2024-18963,2024-79154,99,66,0.9846153846153847,0,False
trecrag,0,adapter,2024-18963,2024-88894,143,26,0.5217391304347826,1,False
trecrag,0,adapter,2024-18963,2024-94706,120,43,0.7901234567901234,0,False
trecrag,0,adapter,2024-18963,2024-96063,176,18,0.8333333333333334,0,False
trecrag,0,adapter,2024-18963,2024-96359,121,64,0.6981132075471698,1,False
trecrag,0,adapter,2024-19025,2024-105741,176,40,0.7058823529411765,1,False
trecrag,0,adapter,2024-19025,2024-121840,176,40,0.7341772151898734,0,False
trecrag,0,adapter,2024-19025,2024-127266,132,41,0.7311827956989247,1,False
trecrag,0,adapter,2024-19025,2024-129925,121,62,0.8205128205128205,1,False
trecrag,0,adapter,2024-19025,2024-141577,220,81,0.6614173228346457,1,False
trecrag,0,adapter,2024-19025,2024-142395,143,55,0.8141592920353983,1,False
trecrag,0,adapter,2024-19025,2024-143869,220,69,0.8740740740740741,1,False
trecrag,0,adapter,2024-19025,2024-145979,165,90,0.9560439560439561,0,False
trecrag,0,adapter,2024-19025,2024-152259,132,58,0.9344262295081968,0,False
trecrag,0,adapter,2024-19025,2024-152817,176,67,0.8888888888888888,1,False
trecrag,0,adapter,2024-19025,2024-153051,154,89,0.9943502824858758,0,False
trecrag,0,adapter,2024-19025,2024-158261,187,21,0.7555555555555555,0,False
trecrag,0,adapter,2024-19025,2024-158677,198,67,0.6608695652173913,1,False
trecrag,0,adapter,2024-19025,2024-158743,198,46,0.8631578947368421,0,False
trecrag,0,adapter,2024-19025,2024-18963,187,30,0.7241379310344828,1,False
trecrag,0,adapter,2024-19025,2024-19025,132,53,0.56,1,True
trecrag,0,adapter,2024-19025,2024-213469,143,40,0.7804878048780488,0,False
trecrag,0,adapter,2024-19025,2024-213789,143,50,0.6766917293233082,1,False
trecrag,0,adapter,2024-19025,2024-213817,143,66,0.9302325581395349,1,False
trecrag,0,adapter,2024-19025,2024-213978,99,16,0.7741935483870968,1,False
trecrag,0,adapter,2024-19025,2024-214096,176,69,0.9076923076923077,0,False
trecrag,0,adapter,2024-19025,2024-214257,110,33,0.927536231884058,0,False
trecrag,0,adapter,2024-19025,2024-214467,77,42,0.9629629629629629,0,False
trecrag,0,adapter,2024-19025,2024-215044,165,19,0.7659574468085106,1,False
trecrag,0,adapter,2024-19025,2024-215952,110,32,0.8135593220338984,0,False
trecrag,0,adapter,2024-19025,2024-216592,220,75,0.9261744966442953,0,False
trecrag,0,adapter,2024-19025,2024-217279,132,45,0.8735632183908046,0,False
trecrag,0,adapter,2024-19025,2024-217812,140,62,0.9133858267716536,0,False
trecrag,0,adapter,2024-19025,2024-219563,110,43,0.6888888888888889,1,False
trecrag,0,adapter,2024-19025,2024-219624,143,52,0.9433962264150944,0,False
trecrag,0,adapter,2024-19025,2024-224279,165,52,0.6813186813186813,1,False
trecrag,0,adapter,2024-19025,2024-224701,198,83,0.8685714285714285,0,False
trecrag,0,adapter,2024-19025,2024-224926,121,9,0.4827586206896552,1,False
trecrag,0,adapter,2024-19025,2024-22886,220,83,0.9390243902439024,0,False
trecrag,0,adapter,2024-19025,2024-27366,176,68,0.6666666666666666,1,False
trecrag,0,adapter,2024-19025,2024-29182,165,40,0.8860759493670886,0,False
trecrag,0,adapter,2024-19025,2024-32912,99,63,0.9354838709677419,1,False
trecrag,0,adapter,2024-19025,2024-35227,198,83,0.8121212121212121,0,False
trecrag,0,adapter,2024-19025,2024-35269,110,56,0.972972972972973,0,False
trecrag,0,adapter,2024-19025,2024-35284,143,66,0.9692307692307692,0,False
trecrag,0,adapter,2024-19025,2024-35620,187,50,0.9142857142857143,0,False
trecrag,0,adapter,2024-19025,2024-38986,176,67,0.5882352941176471,1,False
trecrag,0,adapter,2024-19025,2024-41849,209,38,0.723404255319149,1,False
trecrag,0,adapter,2024-19025,2024-42497,165,52,0.7213114754098361,1,False
trecrag,0,adapter,2024-19025,2024-43037,110,52,0.8737864077669902,0,False
trecrag,0,adapter,2024-19025,2024-43983,110,20,0.6521739130434783,1,False
trecrag,0,adapter,2024-19025,2024-44060,66,40,0.9512195121951219,0,False
trecrag,0,adapter,2024-19025,2024-58819,176,25,0.8181818181818182,0,False
trecrag,0,adapter,2024-19025,2024-73340,77,40,0.8974358974358975,1,False
trecrag,0,adapter,2024-19025,2024-73918,198,28,0.65625,1,False
trecrag,0,adapter,2024-19025,2024-79081,176,44,0.8163265306122449,1,False
trecrag,0,adapter,2024-19025,2024-79154,99,66,0.9846153846153847,0,False
trecrag,0,adapter,2024-19025,2024-88894,143,26,0.5416666666666666,1,False
trecrag,0,adapter,2024-19025,2024-94706,120,43,0.8048780487804879,0,False
trecrag,0,adapter,2024-19025,2024-96063,176,18,0.7894736842105263,0,False
trecrag,0,adapter,2024-19025,2024-96359,121,64,0.6851851851851852,1,False
trecrag,0,adapter,2024-213469,2024-105741,176,40,0.676923076923077,1,False
trecrag,0,adapter,2024-213469,2024-121840,176,40,0.7435897435897436,0,False
trecrag,0,adapter,2024-213469,2024-127266,132,41,0.7472527472527473,1,False
trecrag,0,adapter,2024-213469,2024-129925,121,62,0.8275862068965517,1,False
trecrag,0,adapter,2024-213469,2024-141577,220,81,0.64,1,False
trecrag,0,adapter,2024-213469,2024-142395,143,55,0.8108108108108109,1,False
trecrag,0,adapter,2024-213469,2024-143869,220,69,0.8787878787878788,1,False
trecrag,0,adapter,2024-213469,2024-145979,165,90,0.9613259668508287,0,False
trecrag,0,adapter,2024-213469,2024-152259,132,58,0.9344262295081968,0,False
trecrag,0,adapter,2024-213469,2024-152817,176,67,0.8888888888888888,1,False
trecrag,0,adapter,2024-213469,2024-153051,154,89,0.9943502824858758,0,False
trecrag,0,adapter,2024-213469,2024-158261,187,21,0.7555555555555555,0,False
trecrag,0,adapter,2024-213469,2024-158677,198,67,0.6608695652173913,1,False
trecrag,0,adapter,2024-213469,2024-158743,198,46,0.851063829787234,0,False
trecrag,0,adapter,2024-213469,2024-18963,187,30,0.7142857142857143,1,False
trecrag,0,adapter,2024-213469,2024-19025,132,53,0.4788732394366197,1,False
trecrag,0,adapter,2024-213469,2024-213469,143,40,0.8,0,True
trecrag,0,adapter,2024-213469,2024-213789,143,50,0.6821705426356589,1,False
trecrag,0,adapter,2024-213469,2024-213817,143,66,0.9302325581395349,1,False
trecrag,0,adapter,2024-213469,2024-213978,99,16,0.8,1,False
trecrag,0,adapter,2024-213469,2024-214096,176,69,0.9076923076923077,0,False
trecrag,0,adapter,2024-213469,2024-214257,110,33,0.927536231884058,0,False
trecrag,0,adapter,2024-213469,2024-214467,77,42,0.95,0,False
trecrag,0,adapter,2024-213469,2024-215044,165,19,0.782608695652174,1,False
trecrag,0,adapter,2024-213469,2024-215952,110,32,0.8135593220338984,0,False
trecrag,0,adapter,2024-213469,2024-216592,220,75,0.9261744966442953,0,False
trecrag,0,adapter,2024-213469,2024-217279,132,45,0.8604651162790697,0,False
trecrag,0,adapter,2024-213469,2024-217812,140,62,0.896,0,False
trecrag,0,adapter,2024-213469,2024-219563,110,43,0.7045454545454546,1,False
trecrag,0,adapter,2024-213469,2024-219624,143,52,0.9433962264150944,0,False
trecrag,0,adapter,2024-213469,2024-224279,165,52,0.6888888888888889,1,False
trecrag,0,adapter,2024-213469,2024-224701,198,83,0.8620689655172413,0,False
trecrag,0,adapter,2024-213469,2024-224926,121,9,0.5185185185185185,1,False
trecrag,0,adapter,2024-213469,2024-22886,220,83,0.9390243902439024,0,False
trecrag,0,adapter,2024-213469,2024-27366,176,68,0.6666666666666666,1,False
trecrag,0,adapter,2024-213469,2024-29182,165,40,0.8860759493670886,0,False
trecrag,0,adapter,2024-213469,2024-32912,99,63,0.926829268292683,1,False
trecrag,0,adapter,2024-213469,2024-35227,198,83,0.8098159509202454,0,False
trecrag,0,adapter,2024-213469,2024-35269,110,56,0.9636363636363636,0,False
trecrag,0,adapter,2024-213469,2024-35284,143,66,0.9692307692307692,0,False
trecrag,0,adapter,2024-213469,2024-35620,187,50,0.9230769230769231,0,False
trecrag,0,adapter,2024-213469,2024-38986,176,67,0.58,1,False
trecrag,0,adapter,2024-213469,2024-41849,209,38,0.717391304347826,1,False
trecrag,0,adapter,2024-213469,2024-42497,165,52,0.7272727272727273,1,False
trecrag,0,adapter,2024-213469,2024-43037,110,52,0.8737864077669902,0,False
trecrag,0,adapter,2024-213469,2024-43983,110,20,0.6363636363636364,1,False
trecrag,0,adapter,2024-213469,2024-44060,66,40,0.9512195121951219,0,False
trecrag,0,adapter,2024-213469,2024-58819,176,25,0.7906976744186046,0,False
trecrag,0,adapter,2024-213469,2024-73340,77,40,0.8974358974358975,1,False
trecrag,0,adapter,2024-213469,2024-73918,198,28,0.6666666666666666,1,False
trecrag,0,adapter,2024-213469,2024-79081,176,44,0.8125,1,False
trecrag,0,adapter,2024-213469,2024-79154,99,66,0.9846153846153847,0,False
trecrag,0,adapter,2024-213469,2024-88894,143,26,0.5217391304347826,1,False
trecrag,0,adapter,2024-213469,2024-94706,120,43,0.7901234567901234,0,False
trecrag,0,adapter,2024-213469,2024-96063,176,18,0.8333333333333334,0,False
trecrag,0,adapter,2024-213469,2024-96359,121,64,0.6981132075471698,1,False
trecrag,0,adapter,2024-213789,2024-105741,176,40,0.65625,1,False
trecrag,0,adapter,2024-213789,2024-121840,176,40,0.7532467532467533,0,False
trecrag,0,adapter,2024-213789,2024-127266,132,41,0.7816091954022989,1,False
trecrag,0,adapter,2024-213789,2024-129925,121,62,0.8275862068965517,1,False
trecrag,0,adapter,2024-213789,2024-141577,220,81,0.6178861788617886,1,False
trecrag,0,adapter,2024-213789,2024-142395,143,55,0.7735849056603774,1,False
trecrag,0,adapter,2024-213789,2024-143869,220,69,0.875,1,False
trecrag,0,adapter,2024-213789,2024-145979,165,90,0.9666666666666667,0,False
trecrag,0,adapter,2024-213789,2024-152259,132,58,0.9344262295081968,0,False
trecrag,0,adapter,2024-213789,2024-152817,176,67,0.8888888888888888,1,False
trecrag,0,adapter,2024-213789,2024-153051,154,89,0.9886363636363636,0,False
trecrag,0,adapter,2024-213789,2024-158261,187,21,0.7906976744186046,0,False
trecrag,0,adapter,2024-213789,2024-158677,198,67,0.6371681415929203,1,False
trecrag,0,adapter,2024-213789,2024-158743,198,46,0.8602150537634409,0,False
trecrag,0,adapter,2024-213789,2024-18963,187,30,0.7272727272727273,1,False
trecrag,0,adapter,2024-213789,2024-19025,132,53,0.45714285714285713,1,False
trecrag,0,adapter,2024-213789,2024-213469,143,40,0.7848101265822784,0,False
trecrag,0,adapter,2024-213789,2024-213789,143,50,0.6935483870967742,1,True
trecrag,0,adapter,2024-213789,2024-213817,143,66,0.9047619047619048,1,False
trecrag,0,adapter,2024-213789,2024-213978,99,16,0.8,1,False
trecrag,0,adapter,2024-213789,2024-214096,176,69,0.9076923076923077,0,False
trecrag,0,adapter,2024-213789,2024-214257,110,33,0.927536231884058,0,False
trecrag,0,adapter,2024-213789,2024-214467,77,42,0.95,0,False
trecrag,0,adapter,2024-213789,2024-215044,165,19,0.782608695652174,1,False
trecrag,0,adapter,2024-213789,2024-215952,110,32,0.8275862068965517,0,False
trecrag,0,adapter,2024-213789,2024-216592,220,75,0.9261744966442953,0,False
trecrag,0,adapter,2024-213789,2024-217279,132,45,0.8470588235294118,0,False
trecrag,0,adapter,2024-213789,2024-217812,140,62,0.896,0,False
trecrag,0,adapter,2024-213789,2024-219563,110,43,0.6904761904761905,1,False
trecrag,0,adapter,2024-213789,2024-219624,143,52,0.9433962264150944,0,False
trecrag,0,adapter,2024-213789,2024-224279,165,52,0.6352941176470588,1,False
trecrag,0,adapter,2024-213789,2024-224701,198,83,0.8421052631578947,0,False
trecrag,0,adapter,2024-213789,2024-224926,121,9,0.48,1,False
trecrag,0,adapter,2024-213789,2024-22886,220,83,0.9259259259259259,0,False
trecrag,0,adapter,2024-213789,2024-27366,176,68,0.6486486486486487,1,False
trecrag,0,adapter,2024-213789,2024-29182,165,40,0.868421052631579,0,False
trecrag,0,adapter,2024-213789,2024-32912,99,63,0.9344262295081968,1,False
trecrag,0,adapter,2024-213789,2024-35227,198,83,0.8098159509202454,0,False
trecrag,0,adapter,2024-213789,2024-35269,110,56,0.9541284403669725,0,False
trecrag,0,adapter,2024-213789,2024-35284,143,66,0.9692307692307692,0,False
trecrag,0,adapter,2024-213789,2024-35620,187,50,0.9320388349514563,0,False
trecrag,0,adapter,2024-213789,2024-38986,176,67,0.5858585858585859,1,False
trecrag,0,adapter,2024-213789,2024-41849,209,38,0.7415730337078652,1,False
trecrag,0,adapter,2024-213789,2024-42497,165,52,0.7457627118644068,1,False
trecrag,0,adapter,2024-213789,2024-43037,110,52,0.86,0,False
trecrag,0,adapter,2024-213789,2024-43983,110,20,0.6666666666666666,1,False
trecrag,0,adapter,2024-213789,2024-44060,66,40,0.9382716049382716,0,False
trecrag,0,adapter,2024-213789,2024-58819,176,25,0.7906976744186046,0,False
trecrag,0,adapter,2024-213789,2024-73340,77,40,0.8974358974358975,1,False
trecrag,0,adapter,2024-213789,2024-73918,198,28,0.6229508196721312,1,False
trecrag,0,adapter,2024-213789,2024-79081,176,44,0.7865168539325843,1,False
trecrag,0,adapter,2024-213789,2024-79154,99,66,0.9846153846153847,0,False
trecrag,0,adapter,2024-213789,2024-88894,143,26,0.43902439024390244,1,False
trecrag,0,adapter,2024-213789,2024-94706,120,43,0.759493670886076,0,False
trecrag,0,adapter,2024-213789,2024-96063,176,18,0.8,0,False
trecrag,0,adapter,2024-213789,2024-96359,121,64,0.6730769230769231,1,False
trecrag,0,adapter,2024-213817,2024-105741,176,40,0.7058823529411765,1,False
trecrag,0,adapter,2024-213817,2024-121840,176,40,0.7341772151898734,0,False
trecrag,0,adapter,2024-213817,2024-127266,132,41,0.723404255319149,1,False
trecrag,0,adapter,2024-213817,2024-129925,121,62,0.8205128205128205,1,False
trecrag,0,adapter,2024-213817,2024-141577,220,81,0.6507936507936508,1,False
trecrag,0,adapter,2024-213817,2024-142395,143,55,0.8141592920353983,1,False
trecrag,0,adapter,2024-213817,2024-143869,220,69,0.8740740740740741,1,False
trecrag,0,adapter,2024-213817,2024-145979,165,90,0.9560439560439561,0,False
trecrag,0,adapter,2024-213817,2024-152259,132,58,0.9344262295081968,0,False
trecrag,0,adapter,2024-213817,2024-152817,176,67,0.8888888888888888,1,False
trecrag,0,adapter,2024-213817,2024-153051,154,89,0.9943502824858758,0,False
trecrag,0,adapter,2024-213817,2024-158261,187,21,0.7555555555555555,0,False
trecrag,0,adapter,2024-213817,2024-158677,198,67,0.6608695652173913,1,False
trecrag,0,adapter,2024-213817,2024-158743,198,46,0.8631578947368421,0,False
trecrag,0,adapter,2024-213817,2024-18963,187,30,0.7241379310344828,1,False
trecrag,0,adapter,2024-213817,2024-19025,132,53,0.4788732394366197,1,False
trecrag,0,adapter,2024-213817,2024-213469,143,40,0.7804878048780488,0,False
trecrag,0,adapter,2024-213817,2024-213789,143,50,0.6766917293233082,1,False
trecrag,0,adapter,2024-213817,2024-213817,143,66,0.9302325581395349,1,True
trecrag,0,adapter,2024-213817,2024-213978,99,16,0.7741935483870968,1,False
trecrag,0,adapter,2024-213817,2024-214096,176,69,0.9076923076923077,0,False
trecrag,0,adapter,2024-213817,2024-214257,110,33,0.927536231884058,0,False
trecrag,0,adapter,2024-213817,2024-214467,77,42,0.9629629629629629,0,False
trecrag,0,adapter,2024-213817,2024-215044,165,19,0.7659574468085106,1,False
trecrag,0,adapter,2024-213817,2024-215952,110,32,0.8135593220338984,0,False
trecrag,0,adapter,2024-213817,2024-216592,220,75,0.9261744966442953,0,False
trecrag,0,adapter,2024-213817,2024-217279,132,45,0.8604651162790697,0,False
trecrag,0,adapter,2024-213817,2024-217812,140,62,0.9133858267716536,0,False
trecrag,0,adapter,2024-213817,2024-219563,110,43,0.6888888888888889,1,False
trecrag,0,adapter,2024-213817,2024-219624,143,52,0.9433962264150944,0,False
trecrag,0,adapter,2024-213817,2024-224279,165,52,0.6813186813186813,1,False
trecrag,0,adapter,2024-213817,2024-224701,198,83,0.8685714285714285,0,False
trecrag,0,adapter,2024-213817,2024-224926,121,9,0.4827586206896552,1,False
trecrag,0,adapter,2024-213817,2024-22886,220,83,0.9390243902439024,0,False
trecrag,0,adapter,2024-213817,2024-27366,176,68,0.6666666666666666,1,False
trecrag,0,adapter,2024-213817,2024-29182,165,40,0.8860759493670886,0,False
trecrag,0,adapter,2024-213817,2024-32912,99,63,0.9354838709677419,1,False
trecrag,0,adapter,2024-213817,2024-35227,198,83,0.8121212121212121,0,False
trecrag,0,adapter,2024-213817,2024-35269,110,56,0.972972972972973,0,False
trecrag,0,adapter,2024-213817,2024-35284,143,66,0.9618320610687023,0,False
trecrag,0,adapter,2024-213817,2024-35620,187,50,0.9142857142857143,0,False
trecrag,0,adapter,2024-213817,2024-38986,176,67,0.594059405940594,1,False
trecrag,0,adapter,2024-213817,2024-41849,209,38,0.7157894736842105,1,False
trecrag,0,adapter,2024-213817,2024-42497,165,52,0.7213114754098361,1,False
trecrag,0,adapter,2024-213817,2024-43037,110,52,0.8737864077669902,0,False
trecrag,0,adapter,2024-213817,2024-43983,110,20,0.6521739130434783,1,False
trecrag,0,adapter,2024-213817,2024-44060,66,40,0.9512195121951219,0,False
trecrag,0,adapter,2024-213817,2024-58819,176,25,0.8181818181818182,0,False
trecrag,0,adapter,2024-213817,2024-73340,77,40,0.8974358974358975,1,False
trecrag,0,adapter,2024-213817,2024-73918,198,28,0.65625,1,False
trecrag,0,adapter,2024-213817,2024-79081,176,44,0.8163265306122449,1,False
trecrag,0,adapter,2024-213817,2024-79154,99,66,0.9923664122137404,0,False
trecrag,0,adapter,2024-213817,2024-88894,143,26,0.5531914893617021,1,False
trecrag,0,adapter,2024-213817,2024-94706,120,43,0.8048780487804879,0,False
trecrag,0,adapter,2024-213817,2024-96063,176,18,0.7894736842105263,0,False
trecrag,0,adapter,2024-213817,2024-96359,121,64,0.6915887850467289,1,False
trecrag,0,adapter,2024-213978,2024-105741,176,40,0.7164179104477612,1,False
trecrag,0,adapter,2024-213978,2024-121840,176,40,0.7341772151898734,0,False
trecrag,0,adapter,2024-213978,2024-127266,132,41,0.7391304347826086,1,False
trecrag,0,adapter,2024-213978,2024-129925,121,62,0.8275862068965517,1,False
trecrag,0,adapter,2024-213978,2024-141577,220,81,0.64,1,False
trecrag,0,adapter,2024-213978,2024-142395,143,55,0.8108108108108109,1,False
trecrag,0,adapter,2024-213978,2024-143869,220,69,0.8787878787878788,1,False
trecrag,0,adapter,2024-213978,2024-145979,165,90,0.9613259668508287,0,False
trecrag,0,adapter,2024-213978,2024-152259,132,58,0.9344262295081968,0,False
trecrag,0,adapter,2024-213978,2024-152817,176,67,0.8888888888888888,1,False
trecrag,0,adapter,2024-213978,2024-153051,154,89,0.9943502824858758,0,False
trecrag,0,adapter,2024-213978,2024-158261,187,21,0.7555555555555555,0,False
trecrag,0,adapter,2024-213978,2024-158677,198,67,0.6608695652173913,1,False
trecrag,0,adapter,2024-213978,2024-158743,198,46,0.851063829787234,0,False
trecrag,0,adapter,2024-213978,2024-18963,187,30,0.7142857142857143,1,False
trecrag,0,adapter,2024-213978,2024-19025,132,53,0.4788732394366197,1,False
trecrag,0,adapter,2024-213978,2024-213469,143,40,0.8,0,False
trecrag,0,adapter,2024-213978,2024-213789,143,50,0.676923076923077,1,False
trecrag,0,adapter,2024-213978,2024-213817,143,66,0.9302325581395349,1,False
trecrag,0,adapter,2024-213978,2024-213978,99,16,0.8,1,True
trecrag,0,adapter,2024-213978,2024-214096,176,69,0.9076923076923077,0,False
trecrag,0,adapter,2024-213978,2024-214257,110,33,0.927536231884058,0,False
trecrag,0,adapter,2024-213978,2024-214467,77,42,0.95,0,False
trecrag,0,adapter,2024-213978,2024-215044,165,19,0.7659574468085106,1,False
trecrag,0,adapter,2024-213978,2024-215952,110,32,0.8135593220338984,0,False
trecrag,0,adapter,2024-213978,2024-216592,220,75,0.9261744966442953,0,False
trecrag,0,adapter,2024-213978,2024-217279,132,45,0.8604651162790697,0,False
trecrag,0,adapter,2024-213978,2024-217812,140,62,0.896,0,False
trecrag,0,adapter,2024-213978,2024-219563,110,43,0.6966292134831461,1,False
trecrag,0,adapter,2024-213978,2024-219624,143,52,0.9433962264150944,0,False
trecrag,0,adapter,2024-213978,2024-224279,165,52,0.6888888888888889,1,False
trecrag,0,adapter,2024-213978,2024-224701,198,83,0.8620689655172413,0,False
trecrag,0,adapter,2024-213978,2024-224926,121,9,0.5185185185185185,1,False
trecrag,0,adapter,2024-213978,2024-22886,220,83,0.9390243902439024,0,False
trecrag,0,adapter,2024-213978,2024-27366,176,68,0.6666666666666666,1,False
trecrag,0,adapter,2024-213978,2024-29182,165,40,0.8860759493670886,0,False
trecrag,0,adapter,2024-213978,2024-32912,99,63,0.926829268292683,1,False
trecrag,0,adapter,2024-213978,2024-35227,198,83,0.8170731707317073,0,False
trecrag,0,adapter,2024-213978,2024-35269,110,56,0.9636363636363636,0,False
trecrag,0,adapter,2024-213978,2024-35284,143,66,0.9692307692307692,0,False
trecrag,0,adapter,2024-213978,2024-35620,187,50,0.9230769230769231,0,False
trecrag,0,adapter,2024-213978,2024-38986,176,67,0.58,1,False
trecrag,0,adapter,2024-213978,2024-41849,209,38,0.717391304347826,1,False
trecrag,0,adapter,2024-213978,2024-42497,165,52,0.7272727272727273,1,False
trecrag,0,adapter,2024-213978,2024-43037,110,52,0.8737864077669902,0,False
trecrag,0,adapter,2024-213978,2024-43983,110,20,0.6363636363636364,1,False
trecrag,0,adapter,2024-213978,2024-44060,66,40,0.9512195121951219,0,False
trecrag,0,adapter,2024-213978,2024-58819,176,25,0.7906976744186046,0,False
trecrag,0,adapter,2024-213978,2024-73340,77,40,0.8974358974358975,1,False
trecrag,0,adapter,2024-213978,2024-73918,198,28,0.6666666666666666,1,False
trecrag,0,adapter,2024-213978,2024-79081,176,44,0.8247422680412371,1,False
trecrag,0,adapter,2024-213978,2024-79154,99,66,0.9846153846153847,0,False
trecrag,0,adapter,2024-213978,2024-88894,143,26,0.5217391304347826,1,False
trecrag,0,adapter,2024-213978,2024-94706,120,43,0.7901234567901234,0,False
trecrag,0,adapter,2024-213978,2024-96063,176,18,0.8333333333333334,0,False
trecrag,0,adapter,2024-213978,2024-96359,121,64,0.6981132075471698,1,False
trecrag,0,adapter,2024-214096,2024-105741,176,40,0.676923076923077,1,False
trecrag,0,adapter,2024-214096,2024-121840,176,40,0.7435897435897436,0,False
trecrag,0,adapter,2024-214096,2024-127266,132,41,0.7472527472527473,1,False
trecrag,0,adapter,2024-214096,2024-129925,121,62,0.8275862068965517,1,False
trecrag,0,adapter,2024-214096,2024-141577,220,81,0.64,1,False
trecrag,0,adapter,2024-214096,2024-142395,143,55,0.8,1,False
trecrag,0,adapter,2024-214096,2024-143869,220,69,0.8787878787878788,1,False
trecrag,0,adapter,2024-214096,2024-145979,165,90,0.9613259668508287,0,False
trecrag,0,adapter,2024-214096,2024-152259,132,58,0.9344262295081968,0,False
trecrag,0,adapter,2024-214096,2024-152817,176,67,0.8888888888888888,1,False
trecrag,0,adapter,2024-214096,2024-153051,154,89,0.9943502824858758,0,False
trecrag,0,adapter,2024-214096,2024-158261,187,21,0.7727272727272727,0,False
trecrag,0,adapter,2024-214096,2024-158677,198,67,0.6608695652173913,1,False
trecrag,0,adapter,2024-214096,2024-158743,198,46,0.851063829787234,0,False
trecrag,0,adapter,2024-214096,2024-18963,187,30,0.7142857142857143,1,False
trecrag,0,adapter,2024-214096,2024-19025,132,53,0.4788732394366197,1,False
trecrag,0,adapter,2024-214096,2024-213469,143,40,0.8,0,False
trecrag,0,adapter,2024-214096,2024-213789,143,50,0.6821705426356589,1,False
trecrag,0,adapter,2024-214096,2024-213817,143,66,0.9302325581395349,1,False
trecrag,0,adapter,2024-214096,2024-213978,99,16,0.8,1,False
trecrag,0,adapter,2024-214096,2024-214096,176,69,0.9076923076923077,0,True
trecrag,0,adapter,2024-214096,2024-214257,110,33,0.927536231884058,0,False
trecrag,0,adapter,2024-214096,2024-214467,77,42,0.95,0,False
trecrag,0,adapter,2024-214096,2024-215044,165,19,0.782608695652174,1,False
trecrag,0,adapter,2024-214096,2024-215952,110,32,0.8135593220338984,0,False
trecrag,0,adapter,2024-214096,2024-216592,220,75,0.9261744966442953,0,False
trecrag,0,adapter,2024-214096,2024-217279,132,45,0.8604651162790697,0,False
trecrag,0,adapter,2024-214096,2024-217812,140,62,0.896,0,False
trecrag,0,adapter,2024-214096,2024-219563,110,43,0.7045454545454546,1,False
trecrag,0,adapter,2024-214096,2024-219624,143,52,0.9433962264150944,0,False
trecrag,0,adapter,2024-214096,2024-224279,165,52,0.6741573033707865,1,False
trecrag,0,adapter,2024-214096,2024-224701,198,83,0.8620689655172413,0,False
trecrag,0,adapter,2024-214096,2024-224926,121,9,0.5185185185185185,1,False
trecrag,0,adapter,2024-214096,2024-22886,220,83,0.9325153374233128,0,False
trecrag,0,adapter,2024-214096,2024-27366,176,68,0.672566371681416,1,False
trecrag,0,adapter,2024-214096,2024-29182,165,40,0.8860759493670886,0,False
trecrag,0,adapter,2024-214096,2024-32912,99,63,0.926829268292683,1,False
trecrag,0,adapter,2024-214096,2024-35227,198,83,0.8098159509202454,0,False
trecrag,0,adapter,2024-214096,2024-35269,110,56,0.9636363636363636,0,False
trecrag,0,adapter,2024-214096,2024-35284,143,66,0.9692307692307692,0,False
trecrag,0,adapter,2024-214096,2024-35620,187,50,0.9230769230769231,0,False
trecrag,0,adapter,2024-214096,2024-38986,176,67,0.58,1,False
trecrag,0,adapter,2024-214096,2024-41849,209,38,0.717391304347826,1,False
trecrag,0,adapter,2024-214096,2024-42497,165,52,0.7272727272727273,1,False
trecrag,0,adapter,2024-214096,2024-43037,110,52,0.8737864077669902,0,False
trecrag,0,adapter,2024-214096,2024-43983,110,20,0.6363636363636364,1,False
trecrag,0,adapter,2024-214096,2024-44060,66,40,0.9512195121951219,0,False
trecrag,0,adapter,2024-214096,2024-58819,176,25,0.7906976744186046,0,False
trecrag,0,adapter,2024-214096,2024-73340,77,40,0.8974358974358975,1,False
trecrag,0,adapter,2024-214096,2024-73918,198,28,0.6666666666666666,1,False
trecrag,0,adapter,2024-214096,2024-79081,176,44,0.7872340425531915,1,False
trecrag,0,adapter,2024-214096,2024-79154,99,66,0.9846153846153847,0,False
trecrag,0,adapter,2024-214096,2024-88894,143,26,0.5217391304347826,1,False
trecrag,0,adapter,2024-214096,2024-94706,120,43,0.7901234567901234,0,False
trecrag,0,adapter,2024-214096,2024-96063,176,18,0.8333333333333334,0,False
trecrag,0,adapter,2024-214096,2024-96359,121,64,0.6981132075471698,1,False
trecrag,0,adapter,2024-214257,2024-105741,176,40,0.676923076923077,1,False
trecrag,0,adapter,2024-214257,2024-121840,176,40,0.7435897435897436,0,False
trecrag,0,adapter,2024-214257,2024-127266,132,41,0.7472527472527473,1,False
trecrag,0,adapter,2024-214257,2024-129925,121,62,0.8275862068965517,1,False
trecrag,0,adapter,2024-214257,2024-141577,220,81,0.64,1,False
trecrag,0,adapter,2024-214257,2024-142395,143,55,0.8,1,False
trecrag,0,adapter,2024-214257,2024-143869,220,69,0.8787878787878788,1,False
trecrag,0,adapter,2024-214257,2024-145979,165,90,0.9613259668508287,0,False
trecrag,0,adapter,2024-214257,2024-152259,132,58,0.9344262295081968,0,False
trecrag,0,adapter,2024-214257,2024-152817,176,67,0.8888888888888888,1,False
trecrag,0,adapter,2024-214257,2024-153051,154,89,0.9943502824858758,0,False
trecrag,0,adapter,2024-214257,2024-158261,187,21,0.7727272727272727,0,False
trecrag,0,adapter,2024-214257,2024-158677,198,67,0.6608695652173913,1,False
trecrag,0,adapter,2024-214257,2024-158743,198,46,0.851063829787234,0,False
trecrag,0,adapter,2024-214257,2024-18963,187,30,0.7142857142857143,1,False
trecrag,0,adapter,2024-214257,2024-19025,132,53,0.4788732394366197,1,False
trecrag,0,adapter,2024-214257,2024-213469,143,40,0.8,0,False
trecrag,0,adapter,2024-214257,2024-213789,143,50,0.6821705426356589,1,False
trecrag,0,adapter,2024-214257,2024-213817,143,66,0.9302325581395349,1,False
trecrag,0,adapter,2024-214257,2024-213978,99,16,0.8,1,False
trecrag,0,adapter,2024-214257,2024-214096,176,69,0.9076923076923077,0,False
trecrag,0,adapter,2024-214257,2024-214257,110,33,0.927536231884058,0,True
trecrag,0,adapter,2024-214257,2024-214467,77,42,0.95,0,False
trecrag,0,adapter,2024-214257,2024-215044,165,19,0.782608695652174,1,False
trecrag,0,adapter,2024-214257,2024-215952,110,32,0.8135593220338984,0,False
trecrag,0,adapter,2024-214257,2024-216592,220,75,0.9261744966442953,0,False
trecrag,0,adapter,2024-214257,2024-217279,132,45,0.8604651162790697,0,False
trecrag,0,adapter,2024-214257,2024-217812,140,62,0.896,0,False
trecrag,0,adapter,2024-214257,2024-219563,110,43,0.7045454545454546,1,False
trecrag,0,adapter,2024-214257,2024-219624,143,52,0.9433962264150944,0,False
trecrag,0,adapter,2024-214257,2024-224279,165,52,0.6741573033707865,1,False
trecrag,0,adapter,2024-214257,2024-224701,198,83,0.8620689655172413,0,False
trecrag,0,adapter,2024-214257,2024-224926,121,9,0.5185185185185185,1,False
trecrag,0,adapter,2024-214257,2024-22886,220,83,0.9325153374233128,0,False
trecrag,0,adapter,2024-214257,2024-27366,176,68,0.6666666666666666,1,False
trecrag,0,adapter,2024-214257,2024-29182,165,40,0.8860759493670886,0,False
trecrag,0,adapter,2024-214257,2024-32912,99,63,0.926829268292683,1,False
trecrag,0,adapter,2024-214257,2024-35227,198,83,0.8098159509202454,0,False
trecrag,0,adapter,2024-214257,2024-35269,110,56,0.9636363636363636,0,False
trecrag,0,adapter,2024-214257,2024-35284,143,66,0.9692307692307692,0,False
trecrag,0,adapter,2024-214257,2024-35620,187,50,0.9230769230769231,0,False
trecrag,0,adapter,2024-214257,2024-38986,176,67,0.58,1,False
trecrag,0,adapter,2024-214257,2024-41849,209,38,0.717391304347826,1,False
trecrag,0,adapter,2024-214257,2024-42497,165,52,0.7272727272727273,1,False
trecrag,0,adapter,2024-214257,2024-43037,110,52,0.8737864077669902,0,False
trecrag,0,adapter,2024-214257,2024-43983,110,20,0.6363636363636364,1,False
trecrag,0,adapter,2024-214257,2024-44060,66,40,0.9512195121951219,0,False
trecrag,0,adapter,2024-214257,2024-58819,176,25,0.7906976744186046,0,False
trecrag,0,adapter,2024-214257,2024-73340,77,40,0.8974358974358975,1,False
trecrag,0,adapter,2024-214257,2024-73918,198,28,0.6666666666666666,1,False
trecrag,0,adapter,2024-214257,2024-79081,176,44,0.8,1,False
trecrag,0,adapter,2024-214257,2024-79154,99,66,0.9846153846153847,0,False
trecrag,0,adapter,2024-214257,2024-88894,143,26,0.5217391304347826,1,False
trecrag,0,adapter,2024-214257,2024-94706,120,43,0.7901234567901234,0,False
trecrag,0,adapter,2024-214257,2024-96063,176,18,0.8333333333333334,0,False
trecrag,0,adapter,2024-214257,2024-96359,121,64,0.6981132075471698,1,False
trecrag,0,adapter,2024-214467,2024-105741,176,40,0.7164179104477612,1,False
trecrag,0,adapter,2024-214467,2024-121840,176,40,0.7435897435897436,0,False
trecrag,0,adapter,2024-214467,2024-127266,132,41,0.7472527472527473,1,False
trecrag,0,adapter,2024-214467,2024-129925,121,62,0.8275862068965517,1,False
trecrag,0,adapter,2024-214467,2024-141577,220,81,0.64,1,False
trecrag,0,adapter,2024-214467,2024-142395,143,55,0.8108108108108109,1,False
trecrag,0,adapter,2024-214467,2024-143869,220,69,0.8787878787878788,1,False
trecrag,0,adapter,2024-214467,2024-145979,165,90,0.9613259668508287,0,False
trecrag,0,adapter,2024-214467,2024-152259,132,58,0.9344262295081968,0,False
trecrag,0,adapter,2024-214467,2024-152817,176,67,0.8888888888888888,1,False
trecrag,0,adapter,2024-214467,2024-153051,154,89,0.9943502824858758,0,False
trecrag,0,adapter,2024-214467,2024-158261,187,21,0.7555555555555555,0,False
trecrag,0,adapter,2024-214467,2024-158677,198,67,0.6608695652173913,1,False
trecrag,0,adapter,2024-214467,2024-158743,198,46,0.851063829787234,0,False
trecrag,0,adapter,2024-214467,2024-18963,187,30,0.7142857142857143,1,False
trecrag,0,adapter,2024-214467,2024-19025,132,53,0.4788732394366197,1,False
trecrag,0,adapter,2024-214467,2024-213469,143,40,0.8,0,False
trecrag,0,adapter,2024-214467,2024-213789,143,50,0.676923076923077,1,False
trecrag,0,adapter,2024-214467,2024-213817,143,66,0.9302325581395349,1,False
trecrag,0,adapter,2024-214467,2024-213978,99,16,0.7741935483870968,1,False
trecrag,0,adapter,2024-214467,2024-214096,176,69,0.9076923076923077,0,False
trecrag,0,adapter,2024-214467,2024-214257,110,33,0.927536231884058,0,False
trecrag,0,adapter,2024-214467,2024-214467,77,42,0.9629629629629629,0,True
trecrag,0,adapter,2024-214467,2024-215044,165,19,0.7659574468085106,1,False
trecrag,0,adapter,2024-214467,2024-215952,110,32,0.8135593220338984,0,False
trecrag,0,adapter,2024-214467,2024-216592,220,75,0.9261744966442953,0,False
trecrag,0,adapter,2024-214467,2024-217279,132,45,0.8604651162790697,0,False
trecrag,0,adapter,2024-214467,2024-217812,140,62,0.896,0,False
trecrag,0,adapter,2024-214467,2024-219563,110,43,0.7045454545454546,1,False
trecrag,0,adapter,2024-214467,2024-219624,143,52,0.9433962264150944,0,False
trecrag,0,adapter,2024-214467,2024-224279,165,52,0.6888888888888889,1,False
trecrag,0,adapter,2024-214467,2024-224701,198,83,0.8620689655172413,0,False
trecrag,0,adapter,2024-214467,2024-224926,121,9,0.5185185185185185,1,False
trecrag,0,adapter,2024-214467,2024-22886,220,83,0.9390243902439024,0,False
trecrag,0,adapter,2024-214467,2024-27366,176,68,0.6666666666666666,1,False
trecrag,0,adapter,2024-214467,2024-29182,165,40,0.8860759493670886,0,False
trecrag,0,adapter,2024-214467,2024-32912,99,63,0.926829268292683,1,False
trecrag,0,adapter,2024-214467,2024-35227,198,83,0.8170731707317073,0,False
trecrag,0,adapter,2024-214467,2024-35269,110,56,0.9636363636363636,0,False
trecrag,0,adapter,2024-214467,2024-35284,143,66,0.9692307692307692,0,False
trecrag,0,adapter,2024-214467,2024-35620,187,50,0.9230769230769231,0,False
trecrag,0,adapter,2024-214467,2024-38986,176,67,0.58,1,False
trecrag,0,adapter,2024-214467,2024-41849,209,38,0.717391304347826,1,False
trecrag,0,adapter,2024-214467,2024-42497,165,52,0.7272727272727273,1,False
trecrag,0,adapter,2024-214467,2024-43037,110,52,0.8737864077669902,0,False
trecrag,0,adapter,2024-214467,2024-43983,110,20,0.6363636363636364,1,False
trecrag,0,adapter,2024-214467,2024-44060,66,40,0.9512195121951219,0,False
trecrag,0,adapter,2024-214467,2024-58819,176,25,0.7906976744186046,0,False
trecrag,0,adapter,2024-214467,2024-73340,77,40,0.8974358974358975,1,False
trecrag,0,adapter,2024-214467,2024-73918,198,28,0.6666666666666666,1,False
trecrag,0,adapter,2024-214467,2024-79081,176,44,0.8247422680412371,1,False
trecrag,0,adapter,2024-214467,2024-79154,99,66,0.9846153846153847,0,False
trecrag,0,adapter,2024-214467,2024-88894,143,26,0.5217391304347826,1,False
trecrag,0,adapter,2024-214467,2024-94706,120,43,0.7901234567901234,0,False
trecrag,0,adapter,2024-214467,2024-96063,176,18,0.8333333333333334,0,False
trecrag,0,adapter,2024-214467,2024-96359,121,64,0.6981132075471698,1,False
trecrag,0,adapter,2024-215044,2024-105741,176,40,0.676923076923077,1,False
trecrag,0,adapter,2024-215044,2024-121840,176,40,0.7532467532467533,0,False
trecrag,0,adapter,2024-215044,2024-127266,132,41,0.7816091954022989,1,False
trecrag,0,adapter,2024-215044,2024-129925,121,62,0.8275862068965517,1,False
trecrag,0,adapter,2024-215044,2024-141577,220,81,0.6178861788617886,1,False
trecrag,0,adapter,2024-215044,2024-142395,143,55,0.7735849056603774,1,False
trecrag,0,adapter,2024-215044,2024-143869,220,69,0.8854961832061069,1,False
trecrag,0,adapter,2024-215044,2024-145979,165,90,0.9666666666666667,0,False
trecrag,0,adapter,2024-215044,2024-152259,132,58,0.9344262295081968,0,False
trecrag,0,adapter,2024-215044,2024-152817,176,67,0.8888888888888888,1,False
trecrag,0,adapter,2024-215044,2024-153051,154,89,0.9886363636363636,0,False
trecrag,0,adapter,2024-215044,2024-158261,187,21,0.7906976744186046,0,False
trecrag,0,adapter,2024-215044,2024-158677,198,67,0.6371681415929203,1,False
trecrag,0,adapter,2024-215044,2024-158743,198,46,0.8602150537634409,0,False
trecrag,0,adapter,2024-215044,2024-18963,187,30,0.7272727272727273,1,False
trecrag,0,adapter,2024-215044,2024-19025,132,53,0.45714285714285713,1,False
trecrag,0,adapter,2024-215044,2024-213469,143,40,0.7848101265822784,0,False
trecrag,0,adapter,2024-215044,2024-213789,143,50,0.6771653543307087,1,False
trecrag,0,adapter,2024-215044,2024-213817,143,66,0.921875,1,False
trecrag,0,adapter,2024-215044,2024-213978,99,16,0.8,1,False
trecrag,0,adapter,2024-215044,2024-214096,176,69,0.9076923076923077,0,False
trecrag,0,adapter,2024-215044,2024-214257,110,33,0.927536231884058,0,False
trecrag,0,adapter,2024-215044,2024-214467,77,42,0.95,0,False
trecrag,0,adapter,2024-215044,2024-215044,165,19,0.8181818181818182,1,True
trecrag,0,adapter,2024-215044,2024-215952,110,32,0.8275862068965517,0,False
trecrag,0,adapter,2024-215044,2024-216592,220,75,0.9261744966442953,0,False
trecrag,0,adapter,2024-215044,2024-217279,132,45,0.8470588235294118,0,False
trecrag,0,adapter,2024-215044,2024-217812,140,62,0.896,0,False
trecrag,0,adapter,2024-215044,2024-219563,110,43,0.7058823529411765,1,False
trecrag,0,adapter,2024-215044,2024-219624,143,52,0.9433962264150944,0,False
trecrag,0,adapter,2024-215044,2024-224279,165,52,0.6352941176470588,1,False
trecrag,0,adapter,2024-215044,2024-224701,198,83,0.8421052631578947,0,False
trecrag,0,adapter,2024-215044,2024-224926,121,9,0.48,1,False
trecrag,0,adapter,2024-215044,2024-22886,220,83,0.9259259259259259,0,False
trecrag,0,adapter,2024-215044,2024-27366,176,68,0.6486486486486487,1,False
trecrag,0,adapter,2024-215044,2024-29182,165,40,0.868421052631579,0,False
trecrag,0,adapter,2024-215044,2024-32912,99,63,0.9421487603305785,1,False
trecrag,0,adapter,2024-215044,2024-35227,198,83,0.8098159509202454,0,False
trecrag,0,adapter,2024-215044,2024-35269,110,56,0.9541284403669725,0,False
trecrag,0,adapter,2024-215044,2024-35284,143,66,0.9692307692307692,0,False
trecrag,0,adapter,2024-215044,2024-35620,187,50,0.9320388349514563,0,False
trecrag,0,adapter,2024-215044,2024-38986,176,67,0.5858585858585859,1,False
trecrag,0,adapter,2024-215044,2024-41849,209,38,0.7333333333333333,1,False
trecrag,0,adapter,2024-215044,2024-42497,165,52,0.7457627118644068,1,False
trecrag,0,adapter,2024-215044,2024-43037,110,52,0.86,0,False
trecrag,0,adapter,2024-215044,2024-43983,110,20,0.6666666666666666,1,False
trecrag,0,adapter,2024-215044,2024-44060,66,40,0.9382716049382716,0,False
trecrag,0,adapter,2024-215044,2024-58819,176,25,0.7906976744186046,0,False
trecrag,0,adapter,2024-215044,2024-73340,77,40,0.8974358974358975,1,False
trecrag,0,adapter,2024-215044,2024-73918,198,28,0.6451612903225806,1,False
trecrag,0,adapter,2024-215044,2024-79081,176,44,0.7727272727272727,1,False
trecrag,0,adapter,2024-215044,2024-79154,99,66,0.9846153846153847,0,False
trecrag,0,adapter,2024-215044,2024-88894,143,26,0.43902439024390244,1,False
trecrag,0,adapter,2024-215044,2024-94706,120,43,0.759493670886076,0,False
trecrag,0,adapter,2024-215044,2024-96063,176,18,0.8,0,False
trecrag,0,adapter,2024-215044,2024-96359,121,64,0.6470588235294118,1,False
trecrag,0,adapter,2024-215952,2024-105741,176,40,0.7164179104477612,1,False
trecrag,0,adapter,2024-215952,2024-121840,176,40,0.7435897435897436,0,False
trecrag,0,adapter,2024-215952,2024-127266,132,41,0.7472527472527473,1,False
trecrag,0,adapter,2024-215952,2024-129925,121,62,0.8275862068965517,1,False
trecrag,0,adapter,2024-215952,2024-141577,220,81,0.64,1,False
trecrag,0,adapter,2024-215952,2024-142395,143,55,0.8108108108108109,1,False
trecrag,0,adapter,2024-215952,2024-143869,220,69,0.8787878787878788,1,False
trecrag,0,adapter,2024-215952,2024-145979,165,90,0.9613259668508287,0,False
trecrag,0,adapter,2024-215952,2024-152259,132,58,0.9344262295081968,0,False
trecrag,0,adapter,2024-215952,2024-152817,176,67,0.8888888888888888,1,False
trecrag,0,adapter,2024-215952,2024-153051,154,89,0.9943502824858758,0,False
trecrag,0,adapter,2024-215952,2024-158261,187,21,0.7727272727272727,0,False
trecrag,0,adapter,2024-215952,2024-158677,198,67,0.6608695652173913,1,False
trecrag,0,adapter,2024-215952,2024-158743,198,46,0.851063829787234,0,False
trecrag,0,adapter,2024-215952,2024-18963,187,30,0.7142857142857143,1,False
trecrag,0,adapter,2024-215952,2024-19025,132,53,0.4788732394366197,1,False
trecrag,0,adapter,2024-215952,2024-213469,143,40,0.8,0,False
trecrag,0,adapter,2024-215952,2024-213789,143,50,0.676923076923077,1,False
trecrag,0,adapter,2024-215952,2024-213817,143,66,0.9302325581395349,1,False
trecrag,0,adapter,2024-215952,2024-213978,99,16,0.8,1,False
trecrag,0,adapter,2024-215952,2024-214096,176,69,0.9076923076923077,0,False
trecrag,0,adapter,2024-215952,2024-214257,110,33,0.927536231884058,0,False
trecrag,0,adapter,2024-215952,2024-214467,77,42,0.95,0,False
trecrag,0,adapter,2024-215952,2024-215044,165,19,0.7659574468085106,1,False
trecrag,0,adapter,2024-215952,2024-215952,110,32,0.8135593220338984,0,True
trecrag,0,adapter,2024-215952,2024-216592,220,75,0.9261744966442953,0,False
trecrag,0,adapter,2024-215952,2024-217279,132,45,0.8604651162790697,0,False
trecrag,0,adapter,2024-215952,2024-217812,140,62,0.896,0,False
trecrag,0,adapter,2024-215952,2024-219563,110,43,0.7045454545454546,1,False
trecrag,0,adapter,2024-215952,2024-219624,143,52,0.9433962264150944,0,False
trecrag,0,adapter,2024-215952,2024-224279,165,52,0.6888888888888889,1,False
trecrag,0,adapter,2024-215952,2024-224701,198,83,0.8620689655172413,0,False
trecrag,0,adapter,2024-215952,2024-224926,121,9,0.5185185185185185,1,False
trecrag,0,adapter,2024-215952,2024-22886,220,83,0.9390243902439024,0,False
trecrag,0,adapter,2024-215952,2024-27366,176,68,0.6666666666666666,1,False
trecrag,0,adapter,2024-215952,2024-29182,165,40,0.8860759493670886,0,False
trecrag,0,adapter,2024-215952,2024-32912,99,63,0.926829268292683,1,False
trecrag,0,adapter,2024-215952,2024-35227,198,83,0.8170731707317073,0,False
trecrag,0,adapter,2024-215952,2024-35269,110,56,0.9636363636363636,0,False
trecrag,0,adapter,2024-215952,2024-35284,143,66,0.9692307692307692,0,False
trecrag,0,adapter,2024-215952,2024-35620,187,50,0.9230769230769231,0,False
trecrag,0,adapter,2024-215952,2024-38986,176,67,0.58,1,False
trecrag,0,adapter,2024-215952,2024-41849,209,38,0.717391304347826,1,False
trecrag,0,adapter,2024-215952,2024-42497,165,52,0.7272727272727273,1,False
trecrag,0,adapter,2024-215952,2024-43037,110,52,0.8737864077669902,0,False
trecrag,0,adapter,2024-215952,2024-43983,110,20,0.6363636363636364,1,False
trecrag,0,adapter,2024-215952,2024-44060,66,40,0.9512195121951219,0,False
trecrag,0,adapter,2024-215952,2024-58819,176,25,0.7906976744186046,0,False
trecrag,0,adapter,2024-215952,2024-73340,77,40,0.8974358974358975,1,False
trecrag,0,adapter,2024-215952,2024-73918,198,28,0.6666666666666666,1,False
trecrag,0,adapter,2024-215952,2024-79081,176,44,0.8247422680412371,1,False
trecrag,0,adapter,2024-215952,2024-79154,99,66,0.9846153846153847,0,False
trecrag,0,adapter,2024-215952,2024-88894,143,26,0.5217391304347826,1,False
trecrag,0,adapter,2024-215952,2024-94706,120,43,0.7901234567901234,0,False
trecrag,0,adapter,2024-215952,2024-96063,176,18,0.8333333333333334,0,False
trecrag,0,adapter,2024-215952,2024-96359,121,64,0.6981132075471698,1,False
trecrag,0,adapter,2024-216592,2024-105741,176,40,0.696969696969697,1,False
trecrag,0,adapter,2024-216592,2024-121840,176,40,0.7435897435897436,0,False
trecrag,0,adapter,2024-216592,2024-127266,132,41,0.7472527472527473,1,False
trecrag,0,adapter,2024-216592,2024-129925,121,62,0.8275862068965517,1,False
trecrag,0,adapter,2024-216592,2024-141577,220,81,0.64,1,False
trecrag,0,adapter,2024-216592,2024-142395,143,55,0.8108108108108109,1,False
trecrag,0,adapter,2024-216592,2024-143869,220,69,0.8787878787878788,1,False
trecrag,0,adapter,2024-216592,2024-145979,165,90,0.9613259668508287,0,False
trecrag,0,adapter,2024-216592,2024-152259,132,58,0.9344262295081968,0,False
trecrag,0,adapter,2024-216592,2024-152817,176,67,0.8888888888888888,1,False
trecrag,0,adapter,2024-216592,2024-153051,154,89,0.9943502824858758,0,False
trecrag,0,adapter,2024-216592,2024-158261,187,21,0.7727272727272727,0,False
trecrag,0,adapter,2024-216592,2024-158677,198,67,0.6608695652173913,1,False
trecrag,0,adapter,2024-216592,2024-158743,198,46,0.851063829787234,0,False
trecrag,0,adapter,2024-216592,2024-18963,187,30,0.7142857142857143,1,False
trecrag,0,adapter,2024-216592,2024-19025,132,53,0.4788732394366197,1,False
trecrag,0,adapter,2024-216592,2024-213469,143,40,0.8,0,False
trecrag,0,adapter,2024-216592,2024-213789,143,50,0.676923076923077,1,False
trecrag,0,adapter,2024-216592,2024-213817,143,66,0.9302325581395349,1,False
trecrag,0,adapter,2024-216592,2024-213978,99,16,0.7741935483870968,1,False
trecrag,0,adapter,2024-216592,2024-214096,176,69,0.9076923076923077,0,False
trecrag,0,adapter,2024-216592,2024-214257,110,33,0.927536231884058,0,False
trecrag,0,adapter,2024-216592,2024-214467,77,42,0.95,0,False
trecrag,0,adapter,2024-216592,2024-215044,165,19,0.7659574468085106,1,False
trecrag,0,adapter,2024-216592,2024-215952,110,32,0.8135593220338984,0,False
trecrag,0,adapter,2024-216592,2024-216592,220,75,0.9261744966442953,0,True
trecrag,0,adapter,2024-216592,2024-217279,132,45,0.8604651162790697,0,False
trecrag,0,adapter,2024-216592,2024-217812,140,62,0.896,0,False
trecrag,0,adapter,2024-216592,2024-219563,110,43,0.7045454545454546,1,False
trecrag,0,adapter,2024-216592,2024-219624,143,52,0.9433962264150944,0,False
trecrag,0,adapter,2024-216592,2024-224279,165,52,0.6888888888888889,1,False
trecrag,0,adapter,2024-216592,2024-224701,198,83,0.8620689655172413,0,False
trecrag,0,adapter,2024-216592,2024-224926,121,9,0.5185185185185185,1,False
trecrag,0,adapter,2024-216592,2024-22886,220,83,0.9390243902439024,0,False
trecrag,0,adapter,2024-216592,2024-27366,176,68,0.6666666666666666,1,False
trecrag,0,adapter,2024-216592,2024-29182,165,40,0.8860759493670886,0,False
trecrag,0,adapter,2024-216592,2024-32912,99,63,0.926829268292683,1,False
trecrag,0,adapter,2024-216592,2024-35227,198,83,0.8170731707317073,0,False
trecrag,0,adapter,2024-216592,2024-35269,110,56,0.9636363636363636,0,False
trecrag,0,adapter,2024-216592,2024-35284,143,66,0.9692307692307692,0,False
trecrag,0,adapter,2024-216592,2024-35620,187,50,0.9230769230769231,0,False
trecrag,0,adapter,2024-216592,2024-38986,176,67,0.58,1,False
trecrag,0,adapter,2024-216592,2024-41849,209,38,0.717391304347826,1,False
trecrag,0,adapter,2024-216592,2024-42497,165,52,0.7272727272727273,1,False
trecrag,0,adapter,2024-216592,2024-43037,110,52,0.8737864077669902,0,False
trecrag,0,adapter,2024-216592,2024-43983,110,20,0.6363636363636364,1,False
trecrag,0,adapter,2024-216592,2024-44060,66,40,0.9512195121951219,0,False
trecrag,0,adapter,2024-216592,2024-58819,176,25,0.7906976744186046,0,False
trecrag,0,adapter,2024-216592,2024-73340,77,40,0.8974358974358975,1,False
trecrag,0,adapter,2024-216592,2024-73918,198,28,0.6666666666666666,1,False
trecrag,0,adapter,2024-216592,2024-79081,176,44,0.8247422680412371,1,False
trecrag,0,adapter,2024-216592,2024-79154,99,66,0.9846153846153847,0,False
trecrag,0,adapter,2024-216592,2024-88894,143,26,0.5217391304347826,1,False
trecrag,0,adapter,2024-216592,2024-94706,120,43,0.7901234567901234,0,False
trecrag,0,adapter,2024-216592,2024-96063,176,18,0.8333333333333334,0,False
trecrag,0,adapter,2024-216592,2024-96359,121,64,0.6981132075471698,1,False
trecrag,0,adapter,2024-217279,2024-105741,176,40,0.7058823529411765,1,False
trecrag,0,adapter,2024-217279,2024-121840,176,40,0.7341772151898734,0,False
trecrag,0,adapter,2024-217279,2024-127266,132,41,0.7391304347826086,1,False
trecrag,0,adapter,2024-217279,2024-129925,121,62,0.8275862068965517,1,False
trecrag,0,adapter,2024-217279,2024-141577,220,81,0.64,1,False
trecrag,0,adapter,2024-217279,2024-142395,143,55,0.8035714285714286,1,False
trecrag,0,adapter,2024-217279,2024-143869,220,69,0.8805970149253731,1,False
trecrag,0,adapter,2024-217279,2024-145979,165,90,0.9613259668508287,0,False
trecrag,0,adapter,2024-217279,2024-152259,132,58,0.9344262295081968,0,False
trecrag,0,adapter,2024-217279,2024-152817,176,67,0.8888888888888888,1,False
trecrag,0,adapter,2024-217279,2024-153051,154,89,0.9943502824858758,0,False
trecrag,0,adapter,2024-217279,2024-158261,187,21,0.7555555555555555,0,False
trecrag,0,adapter,2024-217279,2024-158677,198,67,0.6608695652173913,1,False
trecrag,0,adapter,2024-217279,2024-158743,198,46,0.8631578947368421,0,False
trecrag,0,adapter,2024-217279,2024-18963,187,30,0.7142857142857143,1,False
trecrag,0,adapter,2024-217279,2024-19025,132,53,0.4788732394366197,1,False
trecrag,0,adapter,2024-217279,2024-213469,143,40,0.7804878048780488,0,False
trecrag,0,adapter,2024-217279,2024-213789,143,50,0.6766917293233082,1,False
trecrag,0,adapter,2024-217279,2024-213817,143,66,0.9302325581395349,1,False
trecrag,0,adapter,2024-217279,2024-213978,99,16,0.7741935483870968,1,False
trecrag,0,adapter,2024-217279,2024-214096,176,69,0.9076923076923077,0,False
trecrag,0,adapter,2024-217279,2024-214257,110,33,0.927536231884058,0,False
trecrag,0,adapter,2024-217279,2024-214467,77,42,0.9629629629629629,0,False
trecrag,0,adapter,2024-217279,2024-215044,165,19,0.7659574468085106,1,False
trecrag,0,adapter,2024-217279,2024-215952,110,32,0.8135593220338984,0,False
trecrag,0,adapter,2024-217279,2024-216592,220,75,0.9261744966442953,0,False
trecrag,0,adapter,2024-217279,2024-217279,132,45,0.8604651162790697,0,True
trecrag,0,adapter,2024-217279,2024-217812,140,62,0.9047619047619048,0,False
trecrag,0,adapter,2024-217279,2024-219563,110,43,0.6888888888888889,1,False
trecrag,0,adapter,2024-217279,2024-219624,143,52,0.9433962264150944,0,False
trecrag,0,adapter,2024-217279,2024-224279,165,52,0.6888888888888889,1,False
trecrag,0,adapter,2024-217279,2024-224701,198,83,0.8620689655172413,0,False
trecrag,0,adapter,2024-217279,2024-224926,121,9,0.4827586206896552,1,False
trecrag,0,adapter,2024-217279,2024-22886,220,83,0.9390243902439024,0,False
trecrag,0,adapter,2024-217279,2024-27366,176,68,0.6666666666666666,1,False
trecrag,0,adapter,2024-217279,2024-29182,165,40,0.8860759493670886,0,False
trecrag,0,adapter,2024-217279,2024-32912,99,63,0.9354838709677419,1,False
trecrag,0,adapter,2024-217279,2024-35227,198,83,0.8170731707317073,0,False
trecrag,0,adapter,2024-217279,2024-35269,110,56,0.9636363636363636,0,False
trecrag,0,adapter,2024-217279,2024-35284,143,66,0.9692307692307692,0,False
trecrag,0,adapter,2024-217279,2024-35620,187,50,0.9142857142857143,0,False
trecrag,0,adapter,2024-217279,2024-38986,176,67,0.594059405940594,1,False
trecrag,0,adapter,2024-217279,2024-41849,209,38,0.717391304347826,1,False
trecrag,0,adapter,2024-217279,2024-42497,165,52,0.7272727272727273,1,False
trecrag,0,adapter,2024-217279,2024-43037,110,52,0.8737864077669902,0,False
trecrag,0,adapter,2024-217279,2024-43983,110,20,0.6222222222222222,1,False
trecrag,0,adapter,2024-217279,2024-44060,66,40,0.9512195121951219,0,False
trecrag,0,adapter,2024-217279,2024-58819,176,25,0.8181818181818182,0,False
trecrag,0,adapter,2024-217279,2024-73340,77,40,0.8974358974358975,1,False
trecrag,0,adapter,2024-217279,2024-73918,198,28,0.6666666666666666,1,False
trecrag,0,adapter,2024-217279,2024-79081,176,44,0.8163265306122449,1,False
trecrag,0,adapter,2024-217279,2024-79154,99,66,0.9846153846153847,0,False
trecrag,0,adapter,2024-217279,2024-88894,143,26,0.5217391304347826,1,False
trecrag,0,adapter,2024-217279,2024-94706,120,43,0.8048780487804879,0,False
trecrag,0,adapter,2024-217279,2024-96063,176,18,0.8108108108108109,0,False
trecrag,0,adapter,2024-217279,2024-96359,121,64,0.6915887850467289,1,False
trecrag,0,adapter,2024-217812,2024-105741,176,40,0.7164179104477612,1,False
trecrag,0,adapter,2024-217812,2024-121840,176,40,0.7341772151898734,0,False
trecrag,0,adapter,2024-217812,2024-127266,132,41,0.7391304347826086,1,False
trecrag,0,adapter,2024-217812,2024-129925,121,62,0.8275862068965517,1,False
trecrag,0,adapter,2024-217812,2024-141577,220,81,0.64,1,False
trecrag,0,adapter,2024-217812,2024-142395,143,55,0.8108108108108109,1,False
trecrag,0,adapter,2024-217812,2024-143869,220,69,0.8805970149253731,1,False
trecrag,0,adapter,2024-217812,2024-145979,165,90,0.9613259668508287,0,False
trecrag,0,adapter,2024-217812,2024-152259,132,58,0.9344262295081968,0,False
trecrag,0,adapter,2024-217812,2024-152817,176,67,0.8888888888888888,1,False
trecrag,0,adapter,2024-217812,2024-153051,154,89,0.9943502824858758,0,False
trecrag,0,adapter,2024-217812,2024-158261,187,21,0.7555555555555555,0,False
trecrag,0,adapter,2024-217812,2024-158677,198,67,0.6608695652173913,1,False
trecrag,0,adapter,2024-217812,2024-158743,198,46,0.851063829787234,0,False
trecrag,0,adapter,2024-217812,2024-18963,187,30,0.7142857142857143,1,False
trecrag,0,adapter,2024-217812,2024-19025,132,53,0.4788732394366197,1,False
trecrag,0,adapter,2024-217812,2024-213469,143,40,0.8,0,False
trecrag,0,adapter,2024-217812,2024-213789,143,50,0.6717557251908397,1,False
trecrag,0,adapter,2024-217812,2024-213817,143,66,0.9302325581395349,1,False
trecrag,0,adapter,2024-217812,2024-213978,99,16,0.7741935483870968,1,False
trecrag,0,adapter,2024-217812,2024-214096,176,69,0.9076923076923077,0,False
trecrag,0,adapter,2024-217812,2024-214257,110,33,0.927536231884058,0,False
trecrag,0,adapter,2024-217812,2024-214467,77,42,0.9629629629629629,0,False
trecrag,0,adapter,2024-217812,2024-215044,165,19,0.7659574468085106,1,False
trecrag,0,adapter,2024-217812,2024-215952,110,32,0.8135593220338984,0,False
trecrag,0,adapter,2024-217812,2024-216592,220,75,0.9261744966442953,0,False
trecrag,0,adapter,2024-217812,2024-217279,132,45,0.8604651162790697,0,False
trecrag,0,adapter,2024-217812,2024-217812,140,62,0.9047619047619048,0,True
trecrag,0,adapter,2024-217812,2024-219563,110,43,0.6888888888888889,1,False
trecrag,0,adapter,2024-217812,2024-219624,143,52,0.9433962264150944,0,False
trecrag,0,adapter,2024-217812,2024-224279,165,52,0.6888888888888889,1,False
trecrag,0,adapter,2024-217812,2024-224701,198,83,0.8620689655172413,0,False
trecrag,0,adapter,2024-217812,2024-224926,121,9,0.4827586206896552,1,False
trecrag,0,adapter,2024-217812,2024-22886,220,83,0.9390243902439024,0,False
trecrag,0,adapter,2024-217812,2024-27366,176,68,0.6666666666666666,1,False
trecrag,0,adapter,2024-217812,2024-29182,165,40,0.8860759493670886,0,False
trecrag,0,adapter,2024-217812,2024-32912,99,63,0.9354838709677419,1,False
trecrag,0,adapter,2024-217812,2024-35227,198,83,0.8170731707317073,0,False
trecrag,0,adapter,2024-217812,2024-35269,110,56,0.9636363636363636,0,False
trecrag,0,adapter,2024-217812,2024-35284,143,66,0.9692307692307692,0,False
trecrag,0,adapter,2024-217812,2024-35620,187,50,0.9230769230769231,0,False
trecrag,0,adapter,2024-217812,2024-38986,176,67,0.594059405940594,1,False
trecrag,0,adapter,2024-217812,2024-41849,209,38,0.717391304347826,1,False
trecrag,0,adapter,2024-217812,2024-42497,165,52,0.7272727272727273,1,False
trecrag,0,adapter,2024-217812,2024-43037,110,52,0.8737864077669902,0,False
trecrag,0,adapter,2024-217812,2024-43983,110,20,0.6363636363636364,1,False
trecrag,0,adapter,2024-217812,2024-44060,66,40,0.9512195121951219,0,False
trecrag,0,adapter,2024-217812,2024-58819,176,25,0.7906976744186046,0,False
trecrag,0,adapter,2024-217812,2024-73340,77,40,0.8974358974358975,1,False
trecrag,0,adapter,2024-217812,2024-73918,198,28,0.6666666666666666,1,False
trecrag,0,adapter,2024-217812,2024-79081,176,44,0.8247422680412371,1,False
trecrag,0,adapter,2024-217812,2024-79154,99,66,0.9846153846153847,0,False
trecrag,0,adapter,2024-217812,2024-88894,143,26,0.5217391304347826,1,False
trecrag,0,adapter,2024-217812,2024-94706,120,43,0.7901234567901234,0,False
trecrag,0,adapter,2024-217812,2024-96063,176,18,0.8108108108108109,0,False
trecrag,0,adapter,2024-217812,2024-96359,121,64,0.6915887850467289,1,False
trecrag,0,adapter,2024-219563,2024-105741,176,40,0.696969696969697,1,False
trecrag,0,adapter,2024-219563,2024-121840,176,40,0.7435897435897436,0,False
trecrag,0,adapter,2024-219563,2024-127266,132,41,0.7472527472527473,1,False
trecrag,0,adapter,2024-219563,2024-129925,121,62,0.8275862068965517,1,False
trecrag,0,adapter,2024-219563,2024-141577,220,81,0.64,1,False
trecrag,0,adapter,2024-219563,2024-142395,143,55,0.8108108108108109,1,False
trecrag,0,adapter,2024-219563,2024-143869,220,69,0.8787878787878788,1,False
trecrag,0,adapter,2024-219563,2024-145979,165,90,0.9613259668508287,0,False
trecrag,0,adapter,2024-219563,2024-152259,132,58,0.9344262295081968,0,False
trecrag,0,adapter,2024-219563,2024-152817,176,67,0.8888888888888888,1,False
trecrag,0,adapter,2024-219563,2024-153051,154,89,0.9943502824858758,0,False
trecrag,0,adapter,2024-219563,2024-158261,187,21,0.7727272727272727,0,False
trecrag,0,adapter,2024-219563,2024-158677,198,67,0.6608695652173913,1,False
trecrag,0,adapter,2024-219563,2024-158743,198,46,0.851063829787234,0,False
trecrag,0,adapter,2024-219563,2024-18963,187,30,0.7142857142857143,1,False
trecrag,0,adapter,2024-219563,2024-19025,132,53,0.4788732394366197,1,False
trecrag,0,adapter,2024-219563,2024-213469,143,40,0.8,0,False
trecrag,0,adapter,2024-219563,2024-213789,143,50,0.676923076923077,1,False
trecrag,0,adapter,2024-219563,2024-213817,143,66,0.9302325581395349,1,False
trecrag,0,adapter,2024-219563,2024-213978,99,16,0.8,1,False
trecrag,0,adapter,2024-219563,2024-214096,176,69,0.9076923076923077,0,False
trecrag,0,adapter,2024-219563,2024-214257,110,33,0.927536231884058,0,False
trecrag,0,adapter,2024-219563,2024-214467,77,42,0.95,0,False
trecrag,0,adapter,2024-219563,2024-215044,165,19,0.7659574468085106,1,False
trecrag,0,adapter,2024-219563,2024-215952,110,32,0.8135593220338984,0,False
trecrag,0,adapter,2024-219563,2024-216592,220,75,0.9261744966442953,0,False
trecrag,0,adapter,2024-219563,2024-217279,132,45,0.8604651162790697,0,False
trecrag,0,adapter,2024-219563,2024-217812,140,62,0.896,0,False
trecrag,0,adapter,2024-219563,2024-219563,110,43,0.6896551724137931,1,True
trecrag,0,adapter,2024-219563,2024-219624,143,52,0.9433962264150944,0,False
trecrag,0,adapter,2024-219563,2024-224279,165,52,0.6888888888888889,1,False
trecrag,0,adapter,2024-219563,2024-224701,198,83,0.8620689655172413,0,False
trecrag,0,adapter,2024-219563,2024-224926,121,9,0.5185185185185185,1,False
trecrag,0,adapter,2024-219563,2024-22886,220,83,0.9325153374233128,0,False
trecrag,0,adapter,2024-219563,2024-27366,176,68,0.6666666666666666,1,False
trecrag,0,adapter,2024-219563,2024-29182,165,40,0.8860759493670886,0,False
trecrag,0,adapter,2024-219563,2024-32912,99,63,0.926829268292683,1,False
trecrag,0,adapter,2024-219563,2024-35227,198,83,0.8170731707317073,0,False
trecrag,0,adapter,2024-219563,2024-35269,110,56,0.9636363636363636,0,False
trecrag,0,adapter,2024-219563,2024-35284,143,66,0.9692307692307692,0,False
trecrag,0,adapter,2024-219563,2024-35620,187,50,0.9230769230769231,0,False
trecrag,0,adapter,2024-219563,2024-38986,176,67,0.58,1,False
trecrag,0,adapter,2024-219563,2024-41849,209,38,0.717391304347826,1,False
trecrag,0,adapter,2024-219563,2024-42497,165,52,0.7272727272727273,1,False
trecrag,0,adapter,2024-219563,2024-43037,110,52,0.8737864077669902,0,False
trecrag,0,adapter,2024-219563,2024-43983,110,20,0.6363636363636364,1,False
trecrag,0,adapter,2024-219563,2024-44060,66,40,0.9512195121951219,0,False
trecrag,0,adapter,2024-219563,2024-58819,176,25,0.7906976744186046,0,False
trecrag,0,adapter,2024-219563,2024-73340,77,40,0.8974358974358975,1,False
trecrag,0,adapter,2024-219563,2024-73918,198,28,0.6666666666666666,1,False
trecrag,0,adapter,2024-219563,2024-79081,176,44,0.8247422680412371,1,False
trecrag,0,adapter,2024-219563,2024-79154,99,66,0.9846153846153847,0,False
trecrag,0,adapter,2024-219563,2024-88894,143,26,0.5217391304347826,1,False
trecrag,0,adapter,2024-219563,2024-94706,120,43,0.7901234567901234,0,False
trecrag,0,adapter,2024-219563,2024-96063,176,18,0.8333333333333334,0,False
trecrag,0,adapter,2024-219563,2024-96359,121,64,0.6981132075471698,1,False
trecrag,0,adapter,2024-219624,2024-105741,176,40,0.676923076923077,1,False
trecrag,0,adapter,2024-219624,2024-121840,176,40,0.7435897435897436,0,False
trecrag,0,adapter,2024-219624,2024-127266,132,41,0.7472527472527473,1,False
trecrag,0,adapter,2024-219624,2024-129925,121,62,0.8275862068965517,1,False
trecrag,0,adapter,2024-219624,2024-141577,220,81,0.64,1,False
trecrag,0,adapter,2024-219624,2024-142395,143,55,0.8108108108108109,1,False
trecrag,0,adapter,2024-219624,2024-143869,220,69,0.8787878787878788,1,False
trecrag,0,adapter,2024-219624,2024-145979,165,90,0.9613259668508287,0,False
trecrag,0,adapter,2024-219624,2024-152259,132,58,0.9344262295081968,0,False
trecrag,0,adapter,2024-219624,2024-152817,176,67,0.8888888888888888,1,False
trecrag,0,adapter,2024-219624,2024-153051,154,89,0.9943502824858758,0,False
trecrag,0,adapter,2024-219624,2024-158261,187,21,0.7727272727272727,0,False
trecrag,0,adapter,2024-219624,2024-158677,198,67,0.6608695652173913,1,False
trecrag,0,adapter,2024-219624,2024-158743,198,46,0.851063829787234,0,False
trecrag,0,adapter,2024-219624,2024-18963,187,30,0.7142857142857143,1,False
trecrag,0,adapter,2024-219624,2024-19025,132,53,0.4788732394366197,1,False
trecrag,0,adapter,2024-219624,2024-213469,143,40,0.8,0,False
trecrag,0,adapter,2024-219624,2024-213789,143,50,0.6821705426356589,1,False
trecrag,0,adapter,2024-219624,2024-213817,143,66,0.9302325581395349,1,False
trecrag,0,adapter,2024-219624,2024-213978,99,16,0.8,1,False
trecrag,0,adapter,2024-219624,2024-214096,176,69,0.9076923076923077,0,False
trecrag,0,adapter,2024-219624,2024-214257,110,33,0.927536231884058,0,False
trecrag,0,adapter,2024-219624,2024-214467,77,42,0.95,0,False
trecrag,0,adapter,2024-219624,2024-215044,165,19,0.782608695652174,1,False
trecrag,0,adapter,2024-219624,2024-215952,110,32,0.8135593220338984,0,False
trecrag,0,adapter,2024-219624,2024-216592,220,75,0.9261744966442953,0,False
trecrag,0,adapter,2024-219624,2024-217279,132,45,0.8604651162790697,0,False
trecrag,0,adapter,2024-219624,2024-217812,140,62,0.896,0,False
trecrag,0,adapter,2024-219624,2024-219563,110,43,0.7045454545454546,1,False
trecrag,0,adapter,2024-219624,2024-219624,143,52,0.9433962264150944,0,True
trecrag,0,adapter,2024-219624,2024-224279,165,52,0.6741573033707865,1,False
trecrag,0,adapter,2024-219624,2024-224701,198,83,0.8620689655172413,0,False
trecrag,0,adapter,2024-219624,2024-224926,121,9,0.5185185185185185,1,False
trecrag,0,adapter,2024-219624,2024-22886,220,83,0.9325153374233128,0,False
trecrag,0,adapter,2024-219624,2024-27366,176,68,0.6666666666666666,1,False
trecrag,0,adapter,2024-219624,2024-29182,165,40,0.8860759493670886,0,False
trecrag,0,adapter,2024-219624,2024-32912,99,63,0.926829268292683,1,False
trecrag,0,adapter,2024-219624,2024-35227,198,83,0.8098159509202454,0,False
trecrag,0,adapter,2024-219624,2024-35269,110,56,0.9636363636363636,0,False
trecrag,0,adapter,2024-219624,2024-35284,143,66,0.9692307692307692,0,False
trecrag,0,adapter,2024-219624,2024-35620,187,50,0.9230769230769231,0,False
trecrag,0,adapter,2024-219624,2024-38986,176,67,0.58,1,False
trecrag,0,adapter,2024-219624,2024-41849,209,38,0.717391304347826,1,False
trecrag,0,adapter,2024-219624,2024-42497,165,52,0.7272727272727273,1,False
trecrag,0,adapter,2024-219624,2024-43037,110,52,0.8737864077669902,0,False
trecrag,0,adapter,2024-219624,2024-43983,110,20,0.6363636363636364,1,False
trecrag,0,adapter,2024-219624,2024-44060,66,40,0.9512195121951219,0,False
trecrag,0,adapter,2024-219624,2024-58819,176,25,0.7906976744186046,0,False
trecrag,0,adapter,2024-219624,2024-73340,77,40,0.8974358974358975,1,False
trecrag,0,adapter,2024-219624,2024-73918,198,28,0.6666666666666666,1,False
trecrag,0,adapter,2024-219624,2024-79081,176,44,0.8,1,False
trecrag,0,adapter,2024-219624,2024-79154,99,66,0.9846153846153847,0,False
trecrag,0,adapter,2024-219624,2024-88894,143,26,0.5217391304347826,1,False
trecrag,0,adapter,2024-219624,2024-94706,120,43,0.7901234567901234,0,False
trecrag,0,adapter,2024-219624,2024-96063,176,18,0.8333333333333334,0,False
trecrag,0,adapter,2024-219624,2024-96359,121,64,0.6981132075471698,1,False
trecrag,0,adapter,2024-224279,2024-105741,176,40,0.7164179104477612,1,False
trecrag,0,adapter,2024-224279,2024-121840,176,40,0.7341772151898734,0,False
trecrag,0,adapter,2024-224279,2024-127266,132,41,0.7391304347826086,1,False
trecrag,0,adapter,2024-224279,2024-129925,121,62,0.8275862068965517,1,False
trecrag,0,adapter,2024-224279,2024-141577,220,81,0.64,1,False
trecrag,0,adapter,2024-224279,2024-142395,143,55,0.8035714285714286,1,False
trecrag,0,adapter,2024-224279,2024-143869,220,69,0.8721804511278195,1,False
trecrag,0,adapter,2024-224279,2024-145979,165,90,0.9613259668508287,0,False
trecrag,0,adapter,2024-224279,2024-152259,132,58,0.9344262295081968,0,False
trecrag,0,adapter,2024-224279,2024-152817,176,67,0.8888888888888888,1,False
trecrag,0,adapter,2024-224279,2024-153051,154,89,0.9943502824858758,0,False
trecrag,0,adapter,2024-224279,2024-158261,187,21,0.7555555555555555,0,False
trecrag,0,adapter,2024-224279,2024-158677,198,67,0.6608695652173913,1,False
trecrag,0,adapter,2024-224279,2024-158743,198,46,0.851063829787234,0,False
trecrag,0,adapter,2024-224279,2024-18963,187,30,0.7142857142857143,1,False
trecrag,0,adapter,2024-224279,2024-19025,132,53,0.4788732394366197,1,False
trecrag,0,adapter,2024-224279,2024-213469,143,40,0.7901234567901234,0,False
trecrag,0,adapter,2024-224279,2024-213789,143,50,0.676923076923077,1,False
trecrag,0,adapter,2024-224279,2024-213817,143,66,0.9302325581395349,1,False
trecrag,0,adapter,2024-224279,2024-213978,99,16,0.7741935483870968,1,False
trecrag,0,adapter,2024-224279,2024-214096,176,69,0.9076923076923077,0,False
trecrag,0,adapter,2024-224279,2024-214257,110,33,0.927536231884058,0,False
trecrag,0,adapter,2024-224279,2024-214467,77,42,0.9629629629629629,0,False
trecrag,0,adapter,2024-224279,2024-215044,165,19,0.7659574468085106,1,False
trecrag,0,adapter,2024-224279,2024-215952,110,32,0.8135593220338984,0,False
trecrag,0,adapter,2024-224279,2024-216592,220,75,0.9261744966442953,0,False
trecrag,0,adapter,2024-224279,2024-217279,132,45,0.8604651162790697,0,False
trecrag,0,adapter,2024-224279,2024-217812,140,62,0.896,0,False
trecrag,0,adapter,2024-224279,2024-219563,110,43,0.6888888888888889,1,False
trecrag,0,adapter,2024-224279,2024-219624,143,52,0.9433962264150944,0,False
trecrag,0,adapter,2024-224279,2024-224279,165,52,0.6888888888888889,1,True
trecrag,0,adapter,2024-224279,2024-224701,198,83,0.8620689655172413,0,False
trecrag,0,adapter,2024-224279,2024-224926,121,9,0.4827586206896552,1,False
trecrag,0,adapter,2024-224279,2024-22886,220,83,0.9390243902439024,0,False
trecrag,0,adapter,2024-224279,2024-27366,176,68,0.6666666666666666,1,False
trecrag,0,adapter,2024-224279,2024-29182,165,40,0.8860759493670886,0,False
trecrag,0,adapter,2024-224279,2024-32912,99,63,0.926829268292683,1,False
trecrag,0,adapter,2024-224279,2024-35227,198,83,0.8170731707317073,0,False
trecrag,0,adapter,2024-224279,2024-35269,110,56,0.9636363636363636,0,False
trecrag,0,adapter,2024-224279,2024-35284,143,66,0.9692307692307692,0,False
trecrag,0,adapter,2024-224279,2024-35620,187,50,0.9230769230769231,0,False
trecrag,0,adapter,2024-224279,2024-38986,176,67,0.594059405940594,1,False
trecrag,0,adapter,2024-224279,2024-41849,209,38,0.717391304347826,1,False
trecrag,0,adapter,2024-224279,2024-42497,165,52,0.7272727272727273,1,False
trecrag,0,adapter,2024-224279,2024-43037,110,52,0.8737864077669902,0,False
trecrag,0,adapter,2024-224279,2024-43983,110,20,0.6363636363636364,1,False
trecrag,0,adapter,2024-224279,2024-44060,66,40,0.9512195121951219,0,False
trecrag,0,adapter,2024-224279,2024-58819,176,25,0.7906976744186046,0,False
trecrag,0,adapter,2024-224279,2024-73340,77,40,0.8974358974358975,1,False
trecrag,0,adapter,2024-224279,2024-73918,198,28,0.6666666666666666,1,False
trecrag,0,adapter,2024-224279,2024-79081,176,44,0.8247422680412371,1,False
trecrag,0,adapter,2024-224279,2024-79154,99,66,0.9846153846153847,0,False
trecrag,0,adapter,2024-224279,2024-88894,143,26,0.5217391304347826,1,False
trecrag,0,adapter,2024-224279,2024-94706,120,43,0.7901234567901234,0,False
trecrag,0,adapter,2024-224279,2024-96063,176,18,0.8108108108108109,0,False
trecrag,0,adapter,2024-224279,2024-96359,121,64,0.6915887850467289,1,False
trecrag,0,adapter,2024-224701,2024-105741,176,40,0.676923076923077,1,False
trecrag,0,adapter,2024-224701,2024-121840,176,40,0.7435897435897436,0,False
trecrag,0,adapter,2024-224701,2024-127266,132,41,0.7640449438202247,1,False
trecrag,0,adapter,2024-224701,2024-129925,121,62,0.8275862068965517,1,False
trecrag,0,adapter,2024-224701,2024-141577,220,81,0.64,1,False
trecrag,0,adapter,2024-224701,2024-142395,143,55,0.7889908256880734,1,False
trecrag,0,adapter,2024-224701,2024-143869,220,69,0.8787878787878788,1,False
trecrag,0,adapter,2024-224701,2024-145979,165,90,0.9613259668508287,0,False
trecrag,0,adapter,2024-224701,2024-152259,132,58,0.9344262295081968,0,False
trecrag,0,adapter,2024-224701,2024-152817,176,67,0.8888888888888888,1,False
trecrag,0,adapter,2024-224701,2024-153051,154,89,0.9943502824858758,0,False
trecrag,0,adapter,2024-224701,2024-158261,187,21,0.7727272727272727,0,False
trecrag,0,adapter,2024-224701,2024-158677,198,67,0.6608695652173913,1,False
trecrag,0,adapter,2024-224701,2024-158743,198,46,0.851063829787234,0,False
trecrag,0,adapter,2024-224701,2024-18963,187,30,0.7142857142857143,1,False
trecrag,0,adapter,2024-224701,2024-19025,132,53,0.4788732394366197,1,False
trecrag,0,adapter,2024-224701,2024-213469,143,40,0.8,0,False
trecrag,0,adapter,2024-224701,2024-213789,143,50,0.6875,1,False
trecrag,0,adapter,2024-224701,2024-213817,143,66,0.9302325581395349,1,False
trecrag,0,adapter,2024-224701,2024-213978,99,16,0.8,1,False
trecrag,0,adapter,2024-224701,2024-214096,176,69,0.9076923076923077,0,False
trecrag,0,adapter,2024-224701,2024-214257,110,33,0.927536231884058,0,False
trecrag,0,adapter,2024-224701,2024-214467,77,42,0.95,0,False
trecrag,0,adapter,2024-224701,2024-215044,165,19,0.782608695652174,1,False
trecrag,0,adapter,2024-224701,2024-215952,110,32,0.8135593220338984,0,False
trecrag,0,adapter,2024-224701,2024-216592,220,75,0.9261744966442953,0,False
trecrag,0,adapter,2024-224701,2024-217279,132,45,0.8470588235294118,0,False
trecrag,0,adapter,2024-224701,2024-217812,140,62,0.896,0,False
trecrag,0,adapter,2024-224701,2024-219563,110,43,0.7045454545454546,1,False
trecrag,0,adapter,2024-224701,2024-219624,143,52,0.9433962264150944,0,False
trecrag,0,adapter,2024-224701,2024-224279,165,52,0.6741573033707865,1,False
trecrag,0,adapter,2024-224701,2024-224701,198,83,0.8554913294797688,0,True
trecrag,0,adapter,2024-224701,2024-224926,121,9,0.5185185185185185,1,False
trecrag,0,adapter,2024-224701,2024-22886,220,83,0.9325153374233128,0,False
trecrag,0,adapter,2024-224701,2024-27366,176,68,0.6607142857142857,1,False
trecrag,0,adapter,2024-224701,2024-29182,165,40,0.8860759493670886,0,False
trecrag,0,adapter,2024-224701,2024-32912,99,63,0.926829268292683,1,False
trecrag,0,adapter,2024-224701,2024-35227,198,83,0.8098159509202454,0,False
trecrag,0,adapter,2024-224701,2024-35269,110,56,0.9636363636363636,0,False
trecrag,0,adapter,2024-224701,2024-35284,143,66,0.9692307692307692,0,False
trecrag,0,adapter,2024-224701,2024-35620,187,50,0.9320388349514563,0,False
trecrag,0,adapter,2024-224701,2024-38986,176,67,0.58,1,False
trecrag,0,adapter,2024-224701,2024-41849,209,38,0.717391304347826,1,False
trecrag,0,adapter,2024-224701,2024-42497,165,52,0.7272727272727273,1,False
trecrag,0,adapter,2024-224701,2024-43037,110,52,0.8737864077669902,0,False
trecrag,0,adapter,2024-224701,2024-43983,110,20,0.6666666666666666,1,False
trecrag,0,adapter,2024-224701,2024-44060,66,40,0.9512195121951219,0,False
trecrag,0,adapter,2024-224701,2024-58819,176,25,0.7906976744186046,0,False
trecrag,0,adapter,2024-224701,2024-73340,77,40,0.8974358974358975,1,False
trecrag,0,adapter,2024-224701,2024-73918,198,28,0.6451612903225806,1,False
trecrag,0,adapter,2024-224701,2024-79081,176,44,0.7608695652173914,1,False
trecrag,0,adapter,2024-224701,2024-79154,99,66,0.9846153846153847,0,False
trecrag,0,adapter,2024-224701,2024-88894,143,26,0.5217391304347826,1,False
trecrag,0,adapter,2024-224701,2024-94706,120,43,0.7901234567901234,0,False
trecrag,0,adapter,2024-224701,2024-96063,176,18,0.8333333333333334,0,False
trecrag,0,adapter,2024-224701,2024-96359,121,64,0.6857142857142857,1,False
trecrag,0,adapter,2024-224926,2024-105741,176,40,0.676923076923077,1,False
trecrag,0,adapter,2024-224926,2024-121840,176,40,0.7435897435897436,0,False
trecrag,0,adapter,2024-224926,2024-127266,132,41,0.7472527472527473,1,False
trecrag,0,adapter,2024-224926,2024-129925,121,62,0.8275862068965517,1,False
trecrag,0,adapter,2024-224926,2024-141577,220,81,0.64,1,False
trecrag,0,adapter,2024-224926,2024-142395,143,55,0.7889908256880734,1,False
trecrag,0,adapter,2024-224926,2024-143869,220,69,0.8787878787878788,1,False
trecrag,0,adapter,2024-224926,2024-145979,165,90,0.9613259668508287,0,False
trecrag,0,adapter,2024-224926,2024-152259,132,58,0.9344262295081968,0,False
trecrag,0,adapter,2024-224926,2024-152817,176,67,0.8888888888888888,1,False
trecrag,0,adapter,2024-224926,2024-153051,154,89,0.9943502824858758,0,False
trecrag,0,adapter,2024-224926,2024-158261,187,21,0.7727272727272727,0,False
trecrag,0,adapter,2024-224926,2024-158677,198,67,0.6608695652173913,1,False
trecrag,0,adapter,2024-224926,2024-158743,198,46,0.851063829787234,0,False
trecrag,0,adapter,2024-224926,2024-18963,187,30,0.7142857142857143,1,False
trecrag,0,adapter,2024-224926,2024-19025,132,53,0.4788732394366197,1,False
trecrag,0,adapter,2024-224926,2024-213469,143,40,0.8,0,False
trecrag,0,adapter,2024-224926,2024-213789,143,50,0.6875,1,False
trecrag,0,adapter,2024-224926,2024-213817,143,66,0.9302325581395349,1,False
trecrag,0,adapter,2024-224926,2024-213978,99,16,0.8,1,False
trecrag,0,adapter,2024-224926,2024-214096,176,69,0.9076923076923077,0,False
trecrag,0,adapter,2024-224926,2024-214257,110,33,0.927536231884058,0,False
trecrag,0,adapter,2024-224926,2024-214467,77,42,0.95,0,False
trecrag,0,adapter,2024-224926,2024-215044,165,19,0.782608695652174,1,False
trecrag,0,adapter,2024-224926,2024-215952,110,32,0.8135593220338984,0,False
trecrag,0,adapter,2024-224926,2024-216592,220,75,0.9261744966442953,0,False
trecrag,0,adapter,2024-224926,2024-217279,132,45,0.8604651162790697,0,False
trecrag,0,adapter,2024-224926,2024-217812,140,62,0.896,0,False
trecrag,0,adapter,2024-224926,2024-219563,110,43,0.7045454545454546,1,False
trecrag,0,adapter,2024-224926,2024-219624,143,52,0.9433962264150944,0,False
trecrag,0,adapter,2024-224926,2024-224279,165,52,0.6741573033707865,1,False
trecrag,0,adapter,2024-224926,2024-224701,198,83,0.8620689655172413,0,False
trecrag,0,adapter,2024-224926,2024-224926,121,9,0.5384615384615384,1,True
trecrag,0,adapter,2024-224926,2024-22886,220,83,0.9325153374233128,0,False
trecrag,0,adapter,2024-224926,2024-27366,176,68,0.6607142857142857,1,False
trecrag,0,adapter,2024-224926,2024-29182,165,40,0.8860759493670886,0,False
trecrag,0,adapter,2024-224926,2024-32912,99,63,0.926829268292683,1,False
trecrag,0,adapter,2024-224926,2024-35227,198,83,0.8098159509202454,0,False
trecrag,0,adapter,2024-224926,2024-35269,110,56,0.9636363636363636,0,False
trecrag,0,adapter,2024-224926,2024-35284,143,66,0.9692307692307692,0,False
trecrag,0,adapter,2024-224926,2024-35620,187,50,0.9320388349514563,0,False
trecrag,0,adapter,2024-224926,2024-38986,176,67,0.58,1,False
trecrag,0,adapter,2024-224926,2024-41849,209,38,0.717391304347826,1,False
trecrag,0,adapter,2024-224926,2024-42497,165,52,0.7272727272727273,1,False
trecrag,0,adapter,2024-224926,2024-43037,110,52,0.8737864077669902,0,False
trecrag,0,adapter,2024-224926,2024-43983,110,20,0.6511627906976745,1,False
trecrag,0,adapter,2024-224926,2024-44060,66,40,0.9512195121951219,0,False
trecrag,0,adapter,2024-224926,2024-58819,176,25,0.7906976744186046,0,False
trecrag,0,adapter,2024-224926,2024-73340,77,40,0.8974358974358975,1,False
trecrag,0,adapter,2024-224926,2024-73918,198,28,0.6666666666666666,1,False
trecrag,0,adapter,2024-224926,2024-79081,176,44,0.7608695652173914,1,False
trecrag,0,adapter,2024-224926,2024-79154,99,66,0.9846153846153847,0,False
trecrag,0,adapter,2024-224926,2024-88894,143,26,0.5217391304347826,1,False
trecrag,0,adapter,2024-224926,2024-94706,120,43,0.7901234567901234,0,False
trecrag,0,adapter,2024-224926,2024-96063,176,18,0.8333333333333334,0,False
trecrag,0,adapter,2024-224926,2024-96359,121,64,0.6981132075471698,1,False
trecrag,0,adapter,2024-22886,2024-105741,176,40,0.7058823529411765,1,False
trecrag,0,adapter,2024-22886,2024-121840,176,40,0.7341772151898734,0,False
trecrag,0,adapter,2024-22886,2024-127266,132,41,0.7391304347826086,1,False
trecrag,0,adapter,2024-22886,2024-129925,121,62,0.8275862068965517,1,False
trecrag,0,adapter,2024-22886,2024-141577,220,81,0.64,1,False
trecrag,0,adapter,2024-22886,2024-142395,143,55,0.8035714285714286,1,False
trecrag,0,adapter,2024-22886,2024-143869,220,69,0.8740740740740741,1,False
trecrag,0,adapter,2024-22886,2024-145979,165,90,0.9613259668508287,0,False
trecrag,0,adapter,2024-22886,2024-152259,132,58,0.9344262295081968,0,False
trecrag,0,adapter,2024-22886,2024-152817,176,67,0.8888888888888888,1,False
trecrag,0,adapter,2024-22886,2024-153051,154,89,0.9943502824858758,0,False
trecrag,0,adapter,2024-22886,2024-158261,187,21,0.7555555555555555,0,False
trecrag,0,adapter,2024-22886,2024-158677,198,67,0.6608695652173913,1,False
trecrag,0,adapter,2024-22886,2024-158743,198,46,0.8631578947368421,0,False
trecrag,0,adapter,2024-22886,2024-18963,187,30,0.7142857142857143,1,False
trecrag,0,adapter,2024-22886,2024-19025,132,53,0.4788732394366197,1,False
trecrag,0,adapter,2024-22886,2024-213469,143,40,0.7804878048780488,0,False
trecrag,0,adapter,2024-22886,2024-213789,143,50,0.6766917293233082,1,False
trecrag,0,adapter,2024-22886,2024-213817,143,66,0.9302325581395349,1,False
trecrag,0,adapter,2024-22886,2024-213978,99,16,0.7741935483870968,1,False
trecrag,0,adapter,2024-22886,2024-214096,176,69,0.9076923076923077,0,False
trecrag,0,adapter,2024-22886,2024-214257,110,33,0.927536231884058,0,False
trecrag,0,adapter,2024-22886,2024-214467,77,42,0.9629629629629629,0,False
trecrag,0,adapter,2024-22886,2024-215044,165,19,0.7659574468085106,1,False
trecrag,0,adapter,2024-22886,2024-215952,110,32,0.8135593220338984,0,False
trecrag,0,adapter,2024-22886,2024-216592,220,75,0.9261744966442953,0,False
trecrag,0,adapter,2024-22886,2024-217279,132,45,0.8604651162790697,0,False
trecrag,0,adapter,2024-22886,2024-217812,140,62,0.9133858267716536,0,False
trecrag,0,adapter,2024-22886,2024-219563,110,43,0.6888888888888889,1,False
trecrag,0,adapter,2024-22886,2024-219624,143,52,0.9433962264150944,0,False
trecrag,0,adapter,2024-22886,2024-224279,165,52,0.6888888888888889,1,False
trecrag,0,adapter,2024-22886,2024-224701,198,83,0.8620689655172413,0,False
trecrag,0,adapter,2024-22886,2024-224926,121,9,0.4827586206896552,1,False
trecrag,0,adapter,2024-22886,2024-22886,220,83,0.9390243902439024,0,True
trecrag,0,adapter,2024-22886,2024-27366,176,68,0.6666666666666666,1,False
trecrag,0,adapter,2024-22886,2024-29182,165,40,0.8860759493670886,0,False
trecrag,0,adapter,2024-22886,2024-32912,99,63,0.9354838709677419,1,False
trecrag,0,adapter,2024-22886,2024-35227,198,83,0.8121212121212121,0,False
trecrag,0,adapter,2024-22886,2024-35269,110,56,0.9636363636363636,0,False
trecrag,0,adapter,2024-22886,2024-35284,143,66,0.9692307692307692,0,False
trecrag,0,adapter,2024-22886,2024-35620,187,50,0.9142857142857143,0,False
trecrag,0,adapter,2024-22886,2024-38986,176,67,0.594059405940594,1,False
trecrag,0,adapter,2024-22886,2024-41849,209,38,0.723404255319149,1,False
trecrag,0,adapter,2024-22886,2024-42497,165,52,0.7213114754098361,1,False
trecrag,0,adapter,2024-22886,2024-43037,110,52,0.8737864077669902,0,False
trecrag,0,adapter,2024-22886,2024-43983,110,20,0.6363636363636364,1,False
trecrag,0,adapter,2024-22886,2024-44060,66,40,0.9512195121951219,0,False
trecrag,0,adapter,2024-22886,2024-58819,176,25,0.8181818181818182,0,False
trecrag,0,adapter,2024-22886,2024-73340,77,40,0.8974358974358975,1,False
trecrag,0,adapter,2024-22886,2024-73918,198,28,0.6666666666666666,1,False
trecrag,0,adapter,2024-22886,2024-79081,176,44,0.8247422680412371,1,False
trecrag,0,adapter,2024-22886,2024-79154,99,66,0.9846153846153847,0,False
trecrag,0,adapter,2024-22886,2024-88894,143,26,0.5217391304347826,1,False
trecrag,0,adapter,2024-22886,2024-94706,120,43,0.8048780487804879,0,False
trecrag,0,adapter,2024-22886,2024-96063,176,18,0.7894736842105263,0,False
trecrag,0,adapter,2024-22886,2024-96359,121,64,0.6915887850467289,1,False
trecrag,0,adapter,2024-27366,2024-105741,176,40,0.7058823529411765,1,False
trecrag,0,adapter,2024-27366,2024-121840,176,40,0.7341772151898734,0,False
trecrag,0,adapter,2024-27366,2024-127266,132,41,0.7391304347826086,1,False
trecrag,0,adapter,2024-27366,2024-129925,121,62,0.8275862068965517,1,False
trecrag,0,adapter,2024-27366,2024-141577,220,81,0.6507936507936508,1,False
trecrag,0,adapter,2024-27366,2024-142395,143,55,0.8035714285714286,1,False
trecrag,0,adapter,2024-27366,2024-143869,220,69,0.8740740740740741,1,False
trecrag,0,adapter,2024-27366,2024-145979,165,90,0.9613259668508287,0,False
trecrag,0,adapter,2024-27366,2024-152259,132,58,0.9344262295081968,0,False
trecrag,0,adapter,2024-27366,2024-152817,176,67,0.8888888888888888,1,False
trecrag,0,adapter,2024-27366,2024-153051,154,89,0.9943502824858758,0,False
trecrag,0,adapter,2024-27366,2024-158261,187,21,0.7555555555555555,0,False
trecrag,0,adapter,2024-27366,2024-158677,198,67,0.6608695652173913,1,False
trecrag,0,adapter,2024-27366,2024-158743,198,46,0.8631578947368421,0,False
trecrag,0,adapter,2024-27366,2024-18963,187,30,0.7368421052631579,1,False
trecrag,0,adapter,2024-27366,2024-19025,132,53,0.4788732394366197,1,False
trecrag,0,adapter,2024-27366,2024-213469,143,40,0.7804878048780488,0,False
trecrag,0,adapter,2024-27366,2024-213789,143,50,0.6766917293233082,1,False
trecrag,0,adapter,2024-27366,2024-213817,143,66,0.9302325581395349,1,False
trecrag,0,adapter,2024-27366,2024-213978,99,16,0.7741935483870968,1,False
trecrag,0,adapter,2024-27366,2024-214096,176,69,0.9076923076923077,0,False
trecrag,0,adapter,2024-27366,2024-214257,110,33,0.927536231884058,0,False
trecrag,0,adapter,2024-27366,2024-214467,77,42,0.9629629629629629,0,False
trecrag,0,adapter,2024-27366,2024-215044,165,19,0.7659574468085106,1,False
trecrag,0,adapter,2024-27366,2024-215952,110,32,0.8135593220338984,0,False
trecrag,0,adapter,2024-27366,2024-216592,220,75,0.9261744966442953,0,False
trecrag,0,adapter,2024-27366,2024-217279,132,45,0.8604651162790697,0,False
trecrag,0,adapter,2024-27366,2024-217812,140,62,0.9133858267716536,0,False
trecrag,0,adapter,2024-27366,2024-219563,110,43,0.6888888888888889,1,False
trecrag,0,adapter,2024-27366,2024-219624,143,52,0.9433962264150944,0,False
trecrag,0,adapter,2024-27366,2024-224279,165,52,0.6813186813186813,1,False
trecrag,0,adapter,2024-27366,2024-224701,198,83,0.8620689655172413,0,False
trecrag,0,adapter,2024-27366,2024-224926,121,9,0.4827586206896552,1,False
trecrag,0,adapter,2024-27366,2024-22886,220,83,0.9390243902439024,0,False
trecrag,0,adapter,2024-27366,2024-27366,176,68,0.7008547008547008,1,True
trecrag,0,adapter,2024-27366,2024-29182,165,40,0.8860759493670886,0,False
trecrag,0,adapter,2024-27366,2024-32912,99,63,0.9354838709677419,1,False
trecrag,0,adapter,2024-27366,2024-35227,198,83,0.8121212121212121,0,False
trecrag,0,adapter,2024-27366,2024-35269,110,56,0.972972972972973,0,False
trecrag,0,adapter,2024-27366,2024-35284,143,66,0.9692307692307692,0,False
trecrag,0,adapter,2024-27366,2024-35620,187,50,0.9142857142857143,0,False
trecrag,0,adapter,2024-27366,2024-38986,176,67,0.5882352941176471,1,False
trecrag,0,adapter,2024-27366,2024-41849,209,38,0.7096774193548387,1,False
trecrag,0,adapter,2024-27366,2024-42497,165,52,0.7213114754098361,1,False
trecrag,0,adapter,2024-27366,2024-43037,110,52,0.8737864077669902,0,False
trecrag,0,adapter,2024-27366,2024-43983,110,20,0.6521739130434783,1,False
trecrag,0,adapter,2024-27366,2024-44060,66,40,0.9512195121951219,0,False
trecrag,0,adapter,2024-27366,2024-58819,176,25,0.8181818181818182,0,False
trecrag,0,adapter,2024-27366,2024-73340,77,40,0.8974358974358975,1,False
trecrag,0,adapter,2024-27366,2024-73918,198,28,0.65625,1,False
trecrag,0,adapter,2024-27366,2024-79081,176,44,0.8163265306122449,1,False
trecrag,0,adapter,2024-27366,2024-79154,99,66,0.9846153846153847,0,False
trecrag,0,adapter,2024-27366,2024-88894,143,26,0.5416666666666666,1,False
trecrag,0,adapter,2024-27366,2024-94706,120,43,0.8048780487804879,0,False
trecrag,0,adapter,2024-27366,2024-96063,176,18,0.7894736842105263,0,False
trecrag,0,adapter,2024-27366,2024-96359,121,64,0.6851851851851852,1,False
trecrag,0,adapter,2024-29182,2024-105741,176,40,0.7164179104477612,1,False
trecrag,0,adapter,2024-29182,2024-121840,176,40,0.7435897435897436,0,False
trecrag,0,adapter,2024-29182,2024-127266,132,41,0.7472527472527473,1,False
trecrag,0,adapter,2024-29182,2024-129925,121,62,0.8275862068965517,1,False
trecrag,0,adapter,2024-29182,2024-141577,220,81,0.64,1,False
trecrag,0,adapter,2024-29182,2024-142395,143,55,0.8108108108108109,1,False
trecrag,0,adapter,2024-29182,2024-143869,220,69,0.8787878787878788,1,False
trecrag,0,adapter,2024-29182,2024-145979,165,90,0.9613259668508287,0,False
trecrag,0,adapter,2024-29182,2024-152259,132,58,0.9344262295081968,0,False
trecrag,0,adapter,2024-29182,2024-152817,176,67,0.8888888888888888,1,False
trecrag,0,adapter,2024-29182,2024-153051,154,89,0.9943502824858758,0,False
trecrag,0,adapter,2024-29182,2024-158261,187,21,0.7727272727272727,0,False
trecrag,0,adapter,2024-29182,2024-158677,198,67,0.6608695652173913,1,False
trecrag,0,adapter,2024-29182,2024-158743,198,46,0.851063829787234,0,False
trecrag,0,adapter,2024-29182,2024-18963,187,30,0.7142857142857143,1,False
trecrag,0,adapter,2024-29182,2024-19025,132,53,0.4788732394366197,1,False
trecrag,0,adapter,2024-29182,2024-213469,143,40,0.8,0,False
trecrag,0,adapter,2024-29182,2024-213789,143,50,0.676923076923077,1,False
trecrag,0,adapter,2024-29182,2024-213817,143,66,0.9302325581395349,1,False
trecrag,0,adapter,2024-29182,2024-213978,99,16,0.8,1,False
trecrag,0,adapter,2024-29182,2024-214096,176,69,0.9076923076923077,0,False
trecrag,0,adapter,2024-29182,2024-214257,110,33,0.927536231884058,0,False
trecrag,0,adapter,2024-29182,2024-214467,77,42,0.95,0,False
trecrag,0,adapter,2024-29182,2024-215044,165,19,0.782608695652174,1,False
trecrag,0,adapter,2024-29182,2024-215952,110,32,0.8135593220338984,0,False
trecrag,0,adapter,2024-29182,2024-216592,220,75,0.9261744966442953,0,False
trecrag,0,adapter,2024-29182,2024-217279,132,45,0.8604651162790697,0,False
trecrag,0,adapter,2024-29182,2024-217812,140,62,0.896,0,False
trecrag,0,adapter,2024-29182,2024-219563,110,43,0.7045454545454546,1,False
trecrag,0,adapter,2024-29182,2024-219624,143,52,0.9433962264150944,0,False
trecrag,0,adapter,2024-29182,2024-224279,165,52,0.6888888888888889,1,False
trecrag,0,adapter,2024-29182,2024-224701,198,83,0.8620689655172413,0,False
trecrag,0,adapter,2024-29182,2024-224926,121,9,0.5185185185185185,1,False
trecrag,0,adapter,2024-29182,2024-22886,220,83,0.9390243902439024,0,False
trecrag,0,adapter,2024-29182,2024-27366,176,68,0.6666666666666666,1,False
trecrag,0,adapter,2024-29182,2024-29182,165,40,0.8860759493670886,0,True
trecrag,0,adapter,2024-29182,2024-32912,99,63,0.926829268292683,1,False
trecrag,0,adapter,2024-29182,2024-35227,198,83,0.8098159509202454,0,False
trecrag,0,adapter,2024-29182,2024-35269,110,56,0.9636363636363636,0,False
trecrag,0,adapter,2024-29182,2024-35284,143,66,0.9692307692307692,0,False
trecrag,0,adapter,2024-29182,2024-35620,187,50,0.9230769230769231,0,False
trecrag,0,adapter,2024-29182,2024-38986,176,67,0.58,1,False
trecrag,0,adapter,2024-29182,2024-41849,209,38,0.717391304347826,1,False
trecrag,0,adapter,2024-29182,2024-42497,165,52,0.7272727272727273,1,False
trecrag,0,adapter,2024-29182,2024-43037,110,52,0.8737864077669902,0,False
trecrag,0,adapter,2024-29182,2024-43983,110,20,0.6363636363636364,1,False
trecrag,0,adapter,2024-29182,2024-44060,66,40,0.9512195121951219,0,False
trecrag,0,adapter,2024-29182,2024-58819,176,25,0.7906976744186046,0,False
trecrag,0,adapter,2024-29182,2024-73340,77,40,0.8974358974358975,1,False
trecrag,0,adapter,2024-29182,2024-73918,198,28,0.6666666666666666,1,False
trecrag,0,adapter,2024-29182,2024-79081,176,44,0.8247422680412371,1,False
trecrag,0,adapter,2024-29182,2024-79154,99,66,0.9846153846153847,0,False
trecrag,0,adapter,2024-29182,2024-88894,143,26,0.5217391304347826,1,False
trecrag,0,adapter,2024-29182,2024-94706,120,43,0.7901234567901234,0,False
trecrag,0,adapter,2024-29182,2024-96063,176,18,0.8333333333333334,0,False
trecrag,0,adapter,2024-29182,2024-96359,121,64,0.6981132075471698,1,False
trecrag,0,adapter,2024-32912,2024-105741,176,40,0.7058823529411765,1,False
trecrag,0,adapter,2024-32912,2024-121840,176,40,0.7341772151898734,0,False
trecrag,0,adapter,2024-32912,2024-127266,132,41,0.7391304347826086,1,False
trecrag,0,adapter,2024-32912,2024-129925,121,62,0.8275862068965517,1,False
trecrag,0,adapter,2024-32912,2024-141577,220,81,0.64,1,False
trecrag,0,adapter,2024-32912,2024-142395,143,55,0.8035714285714286,1,False
trecrag,0,adapter,2024-32912,2024-143869,220,69,0.8740740740740741,1,False
trecrag,0,adapter,2024-32912,2024-145979,165,90,0.9613259668508287,0,False
trecrag,0,adapter,2024-32912,2024-152259,132,58,0.9344262295081968,0,False
trecrag,0,adapter,2024-32912,2024-152817,176,67,0.8888888888888888,1,False
trecrag,0,adapter,2024-32912,2024-153051,154,89,0.9943502824858758,0,False
trecrag,0,adapter,2024-32912,2024-158261,187,21,0.7555555555555555,0,False
trecrag,0,adapter,2024-32912,2024-158677,198,67,0.6608695652173913,1,False
trecrag,0,adapter,2024-32912,2024-158743,198,46,0.8631578947368421,0,False
trecrag,0,adapter,2024-32912,2024-18963,187,30,0.7142857142857143,1,False
trecrag,0,adapter,2024-32912,2024-19025,132,53,0.4788732394366197,1,False
trecrag,0,adapter,2024-32912,2024-213469,143,40,0.7804878048780488,0,False
trecrag,0,adapter,2024-32912,2024-213789,143,50,0.6766917293233082,1,False
trecrag,0,adapter,2024-32912,2024-213817,143,66,0.9302325581395349,1,False
trecrag,0,adapter,2024-32912,2024-213978,99,16,0.7741935483870968,1,False
trecrag,0,adapter,2024-32912,2024-214096,176,69,0.9076923076923077,0,False
trecrag,0,adapter,2024-32912,2024-214257,110,33,0.927536231884058,0,False
trecrag,0,adapter,2024-32912,2024-214467,77,42,0.9629629629629629,0,False
trecrag,0,adapter,2024-32912,2024-215044,165,19,0.7659574468085106,1,False
trecrag,0,adapter,2024-32912,2024-215952,110,32,0.8135593220338984,0,False
trecrag,0,adapter,2024-32912,2024-216592,220,75,0.9261744966442953,0,False
trecrag,0,adapter,2024-32912,2024-217279,132,45,0.8604651162790697,0,False
trecrag,0,adapter,2024-32912,2024-217812,140,62,0.896,0,False
trecrag,0,adapter,2024-32912,2024-219563,110,43,0.6888888888888889,1,False
trecrag,0,adapter,2024-32912,2024-219624,143,52,0.9433962264150944,0,False
trecrag,0,adapter,2024-32912,2024-224279,165,52,0.6888888888888889,1,False
trecrag,0,adapter,2024-32912,2024-224701,198,83,0.8620689655172413,0,False
trecrag,0,adapter,2024-32912,2024-224926,121,9,0.4827586206896552,1,False
trecrag,0,adapter,2024-32912,2024-22886,220,83,0.9390243902439024,0,False
trecrag,0,adapter,2024-32912,2024-27366,176,68,0.6666666666666666,1,False
trecrag,0,adapter,2024-32912,2024-29182,165,40,0.8860759493670886,0,False
trecrag,0,adapter,2024-32912,2024-32912,99,63,0.9354838709677419,1,True
trecrag,0,adapter,2024-32912,2024-35227,198,83,0.8170731707317073,0,False
trecrag,0,adapter,2024-32912,2024-35269,110,56,0.9636363636363636,0,False
trecrag,0,adapter,2024-32912,2024-35284,143,66,0.9692307692307692,0,False
trecrag,0,adapter,2024-32912,2024-35620,187,50,0.9142857142857143,0,False
trecrag,0,adapter,2024-32912,2024-38986,176,67,0.594059405940594,1,False
trecrag,0,adapter,2024-32912,2024-41849,209,38,0.7096774193548387,1,False
trecrag,0,adapter,2024-32912,2024-42497,165,52,0.7213114754098361,1,False
trecrag,0,adapter,2024-32912,2024-43037,110,52,0.8737864077669902,0,False
trecrag,0,adapter,2024-32912,2024-43983,110,20,0.6363636363636364,1,False
trecrag,0,adapter,2024-32912,2024-44060,66,40,0.9512195121951219,0,False
trecrag,0,adapter,2024-32912,2024-58819,176,25,0.8181818181818182,0,False
trecrag,0,adapter,2024-32912,2024-73340,77,40,0.8974358974358975,1,False
trecrag,0,adapter,2024-32912,2024-73918,198,28,0.6666666666666666,1,False
trecrag,0,adapter,2024-32912,2024-79081,176,44,0.8247422680412371,1,False
trecrag,0,adapter,2024-32912,2024-79154,99,66,0.9846153846153847,0,False
trecrag,0,adapter,2024-32912,2024-88894,143,26,0.5217391304347826,1,False
trecrag,0,adapter,2024-32912,2024-94706,120,43,0.7901234567901234,0,False
trecrag,0,adapter,2024-32912,2024-96063,176,18,0.8108108108108109,0,False
trecrag,0,adapter,2024-32912,2024-96359,121,64,0.6915887850467289,1,False
trecrag,0,adapter,2024-35227,2024-105741,176,40,0.676923076923077,1,False
trecrag,0,adapter,2024-35227,2024-121840,176,40,0.7435897435897436,0,False
trecrag,0,adapter,2024-35227,2024-127266,132,41,0.7555555555555555,1,False
trecrag,0,adapter,2024-35227,2024-129925,121,62,0.8275862068965517,1,False
trecrag,0,adapter,2024-35227,2024-141577,220,81,0.64,1,False
trecrag,0,adapter,2024-35227,2024-142395,143,55,0.8,1,False
trecrag,0,adapter,2024-35227,2024-143869,220,69,0.8787878787878788,1,False
trecrag,0,adapter,2024-35227,2024-145979,165,90,0.9613259668508287,0,False
trecrag,0,adapter,2024-35227,2024-152259,132,58,0.9344262295081968,0,False
trecrag,0,adapter,2024-35227,2024-152817,176,67,0.8888888888888888,1,False
trecrag,0,adapter,2024-35227,2024-153051,154,89,0.9943502824858758,0,False
trecrag,0,adapter,2024-35227,2024-158261,187,21,0.7727272727272727,0,False
trecrag,0,adapter,2024-35227,2024-158677,198,67,0.6608695652173913,1,False
trecrag,0,adapter,2024-35227,2024-158743,198,46,0.851063829787234,0,False
trecrag,0,adapter,2024-35227,2024-18963,187,30,0.7142857142857143,1,False
trecrag,0,adapter,2024-35227,2024-19025,132,53,0.4788732394366197,1,False
trecrag,0,adapter,2024-35227,2024-213469,143,40,0.8,0,False
trecrag,0,adapter,2024-35227,2024-213789,143,50,0.6821705426356589,1,False
trecrag,0,adapter,2024-35227,2024-213817,143,66,0.9302325581395349,1,False
trecrag,0,adapter,2024-35227,2024-213978,99,16,0.8,1,False
trecrag,0,adapter,2024-35227,2024-214096,176,69,0.9076923076923077,0,False
trecrag,0,adapter,2024-35227,2024-214257,110,33,0.927536231884058,0,False
trecrag,0,adapter,2024-35227,2024-214467,77,42,0.95,0,False
trecrag,0,adapter,2024-35227,2024-215044,165,19,0.782608695652174,1,False
trecrag,0,adapter,2024-35227,2024-215952,110,32,0.8135593220338984,0,False
trecrag,0,adapter,2024-35227,2024-216592,220,75,0.9261744966442953,0,False
trecrag,0,adapter,2024-35227,2024-217279,132,45,0.8604651162790697,0,False
trecrag,0,adapter,2024-35227,2024-217812,140,62,0.896,0,False
trecrag,0,adapter,2024-35227,2024-219563,110,43,0.7045454545454546,1,False
trecrag,0,adapter,2024-35227,2024-219624,143,52,0.9433962264150944,0,False
trecrag,0,adapter,2024-35227,2024-224279,165,52,0.6888888888888889,1,False
trecrag,0,adapter,2024-35227,2024-224701,198,83,0.8620689655172413,0,False
trecrag,0,adapter,2024-35227,2024-224926,121,9,0.5185185185185185,1,False
trecrag,0,adapter,2024-35227,2024-22886,220,83,0.9325153374233128,0,False
trecrag,0,adapter,2024-35227,2024-27366,176,68,0.672566371681416,1,False
trecrag,0,adapter,2024-35227,2024-29182,165,40,0.8860759493670886,0,False
trecrag,0,adapter,2024-35227,2024-32912,99,63,0.926829268292683,1,False
trecrag,0,adapter,2024-35227,2024-35227,198,83,0.8198757763975155,0,True
trecrag,0,adapter,2024-35227,2024-35269,110,56,0.9636363636363636,0,False
trecrag,0,adapter,2024-35227,2024-35284,143,66,0.9692307692307692,0,False
trecrag,0,adapter,2024-35227,2024-35620,187,50,0.9230769230769231,0,False
trecrag,0,adapter,2024-35227,2024-38986,176,67,0.58,1,False
trecrag,0,adapter,2024-35227,2024-41849,209,38,0.717391304347826,1,False
trecrag,0,adapter,2024-35227,2024-42497,165,52,0.7394957983193278,1,False
trecrag,0,adapter,2024-35227,2024-43037,110,52,0.8737864077669902,0,False
trecrag,0,adapter,2024-35227,2024-43983,110,20,0.6363636363636364,1,False
trecrag,0,adapter,2024-35227,2024-44060,66,40,0.9512195121951219,0,False
trecrag,0,adapter,2024-35227,2024-58819,176,25,0.7906976744186046,0,False
trecrag,0,adapter,2024-35227,2024-73340,77,40,0.8974358974358975,1,False
trecrag,0,adapter,2024-35227,2024-73918,198,28,0.6451612903225806,1,False
trecrag,0,adapter,2024-35227,2024-79081,176,44,0.7741935483870968,1,False
trecrag,0,adapter,2024-35227,2024-79154,99,66,0.9846153846153847,0,False
trecrag,0,adapter,2024-35227,2024-88894,143,26,0.5217391304347826,1,False
trecrag,0,adapter,2024-35227,2024-94706,120,43,0.7901234567901234,0,False
trecrag,0,adapter,2024-35227,2024-96063,176,18,0.8333333333333334,0,False
trecrag,0,adapter,2024-35227,2024-96359,121,64,0.6981132075471698,1,False
trecrag,0,adapter,2024-35269,2024-105741,176,40,0.7164179104477612,1,False
trecrag,0,adapter,2024-35269,2024-121840,176,40,0.7341772151898734,0,False
trecrag,0,adapter,2024-35269,2024-127266,132,41,0.7472527472527473,1,False
trecrag,0,adapter,2024-35269,2024-129925,121,62,0.8275862068965517,1,False
trecrag,0,adapter,2024-35269,2024-141577,220,81,0.64,1,False
trecrag,0,adapter,2024-35269,2024-142395,143,55,0.8108108108108109,1,False
trecrag,0,adapter,2024-35269,2024-143869,220,69,0.8787878787878788,1,False
trecrag,0,adapter,2024-35269,2024-145979,165,90,0.9613259668508287,0,False
trecrag,0,adapter,2024-35269,2024-152259,132,58,0.9344262295081968,0,False
trecrag,0,adapter,2024-35269,2024-152817,176,67,0.8888888888888888,1,False
trecrag,0,adapter,2024-35269,2024-153051,154,89,0.9943502824858758,0,False
trecrag,0,adapter,2024-35269,2024-158261,187,21,0.7555555555555555,0,False
trecrag,0,adapter,2024-35269,2024-158677,198,67,0.6608695652173913,1,False
trecrag,0,adapter,2024-35269,2024-158743,198,46,0.851063829787234,0,False
trecrag,0,adapter,2024-35269,2024-18963,187,30,0.7142857142857143,1,False
trecrag,0,adapter,2024-35269,2024-19025,132,53,0.4788732394366197,1,False
trecrag,0,adapter,2024-35269,2024-213469,143,40,0.8,0,False
trecrag,0,adapter,2024-35269,2024-213789,143,50,0.676923076923077,1,False
trecrag,0,adapter,2024-35269,2024-213817,143,66,0.9302325581395349,1,False
trecrag,0,adapter,2024-35269,2024-213978,99,16,0.7741935483870968,1,False
trecrag,0,adapter,2024-35269,2024-214096,176,69,0.9076923076923077,0,False
trecrag,0,adapter,2024-35269,2024-214257,110,33,0.927536231884058,0,False
trecrag,0,adapter,2024-35269,2024-214467,77,42,0.95,0,False
trecrag,0,adapter,2024-35269,2024-215044,165,19,0.7659574468085106,1,False
trecrag,0,adapter,2024-35269,2024-215952,110,32,0.8135593220338984,0,False
trecrag,0,adapter,2024-35269,2024-216592,220,75,0.9261744966442953,0,False
trecrag,0,adapter,2024-35269,2024-217279,132,45,0.8604651162790697,0,False
trecrag,0,adapter,2024-35269,2024-217812,140,62,0.896,0,False
trecrag,0,adapter,2024-35269,2024-219563,110,43,0.7045454545454546,1,False
trecrag,0,adapter,2024-35269,2024-219624,143,52,0.9433962264150944,0,False
trecrag,0,adapter,2024-35269,2024-224279,165,52,0.6888888888888889,1,False
trecrag,0,adapter,2024-35269,2024-224701,198,83,0.8620689655172413,0,False
trecrag,0,adapter,2024-35269,2024-224926,121,9,0.5185185185185185,1,False
trecrag,0,adapter,2024-35269,2024-22886,220,83,0.9390243902439024,0,False
trecrag,0,adapter,2024-35269,2024-27366,176,68,0.6666666666666666,1,False
trecrag,0,adapter,2024-35269,2024-29182,165,40,0.8860759493670886,0,False
trecrag,0,adapter,2024-35269,2024-32912,99,63,0.926829268292683,1,False
trecrag,0,adapter,2024-35269,2024-35227,198,83,0.8170731707317073,0,False
trecrag,0,adapter,2024-35269,2024-35269,110,56,0.9636363636363636,0,True
trecrag,0,adapter,2024-35269,2024-35284,143,66,0.9692307692307692,0,False
trecrag,0,adapter,2024-35269,2024-35620,187,50,0.9230769230769231,0,False
trecrag,0,adapter,2024-35269,2024-38986,176,67,0.58,1,False
trecrag,0,adapter,2024-35269,2024-41849,209,38,0.717391304347826,1,False
trecrag,0,adapter,2024-35269,2024-42497,165,52,0.7272727272727273,1,False
trecrag,0,adapter,2024-35269,2024-43037,110,52,0.8737864077669902,0,False
trecrag,0,adapter,2024-35269,2024-43983,110,20,0.6363636363636364,1,False
trecrag,0,adapter,2024-35269,2024-44060,66,40,0.9512195121951219,0,False
trecrag,0,adapter,2024-35269,2024-58819,176,25,0.7906976744186046,0,False
trecrag,0,adapter,2024-35269,2024-73340,77,40,0.8974358974358975,1,False
trecrag,0,adapter,2024-35269,2024-73918,198,28,0.6666666666666666,1,False
trecrag,0,adapter,2024-35269,2024-79081,176,44,0.8247422680412371,1,False
trecrag,0,adapter,2024-35269,2024-79154,99,66,0.9846153846153847,0,False
trecrag,0,adapter,2024-35269,2024-88894,143,26,0.5217391304347826,1,False
trecrag,0,adapter,2024-35269,2024-94706,120,43,0.7901234567901234,0,False
trecrag,0,adapter,2024-35269,2024-96063,176,18,0.8333333333333334,0,False
trecrag,0,adapter,2024-35269,2024-96359,121,64,0.6981132075471698,1,False
trecrag,0,adapter,2024-35284,2024-105741,176,40,0.7058823529411765,1,False
trecrag,0,adapter,2024-35284,2024-121840,176,40,0.7341772151898734,0,False
trecrag,0,adapter,2024-35284,2024-127266,132,41,0.7391304347826086,1,False
trecrag,0,adapter,2024-35284,2024-129925,121,62,0.8275862068965517,1,False
trecrag,0,adapter,2024-35284,2024-141577,220,81,0.6507936507936508,1,False
trecrag,0,adapter,2024-35284,2024-142395,143,55,0.8035714285714286,1,False
trecrag,0,adapter,2024-35284,2024-143869,220,69,0.8740740740740741,1,False
trecrag,0,adapter,2024-35284,2024-145979,165,90,0.9613259668508287,0,False
trecrag,0,adapter,2024-35284,2024-152259,132,58,0.9344262295081968,0,False
trecrag,0,adapter,2024-35284,2024-152817,176,67,0.8888888888888888,1,False
trecrag,0,adapter,2024-35284,2024-153051,154,89,0.9943502824858758,0,False
trecrag,0,adapter,2024-35284,2024-158261,187,21,0.7555555555555555,0,False
trecrag,0,adapter,2024-35284,2024-158677,198,67,0.6608695652173913,1,False
trecrag,0,adapter,2024-35284,2024-158743,198,46,0.8631578947368421,0,False
trecrag,0,adapter,2024-35284,2024-18963,187,30,0.7142857142857143,1,False
trecrag,0,adapter,2024-35284,2024-19025,132,53,0.4788732394366197,1,False
trecrag,0,adapter,2024-35284,2024-213469,143,40,0.7804878048780488,0,False
trecrag,0,adapter,2024-35284,2024-213789,143,50,0.6766917293233082,1,False
trecrag,0,adapter,2024-35284,2024-213817,143,66,0.9302325581395349,1,False
trecrag,0,adapter,2024-35284,2024-213978,99,16,0.7741935483870968,1,False
trecrag,0,adapter,2024-35284,2024-214096,176,69,0.9076923076923077,0,False
trecrag,0,adapter,2024-35284,2024-214257,110,33,0.927536231884058,0,False
trecrag,0,adapter,2024-35284,2024-214467,77,42,0.9629629629629629,0,False
trecrag,0,adapter,2024-35284,2024-215044,165,19,0.7659574468085106,1,False
trecrag,0,adapter,2024-35284,2024-215952,110,32,0.8135593220338984,0,False
trecrag,0,adapter,2024-35284,2024-216592,220,75,0.9261744966442953,0,False
trecrag,0,adapter,2024-35284,2024-217279,132,45,0.8604651162790697,0,False
trecrag,0,adapter,2024-35284,2024-217812,140,62,0.9133858267716536,0,False
trecrag,0,adapter,2024-35284,2024-219563,110,43,0.6888888888888889,1,False
trecrag,0,adapter,2024-35284,2024-219624,143,52,0.9433962264150944,0,False
trecrag,0,adapter,2024-35284,2024-224279,165,52,0.6813186813186813,1,False
trecrag,0,adapter,2024-35284,2024-224701,198,83,0.8620689655172413,0,False
trecrag,0,adapter,2024-35284,2024-224926,121,9,0.4827586206896552,1,False
trecrag,0,adapter,2024-35284,2024-22886,220,83,0.9390243902439024,0,False
trecrag,0,adapter,2024-35284,2024-27366,176,68,0.6666666666666666,1,False
trecrag,0,adapter,2024-35284,2024-29182,165,40,0.8860759493670886,0,False
trecrag,0,adapter,2024-35284,2024-32912,99,63,0.9354838709677419,1,False
trecrag,0,adapter,2024-35284,2024-35227,198,83,0.8121212121212121,0,False
trecrag,0,adapter,2024-35284,2024-35269,110,56,0.972972972972973,0,False
trecrag,0,adapter,2024-35284,2024-35284,143,66,0.9618320610687023,0,True
trecrag,0,adapter,2024-35284,2024-35620,187,50,0.9142857142857143,0,False
trecrag,0,adapter,2024-35284,2024-38986,176,67,0.594059405940594,1,False
trecrag,0,adapter,2024-35284,2024-41849,209,38,0.7096774193548387,1,False
trecrag,0,adapter,2024-35284,2024-42497,165,52,0.7213114754098361,1,False
trecrag,0,adapter,2024-35284,2024-43037,110,52,0.8737864077669902,0,False
trecrag,0,adapter,2024-35284,2024-43983,110,20,0.6521739130434783,1,False
trecrag,0,adapter,2024-35284,2024-44060,66,40,0.9512195121951219,0,False
trecrag,0,adapter,2024-35284,2024-58819,176,25,0.8181818181818182,0,False
trecrag,0,adapter,2024-35284,2024-73340,77,40,0.8974358974358975,1,False
trecrag,0,adapter,2024-35284,2024-73918,198,28,0.6666666666666666,1,False
trecrag,0,adapter,2024-35284,2024-79081,176,44,0.8163265306122449,1,False
trecrag,0,adapter,2024-35284,2024-79154,99,66,0.9846153846153847,0,False
trecrag,0,adapter,2024-35284,2024-88894,143,26,0.5217391304347826,1,False
trecrag,0,adapter,2024-35284,2024-94706,120,43,0.8048780487804879,0,False
trecrag,0,adapter,2024-35284,2024-96063,176,18,0.7894736842105263,0,False
trecrag,0,adapter,2024-35284,2024-96359,121,64,0.6915887850467289,1,False
trecrag,0,adapter,2024-35620,2024-105741,176,40,0.7164179104477612,1,False
trecrag,0,adapter,2024-35620,2024-121840,176,40,0.7341772151898734,0,False
trecrag,0,adapter,2024-35620,2024-127266,132,41,0.7472527472527473,1,False
trecrag,0,adapter,2024-35620,2024-129925,121,62,0.8275862068965517,1,False
trecrag,0,adapter,2024-35620,2024-141577,220,81,0.64,1,False
trecrag,0,adapter,2024-35620,2024-142395,143,55,0.8108108108108109,1,False
trecrag,0,adapter,2024-35620,2024-143869,220,69,0.8787878787878788,1,False
trecrag,0,adapter,2024-35620,2024-145979,165,90,0.9613259668508287,0,False
trecrag,0,adapter,2024-35620,2024-152259,132,58,0.9344262295081968,0,False
trecrag,0,adapter,2024-35620,2024-152817,176,67,0.8888888888888888,1,False
trecrag,0,adapter,2024-35620,2024-153051,154,89,0.9943502824858758,0,False
trecrag,0,adapter,2024-35620,2024-158261,187,21,0.7555555555555555,0,False
trecrag,0,adapter,2024-35620,2024-158677,198,67,0.6608695652173913,1,False
trecrag,0,adapter,2024-35620,2024-158743,198,46,0.851063829787234,0,False
trecrag,0,adapter,2024-35620,2024-18963,187,30,0.7142857142857143,1,False
trecrag,0,adapter,2024-35620,2024-19025,132,53,0.4788732394366197,1,False
trecrag,0,adapter,2024-35620,2024-213469,143,40,0.8,0,False
trecrag,0,adapter,2024-35620,2024-213789,143,50,0.676923076923077,1,False
trecrag,0,adapter,2024-35620,2024-213817,143,66,0.9302325581395349,1,False
trecrag,0,adapter,2024-35620,2024-213978,99,16,0.7741935483870968,1,False
trecrag,0,adapter,2024-35620,2024-214096,176,69,0.9076923076923077,0,False
trecrag,0,adapter,2024-35620,2024-214257,110,33,0.927536231884058,0,False
trecrag,0,adapter,2024-35620,2024-214467,77,42,0.95,0,False
trecrag,0,adapter,2024-35620,2024-215044,165,19,0.7659574468085106,1,False
trecrag,0,adapter,2024-35620,2024-215952,110,32,0.8135593220338984,0,False
trecrag,0,adapter,2024-35620,2024-216592,220,75,0.9261744966442953,0,False
trecrag,0,adapter,2024-35620,2024-217279,132,45,0.8604651162790697,0,False
trecrag,0,adapter,2024-35620,2024-217812,140,62,0.896,0,False
trecrag,0,adapter,2024-35620,2024-219563,110,43,0.6966292134831461,1,False
trecrag,0,adapter,2024-35620,2024-219624,143,52,0.9433962264150944,0,False
trecrag,0,adapter,2024-35620,2024-224279,165,52,0.6888888888888889,1,False
trecrag,0,adapter,2024-35620,2024-224701,198,83,0.8620689655172413,0,False
trecrag,0,adapter,2024-35620,2024-224926,121,9,0.5185185185185185,1,False
trecrag,0,adapter,2024-35620,2024-22886,220,83,0.9390243902439024,0,False
trecrag,0,adapter,2024-35620,2024-27366,176,68,0.6666666666666666,1,False
trecrag,0,adapter,2024-35620,2024-29182,165,40,0.8860759493670886,0,False
trecrag,0,adapter,2024-35620,2024-32912,99,63,0.926829268292683,1,False
trecrag,0,adapter,2024-35620,2024-35227,198,83,0.8170731707317073,0,False
trecrag,0,adapter,2024-35620,2024-35269,110,56,0.9636363636363636,0,False
trecrag,0,adapter,2024-35620,2024-35284,143,66,0.9692307692307692,0,False
trecrag,0,adapter,2024-35620,2024-35620,187,50,0.9230769230769231,0,True
trecrag,0,adapter,2024-35620,2024-38986,176,67,0.58,1,False
trecrag,0,adapter,2024-35620,2024-41849,209,38,0.717391304347826,1,False
trecrag,0,adapter,2024-35620,2024-42497,165,52,0.7272727272727273,1,False
trecrag,0,adapter,2024-35620,2024-43037,110,52,0.8737864077669902,0,False
trecrag,0,adapter,2024-35620,2024-43983,110,20,0.6363636363636364,1,False
trecrag,0,adapter,2024-35620,2024-44060,66,40,0.9512195121951219,0,False
trecrag,0,adapter,2024-35620,2024-58819,176,25,0.7906976744186046,0,False
trecrag,0,adapter,2024-35620,2024-73340,77,40,0.8974358974358975,1,False
trecrag,0,adapter,2024-35620,2024-73918,198,28,0.6666666666666666,1,False
trecrag,0,adapter,2024-35620,2024-79081,176,44,0.8247422680412371,1,False
trecrag,0,adapter,2024-35620,2024-79154,99,66,0.9846153846153847,0,False
trecrag,0,adapter,2024-35620,2024-88894,143,26,0.5217391304347826,1,False
trecrag,0,adapter,2024-35620,2024-94706,120,43,0.7901234567901234,0,False
trecrag,0,adapter,2024-35620,2024-96063,176,18,0.8333333333333334,0,False
trecrag,0,adapter,2024-35620,2024-96359,121,64,0.6981132075471698,1,False
trecrag,0,adapter,2024-38986,2024-105741,176,40,0.7058823529411765,1,False
trecrag,0,adapter,2024-38986,2024-121840,176,40,0.7341772151898734,0,False
trecrag,0,adapter,2024-38986,2024-127266,132,41,0.7083333333333334,1,False
trecrag,0,adapter,2024-38986,2024-129925,121,62,0.8205128205128205,1,False
trecrag,0,adapter,2024-38986,2024-141577,220,81,0.6614173228346457,1,False
trecrag,0,adapter,2024-38986,2024-142395,143,55,0.8070175438596491,1,False
trecrag,0,adapter,2024-38986,2024-143869,220,69,0.8740740740740741,1,False
trecrag,0,adapter,2024-38986,2024-145979,165,90,0.9560439560439561,0,False
trecrag,0,adapter,2024-38986,2024-152259,132,58,0.9344262295081968,0,False
trecrag,0,adapter,2024-38986,2024-152817,176,67,0.8976377952755905,1,False
trecrag,0,adapter,2024-38986,2024-153051,154,89,0.9943502824858758,0,False
trecrag,0,adapter,2024-38986,2024-158261,187,21,0.7555555555555555,0,False
trecrag,0,adapter,2024-38986,2024-158677,198,67,0.6608695652173913,1,False
trecrag,0,adapter,2024-38986,2024-158743,198,46,0.8631578947368421,0,False
trecrag,0,adapter,2024-38986,2024-18963,187,30,0.7241379310344828,1,False
trecrag,0,adapter,2024-38986,2024-19025,132,53,0.5205479452054794,1,False
trecrag,0,adapter,2024-38986,2024-213469,143,40,0.7804878048780488,0,False
trecrag,0,adapter,2024-38986,2024-213789,143,50,0.6766917293233082,1,False
trecrag,0,adapter,2024-38986,2024-213817,143,66,0.9302325581395349,1,False
trecrag,0,adapter,2024-38986,2024-213978,99,16,0.7741935483870968,1,False
trecrag,0,adapter,2024-38986,2024-214096,176,69,0.9076923076923077,0,False
trecrag,0,adapter,2024-38986,2024-214257,110,33,0.927536231884058,0,False
trecrag,0,adapter,2024-38986,2024-214467,77,42,0.9629629629629629,0,False
trecrag,0,adapter,2024-38986,2024-215044,165,19,0.7659574468085106,1,False
trecrag,0,adapter,2024-38986,2024-215952,110,32,0.8135593220338984,0,False
trecrag,0,adapter,2024-38986,2024-216592,220,75,0.9261744966442953,0,False
trecrag,0,adapter,2024-38986,2024-217279,132,45,0.8735632183908046,0,False
trecrag,0,adapter,2024-38986,2024-217812,140,62,0.9133858267716536,0,False
trecrag,0,adapter,2024-38986,2024-219563,110,43,0.6739130434782609,1,False
trecrag,0,adapter,2024-38986,2024-219624,143,52,0.9433962264150944,0,False
trecrag,0,adapter,2024-38986,2024-224279,165,52,0.6813186813186813,1,False
trecrag,0,adapter,2024-38986,2024-224701,198,83,0.8685714285714285,0,False
trecrag,0,adapter,2024-38986,2024-224926,121,9,0.4827586206896552,1,False
trecrag,0,adapter,2024-38986,2024-22886,220,83,0.9390243902439024,0,False
trecrag,0,adapter,2024-38986,2024-27366,176,68,0.6896551724137931,1,False
trecrag,0,adapter,2024-38986,2024-29182,165,40,0.8860759493670886,0,False
trecrag,0,adapter,2024-38986,2024-32912,99,63,0.9354838709677419,1,False
trecrag,0,adapter,2024-38986,2024-35227,198,83,0.8192771084337349,0,False
trecrag,0,adapter,2024-38986,2024-35269,110,56,0.972972972972973,0,False
trecrag,0,adapter,2024-38986,2024-35284,143,66,0.9618320610687023,0,False
trecrag,0,adapter,2024-38986,2024-35620,187,50,0.9142857142857143,0,False
trecrag,0,adapter,2024-38986,2024-38986,176,67,0.5825242718446602,1,True
trecrag,0,adapter,2024-38986,2024-41849,209,38,0.7157894736842105,1,False
trecrag,0,adapter,2024-38986,2024-42497,165,52,0.7154471544715447,1,False
trecrag,0,adapter,2024-38986,2024-43037,110,52,0.8737864077669902,0,False
trecrag,0,adapter,2024-38986,2024-43983,110,20,0.6666666666666666,1,False
trecrag,0,adapter,2024-38986,2024-44060,66,40,0.9512195121951219,0,False
trecrag,0,adapter,2024-38986,2024-58819,176,25,0.8181818181818182,0,False
trecrag,0,adapter,2024-38986,2024-73340,77,40,0.8974358974358975,1,False
trecrag,0,adapter,2024-38986,2024-73918,198,28,0.6461538461538462,1,False
trecrag,0,adapter,2024-38986,2024-79081,176,44,0.8163265306122449,1,False
trecrag,0,adapter,2024-38986,2024-79154,99,66,0.9923664122137404,0,False
trecrag,0,adapter,2024-38986,2024-88894,143,26,0.5416666666666666,1,False
trecrag,0,adapter,2024-38986,2024-94706,120,43,0.8048780487804879,0,False
trecrag,0,adapter,2024-38986,2024-96063,176,18,0.7894736842105263,0,False
trecrag,0,adapter,2024-38986,2024-96359,121,64,0.6851851851851852,1,False
trecrag,0,adapter,2024-41849,2024-105741,176,40,0.6349206349206349,1,False
trecrag,0,adapter,2024-41849,2024-121840,176,40,0.7631578947368421,0,False
trecrag,0,adapter,2024-41849,2024-127266,132,41,0.8095238095238095,1,False
trecrag,0,adapter,2024-41849,2024-129925,121,62,0.8173913043478261,1,False
trecrag,0,adapter,2024-41849,2024-141577,220,81,0.6065573770491803,1,False
trecrag,0,adapter,2024-41849,2024-142395,143,55,0.7692307692307693,1,False
trecrag,0,adapter,2024-41849,2024-143869,220,69,0.875,1,False
trecrag,0,adapter,2024-41849,2024-145979,165,90,0.9666666666666667,0,False
trecrag,0,adapter,2024-41849,2024-152259,132,58,0.9344262295081968,0,False
trecrag,0,adapter,2024-41849,2024-152817,176,67,0.8888888888888888,1,False
trecrag,0,adapter,2024-41849,2024-153051,154,89,0.9886363636363636,0,False
trecrag,0,adapter,2024-41849,2024-158261,187,21,0.7906976744186046,0,False
trecrag,0,adapter,2024-41849,2024-158677,198,67,0.6371681415929203,1,False
trecrag,0,adapter,2024-41849,2024-158743,198,46,0.8602150537634409,0,False
trecrag,0,adapter,2024-41849,2024-18963,187,30,0.7272727272727273,1,False
trecrag,0,adapter,2024-41849,2024-19025,132,53,0.43478260869565216,1,False
trecrag,0,adapter,2024-41849,2024-213469,143,40,0.7848101265822784,0,False
trecrag,0,adapter,2024-41849,2024-213789,143,50,0.6666666666666666,1,False
trecrag,0,adapter,2024-41849,2024-213817,143,66,0.9047619047619048,1,False
trecrag,0,adapter,2024-41849,2024-213978,99,16,0.8,1,False
trecrag,0,adapter,2024-41849,2024-214096,176,69,0.9076923076923077,0,False
trecrag,0,adapter,2024-41849,2024-214257,110,33,0.927536231884058,0,False
trecrag,0,adapter,2024-41849,2024-214467,77,42,0.95,0,False
trecrag,0,adapter,2024-41849,2024-215044,165,19,0.8181818181818182,1,False
trecrag,0,adapter,2024-41849,2024-215952,110,32,0.8275862068965517,0,False
trecrag,0,adapter,2024-41849,2024-216592,220,75,0.9261744966442953,0,False
trecrag,0,adapter,2024-41849,2024-217279,132,45,0.8571428571428571,0,False
trecrag,0,adapter,2024-41849,2024-217812,140,62,0.9105691056910569,0,False
trecrag,0,adapter,2024-41849,2024-219563,110,43,0.6746987951807228,1,False
trecrag,0,adapter,2024-41849,2024-219624,143,52,0.9433962264150944,0,False
trecrag,0,adapter,2024-41849,2024-224279,165,52,0.6352941176470588,1,False
trecrag,0,adapter,2024-41849,2024-224701,198,83,0.8421052631578947,0,False
trecrag,0,adapter,2024-41849,2024-224926,121,9,0.48,1,False
trecrag,0,adapter,2024-41849,2024-22886,220,83,0.9192546583850931,0,False
trecrag,0,adapter,2024-41849,2024-27366,176,68,0.6238532110091743,1,False
trecrag,0,adapter,2024-41849,2024-29182,165,40,0.868421052631579,0,False
trecrag,0,adapter,2024-41849,2024-32912,99,63,0.9421487603305785,1,False
trecrag,0,adapter,2024-41849,2024-35227,198,83,0.8198757763975155,0,False
trecrag,0,adapter,2024-41849,2024-35269,110,56,0.9541284403669725,0,False
trecrag,0,adapter,2024-41849,2024-35284,143,66,0.9612403100775194,0,False
trecrag,0,adapter,2024-41849,2024-35620,187,50,0.9320388349514563,0,False
trecrag,0,adapter,2024-41849,2024-38986,176,67,0.5858585858585859,1,False
trecrag,0,adapter,2024-41849,2024-41849,209,38,0.7586206896551724,1,True
trecrag,0,adapter,2024-41849,2024-42497,165,52,0.7719298245614035,1,False
trecrag,0,adapter,2024-41849,2024-43037,110,52,0.86,0,False
trecrag,0,adapter,2024-41849,2024-43983,110,20,0.6829268292682927,1,False
trecrag,0,adapter,2024-41849,2024-44060,66,40,0.9382716049382716,0,False
trecrag,0,adapter,2024-41849,2024-58819,176,25,0.7906976744186046,0,False
trecrag,0,adapter,2024-41849,2024-73340,77,40,0.8974358974358975,1,False
trecrag,0,adapter,2024-41849,2024-73918,198,28,0.6551724137931034,1,False
trecrag,0,adapter,2024-41849,2024-79081,176,44,0.7816091954022989,1,False
trecrag,0,adapter,2024-41849,2024-79154,99,66,0.9846153846153847,0,False
trecrag,0,adapter,2024-41849,2024-88894,143,26,0.45,1,False
trecrag,0,adapter,2024-41849,2024-94706,120,43,0.759493670886076,0,False
trecrag,0,adapter,2024-41849,2024-96063,176,18,0.7878787878787878,0,False
trecrag,0,adapter,2024-41849,2024-96359,121,64,0.62,1,False
trecrag,0,adapter,2024-42497,2024-105741,176,40,0.676923076923077,1,False
trecrag,0,adapter,2024-42497,2024-121840,176,40,0.7532467532467533,0,False
trecrag,0,adapter,2024-42497,2024-127266,132,41,0.7816091954022989,1,False
trecrag,0,adapter,2024-42497,2024-129925,121,62,0.8275862068965517,1,False
trecrag,0,adapter,2024-42497,2024-141577,220,81,0.6178861788617886,1,False
trecrag,0,adapter,2024-42497,2024-142395,143,55,0.7735849056603774,1,False
trecrag,0,adapter,2024-42497,2024-143869,220,69,0.875,1,False
trecrag,0,adapter,2024-42497,2024-145979,165,90,0.9666666666666667,0,False
trecrag,0,adapter,2024-42497,2024-152259,132,58,0.9344262295081968,0,False
trecrag,0,adapter,2024-42497,2024-152817,176,67,0.8888888888888888,1,False
trecrag,0,adapter,2024-42497,2024-153051,154,89,0.9943502824858758,0,False
trecrag,0,adapter,2024-42497,2024-158261,187,21,0.7906976744186046,0,False
trecrag,0,adapter,2024-42497,2024-158677,198,67,0.6371681415929203,1,False
trecrag,0,adapter,2024-42497,2024-158743,198,46,0.8602150537634409,0,False
trecrag,0,adapter,2024-42497,2024-18963,187,30,0.7272727272727273,1,False
trecrag,0,adapter,2024-42497,2024-19025,132,53,0.45714285714285713,1,False
trecrag,0,adapter,2024-42497,2024-213469,143,40,0.8,0,False
trecrag,0,adapter,2024-42497,2024-213789,143,50,0.672,1,False
trecrag,0,adapter,2024-42497,2024-213817,143,66,0.9302325581395349,1,False
trecrag,0,adapter,2024-42497,2024-213978,99,16,0.8,1,False
trecrag,0,adapter,2024-42497,2024-214096,176,69,0.9076923076923077,0,False
trecrag,0,adapter,2024-42497,2024-214257,110,33,0.927536231884058,0,False
trecrag,0,adapter,2024-42497,2024-214467,77,42,0.95,0,False
trecrag,0,adapter,2024-42497,2024-215044,165,19,0.782608695652174,1,False
trecrag,0,adapter,2024-42497,2024-215952,110,32,0.8275862068965517,0,False
trecrag,0,adapter,2024-42497,2024-216592,220,75,0.9261744966442953,0,False
trecrag,0,adapter,2024-42497,2024-217279,132,45,0.8470588235294118,0,False
trecrag,0,adapter,2024-42497,2024-217812,140,62,0.896,0,False
trecrag,0,adapter,2024-42497,2024-219563,110,43,0.7058823529411765,1,False
trecrag,0,adapter,2024-42497,2024-219624,143,52,0.9433962264150944,0,False
trecrag,0,adapter,2024-42497,2024-224279,165,52,0.6352941176470588,1,False
trecrag,0,adapter,2024-42497,2024-224701,198,83,0.8421052631578947,0,False
trecrag,0,adapter,2024-42497,2024-224926,121,9,0.48,1,False
trecrag,0,adapter,2024-42497,2024-22886,220,83,0.9259259259259259,0,False
trecrag,0,adapter,2024-42497,2024-27366,176,68,0.6486486486486487,1,False
trecrag,0,adapter,2024-42497,2024-29182,165,40,0.868421052631579,0,False
trecrag,0,adapter,2024-42497,2024-32912,99,63,0.9344262295081968,1,False
trecrag,0,adapter,2024-42497,2024-35227,198,83,0.8148148148148148,0,False
trecrag,0,adapter,2024-42497,2024-35269,110,56,0.9541284403669725,0,False
trecrag,0,adapter,2024-42497,2024-35284,143,66,0.9692307692307692,0,False
trecrag,0,adapter,2024-42497,2024-35620,187,50,0.9320388349514563,0,False
trecrag,0,adapter,2024-42497,2024-38986,176,67,0.5858585858585859,1,False
trecrag,0,adapter,2024-42497,2024-41849,209,38,0.75,1,False
trecrag,0,adapter,2024-42497,2024-42497,165,52,0.7857142857142857,1,True
trecrag,0,adapter,2024-42497,2024-43037,110,52,0.8514851485148515,0,False
trecrag,0,adapter,2024-42497,2024-43983,110,20,0.6666666666666666,1,False
trecrag,0,adapter,2024-42497,2024-44060,66,40,0.9382716049382716,0,False
trecrag,0,adapter,2024-42497,2024-58819,176,25,0.7906976744186046,0,False
trecrag,0,adapter,2024-42497,2024-73340,77,40,0.8974358974358975,1,False
trecrag,0,adapter,2024-42497,2024-73918,198,28,0.6557377049180327,1,False
trecrag,0,adapter,2024-42497,2024-79081,176,44,0.7865168539325843,1,False
trecrag,0,adapter,2024-42497,2024-79154,99,66,0.9846153846153847,0,False
trecrag,0,adapter,2024-42497,2024-88894,143,26,0.43902439024390244,1,False
trecrag,0,adapter,2024-42497,2024-94706,120,43,0.759493670886076,0,False
trecrag,0,adapter,2024-42497,2024-96063,176,18,0.8,0,False
trecrag,0,adapter,2024-42497,2024-96359,121,64,0.6730769230769231,1,False
trecrag,0,adapter,2024-43037,2024-105741,176,40,0.7164179104477612,1,False
trecrag,0,adapter,2024-43037,2024-121840,176,40,0.7435897435897436,0,False
trecrag,0,adapter,2024-43037,2024-127266,132,41,0.7472527472527473,1,False
trecrag,0,adapter,2024-43037,2024-129925,121,62,0.8275862068965517,1,False
trecrag,0,adapter,2024-43037,2024-141577,220,81,0.64,1,False
trecrag,0,adapter,2024-43037,2024-142395,143,55,0.8108108108108109,1,False
trecrag,0,adapter,2024-43037,2024-143869,220,69,0.8787878787878788,1,False
trecrag,0,adapter,2024-43037,2024-145979,165,90,0.9613259668508287,0,False
trecrag,0,adapter,2024-43037,2024-152259,132,58,0.9344262295081968,0,False
trecrag,0,adapter,2024-43037,2024-152817,176,67,0.8888888888888888,1,False
trecrag,0,adapter,2024-43037,2024-153051,154,89,0.9943502824858758,0,False
trecrag,0,adapter,2024-43037,2024-158261,187,21,0.7555555555555555,0,False
trecrag,0,adapter,2024-43037,2024-158677,198,67,0.6608695652173913,1,False
trecrag,0,adapter,2024-43037,2024-158743,198,46,0.851063829787234,0,False
trecrag,0,adapter,2024-43037,2024-18963,187,30,0.7142857142857143,1,False
trecrag,0,adapter,2024-43037,2024-19025,132,53,0.4788732394366197,1,False
trecrag,0,adapter,2024-43037,2024-213469,143,40,0.8,0,False
trecrag,0,adapter,2024-43037,2024-213789,143,50,0.676923076923077,1,False
trecrag,0,adapter,2024-43037,2024-213817,143,66,0.9302325581395349,1,False
trecrag,0,adapter,2024-43037,2024-213978,99,16,0.8,1,False
trecrag,0,adapter,2024-43037,2024-214096,176,69,0.9076923076923077,0,False
trecrag,0,adapter,2024-43037,2024-214257,110,33,0.927536231884058,0,False
trecrag,0,adapter,2024-43037,2024-214467,77,42,0.95,0,False
trecrag,0,adapter,2024-43037,2024-215044,165,19,0.7659574468085106,1,False
trecrag,0,adapter,2024-43037,2024-215952,110,32,0.8135593220338984,0,False
trecrag,0,adapter,2024-43037,2024-216592,220,75,0.9261744966442953,0,False
trecrag,0,adapter,2024-43037,2024-217279,132,45,0.8604651162790697,0,False
trecrag,0,adapter,2024-43037,2024-217812,140,62,0.896,0,False
trecrag,0,adapter,2024-43037,2024-219563,110,43,0.7045454545454546,1,False
trecrag,0,adapter,2024-43037,2024-219624,143,52,0.9433962264150944,0,False
trecrag,0,adapter,2024-43037,2024-224279,165,52,0.6888888888888889,1,False
trecrag,0,adapter,2024-43037,2024-224701,198,83,0.8620689655172413,0,False
trecrag,0,adapter,2024-43037,2024-224926,121,9,0.5185185185185185,1,False
trecrag,0,adapter,2024-43037,2024-22886,220,83,0.9390243902439024,0,False
trecrag,0,adapter,2024-43037,2024-27366,176,68,0.6666666666666666,1,False
trecrag,0,adapter,2024-43037,2024-29182,165,40,0.8860759493670886,0,False
trecrag,0,adapter,2024-43037,2024-32912,99,63,0.926829268292683,1,False
trecrag,0,adapter,2024-43037,2024-35227,198,83,0.8170731707317073,0,False
trecrag,0,adapter,2024-43037,2024-35269,110,56,0.9636363636363636,0,False
trecrag,0,adapter,2024-43037,2024-35284,143,66,0.9692307692307692,0,False
trecrag,0,adapter,2024-43037,2024-35620,187,50,0.9230769230769231,0,False
trecrag,0,adapter,2024-43037,2024-38986,176,67,0.58,1,False
trecrag,0,adapter,2024-43037,2024-41849,209,38,0.717391304347826,1,False
trecrag,0,adapter,2024-43037,2024-42497,165,52,0.7272727272727273,1,False
trecrag,0,adapter,2024-43037,2024-43037,110,52,0.8737864077669902,0,True
trecrag,0,adapter,2024-43037,2024-43983,110,20,0.6363636363636364,1,False
trecrag,0,adapter,2024-43037,2024-44060,66,40,0.9512195121951219,0,False
trecrag,0,adapter,2024-43037,2024-58819,176,25,0.7906976744186046,0,False
trecrag,0,adapter,2024-43037,2024-73340,77,40,0.8974358974358975,1,False
trecrag,0,adapter,2024-43037,2024-73918,198,28,0.6666666666666666,1,False
trecrag,0,adapter,2024-43037,2024-79081,176,44,0.8247422680412371,1,False
trecrag,0,adapter,2024-43037,2024-79154,99,66,0.9846153846153847,0,False
trecrag,0,adapter,2024-43037,2024-88894,143,26,0.5217391304347826,1,False
trecrag,0,adapter,2024-43037,2024-94706,120,43,0.7901234567901234,0,False
trecrag,0,adapter,2024-43037,2024-96063,176,18,0.8333333333333334,0,False
trecrag,0,adapter,2024-43037,2024-96359,121,64,0.6981132075471698,1,False
trecrag,0,adapter,2024-43983,2024-105741,176,40,0.676923076923077,1,False
trecrag,0,adapter,2024-43983,2024-121840,176,40,0.7532467532467533,0,False
trecrag,0,adapter,2024-43983,2024-127266,132,41,0.7640449438202247,1,False
trecrag,0,adapter,2024-43983,2024-129925,121,62,0.8275862068965517,1,False
trecrag,0,adapter,2024-43983,2024-141577,220,81,0.6178861788617886,1,False
trecrag,0,adapter,2024-43983,2024-142395,143,55,0.7777777777777778,1,False
trecrag,0,adapter,2024-43983,2024-143869,220,69,0.8854961832061069,1,False
trecrag,0,adapter,2024-43983,2024-145979,165,90,0.9666666666666667,0,False
trecrag,0,adapter,2024-43983,2024-152259,132,58,0.9344262295081968,0,False
trecrag,0,adapter,2024-43983,2024-152817,176,67,0.8888888888888888,1,False
trecrag,0,adapter,2024-43983,2024-153051,154,89,0.9943502824858758,0,False
trecrag,0,adapter,2024-43983,2024-158261,187,21,0.7727272727272727,0,False
trecrag,0,adapter,2024-43983,2024-158677,198,67,0.6491228070175439,1,False
trecrag,0,adapter,2024-43983,2024-158743,198,46,0.8602150537634409,0,False
trecrag,0,adapter,2024-43983,2024-18963,187,30,0.7142857142857143,1,False
trecrag,0,adapter,2024-43983,2024-19025,132,53,0.4788732394366197,1,False
trecrag,0,adapter,2024-43983,2024-213469,143,40,0.8,0,False
trecrag,0,adapter,2024-43983,2024-213789,143,50,0.6875,1,False
trecrag,0,adapter,2024-43983,2024-213817,143,66,0.9302325581395349,1,False
trecrag,0,adapter,2024-43983,2024-213978,99,16,0.8,1,False
trecrag,0,adapter,2024-43983,2024-214096,176,69,0.9076923076923077,0,False
trecrag,0,adapter,2024-43983,2024-214257,110,33,0.927536231884058,0,False
trecrag,0,adapter,2024-43983,2024-214467,77,42,0.95,0,False
trecrag,0,adapter,2024-43983,2024-215044,165,19,0.782608695652174,1,False
trecrag,0,adapter,2024-43983,2024-215952,110,32,0.8135593220338984,0,False
trecrag,0,adapter,2024-43983,2024-216592,220,75,0.9261744966442953,0,False
trecrag,0,adapter,2024-43983,2024-217279,132,45,0.8470588235294118,0,False
trecrag,0,adapter,2024-43983,2024-217812,140,62,0.896,0,False
trecrag,0,adapter,2024-43983,2024-219563,110,43,0.6896551724137931,1,False
trecrag,0,adapter,2024-43983,2024-219624,143,52,0.9433962264150944,0,False
trecrag,0,adapter,2024-43983,2024-224279,165,52,0.6818181818181818,1,False
trecrag,0,adapter,2024-43983,2024-224701,198,83,0.8488372093023255,0,False
trecrag,0,adapter,2024-43983,2024-224926,121,9,0.5384615384615384,1,False
trecrag,0,adapter,2024-43983,2024-22886,220,83,0.9325153374233128,0,False
trecrag,0,adapter,2024-43983,2024-27366,176,68,0.6607142857142857,1,False
trecrag,0,adapter,2024-43983,2024-29182,165,40,0.8974358974358975,0,False
trecrag,0,adapter,2024-43983,2024-32912,99,63,0.926829268292683,1,False
trecrag,0,adapter,2024-43983,2024-35227,198,83,0.8098159509202454,0,False
trecrag,0,adapter,2024-43983,2024-35269,110,56,0.9636363636363636,0,False
trecrag,0,adapter,2024-43983,2024-35284,143,66,0.9692307692307692,0,False
trecrag,0,adapter,2024-43983,2024-35620,187,50,0.9320388349514563,0,False
trecrag,0,adapter,2024-43983,2024-38986,176,67,0.58,1,False
trecrag,0,adapter,2024-43983,2024-41849,209,38,0.717391304347826,1,False
trecrag,0,adapter,2024-43983,2024-42497,165,52,0.7333333333333333,1,False
trecrag,0,adapter,2024-43983,2024-43037,110,52,0.8627450980392157,0,False
trecrag,0,adapter,2024-43983,2024-43983,110,20,0.6829268292682927,1,True
trecrag,0,adapter,2024-43983,2024-44060,66,40,0.9382716049382716,0,False
trecrag,0,adapter,2024-43983,2024-58819,176,25,0.7906976744186046,0,False
trecrag,0,adapter,2024-43983,2024-73340,77,40,0.8974358974358975,1,False
trecrag,0,adapter,2024-43983,2024-73918,198,28,0.6451612903225806,1,False
trecrag,0,adapter,2024-43983,2024-79081,176,44,0.7608695652173914,1,False
trecrag,0,adapter,2024-43983,2024-79154,99,66,0.9846153846153847,0,False
trecrag,0,adapter,2024-43983,2024-88894,143,26,0.4888888888888889,1,False
trecrag,0,adapter,2024-43983,2024-94706,120,43,0.759493670886076,0,False
trecrag,0,adapter,2024-43983,2024-96063,176,18,0.8,0,False
trecrag,0,adapter,2024-43983,2024-96359,121,64,0.6857142857142857,1,False
trecrag,0,adapter,2024-44060,2024-105741,176,40,0.7164179104477612,1,False
trecrag,0,adapter,2024-44060,2024-121840,176,40,0.7341772151898734,0,False
trecrag,0,adapter,2024-44060,2024-127266,132,41,0.7391304347826086,1,False
trecrag,0,adapter,2024-44060,2024-129925,121,62,0.8275862068965517,1,False
trecrag,0,adapter,2024-44060,2024-141577,220,81,0.64,1,False
trecrag,0,adapter,2024-44060,2024-142395,143,55,0.8108108108108109,1,False
trecrag,0,adapter,2024-44060,2024-143869,220,69,0.8787878787878788,1,False
trecrag,0,adapter,2024-44060,2024-145979,165,90,0.9613259668508287,0,False
trecrag,0,adapter,2024-44060,2024-152259,132,58,0.9344262295081968,0,False
trecrag,0,adapter,2024-44060,2024-152817,176,67,0.8888888888888888,1,False
trecrag,0,adapter,2024-44060,2024-153051,154,89,0.9943502824858758,0,False
trecrag,0,adapter,2024-44060,2024-158261,187,21,0.7555555555555555,0,False
trecrag,0,adapter,2024-44060,2024-158677,198,67,0.6608695652173913,1,False
trecrag,0,adapter,2024-44060,2024-158743,198,46,0.851063829787234,0,False
trecrag,0,adapter,2024-44060,2024-18963,187,30,0.7142857142857143,1,False
trecrag,0,adapter,2024-44060,2024-19025,132,53,0.4788732394366197,1,False
trecrag,0,adapter,2024-44060,2024-213469,143,40,0.8,0,False
trecrag,0,adapter,2024-44060,2024-213789,143,50,0.676923076923077,1,False
trecrag,0,adapter,2024-44060,2024-213817,143,66,0.9302325581395349,1,False
trecrag,0,adapter,2024-44060,2024-213978,99,16,0.7741935483870968,1,False
trecrag,0,adapter,2024-44060,2024-214096,176,69,0.9076923076923077,0,False
trecrag,0,adapter,2024-44060,2024-214257,110,33,0.927536231884058,0,False
trecrag,0,adapter,2024-44060,2024-214467,77,42,0.9629629629629629,0,False
trecrag,0,adapter,2024-44060,2024-215044,165,19,0.7659574468085106,1,False
trecrag,0,adapter,2024-44060,2024-215952,110,32,0.8135593220338984,0,False
trecrag,0,adapter,2024-44060,2024-216592,220,75,0.9261744966442953,0,False
trecrag,0,adapter,2024-44060,2024-217279,132,45,0.8604651162790697,0,False
trecrag,0,adapter,2024-44060,2024-217812,140,62,0.896,0,False
trecrag,0,adapter,2024-44060,2024-219563,110,43,0.6966292134831461,1,False
trecrag,0,adapter,2024-44060,2024-219624,143,52,0.9433962264150944,0,False
trecrag,0,adapter,2024-44060,2024-224279,165,52,0.6888888888888889,1,False
trecrag,0,adapter,2024-44060,2024-224701,198,83,0.8620689655172413,0,False
trecrag,0,adapter,2024-44060,2024-224926,121,9,0.4827586206896552,1,False
trecrag,0,adapter,2024-44060,2024-22886,220,83,0.9390243902439024,0,False
trecrag,0,adapter,2024-44060,2024-27366,176,68,0.6666666666666666,1,False
trecrag,0,adapter,2024-44060,2024-29182,165,40,0.8860759493670886,0,False
trecrag,0,adapter,2024-44060,2024-32912,99,63,0.926829268292683,1,False
trecrag,0,adapter,2024-44060,2024-35227,198,83,0.8170731707317073,0,False
trecrag,0,adapter,2024-44060,2024-35269,110,56,0.9636363636363636,0,False
trecrag,0,adapter,2024-44060,2024-35284,143,66,0.9692307692307692,0,False
trecrag,0,adapter,2024-44060,2024-35620,187,50,0.9230769230769231,0,False
trecrag,0,adapter,2024-44060,2024-38986,176,67,0.594059405940594,1,False
trecrag,0,adapter,2024-44060,2024-41849,209,38,0.717391304347826,1,False
trecrag,0,adapter,2024-44060,2024-42497,165,52,0.7272727272727273,1,False
trecrag,0,adapter,2024-44060,2024-43037,110,52,0.8737864077669902,0,False
trecrag,0,adapter,2024-44060,2024-43983,110,20,0.6363636363636364,1,False
trecrag,0,adapter,2024-44060,2024-44060,66,40,0.9512195121951219,0,True
trecrag,0,adapter,2024-44060,2024-58819,176,25,0.7906976744186046,0,False
trecrag,0,adapter,2024-44060,2024-73340,77,40,0.8974358974358975,1,False
trecrag,0,adapter,2024-44060,2024-73918,198,28,0.6666666666666666,1,False
trecrag,0,adapter,2024-44060,2024-79081,176,44,0.8247422680412371,1,False
trecrag,0,adapter,2024-44060,2024-79154,99,66,0.9846153846153847,0,False
trecrag,0,adapter,2024-44060,2024-88894,143,26,0.5217391304347826,1,False
trecrag,0,adapter,2024-44060,2024-94706,120,43,0.7901234567901234,0,False
trecrag,0,adapter,2024-44060,2024-96063,176,18,0.8333333333333334,0,False
trecrag,0,adapter,2024-44060,2024-96359,121,64,0.6915887850467289,1,False
trecrag,0,adapter,2024-58819,2024-105741,176,40,0.7164179104477612,1,False
trecrag,0,adapter,2024-58819,2024-121840,176,40,0.7341772151898734,0,False
trecrag,0,adapter,2024-58819,2024-127266,132,41,0.7391304347826086,1,False
trecrag,0,adapter,2024-58819,2024-129925,121,62,0.8275862068965517,1,False
trecrag,0,adapter,2024-58819,2024-141577,220,81,0.64,1,False
trecrag,0,adapter,2024-58819,2024-142395,143,55,0.8108108108108109,1,False
trecrag,0,adapter,2024-58819,2024-143869,220,69,0.8787878787878788,1,False
trecrag,0,adapter,2024-58819,2024-145979,165,90,0.9613259668508287,0,False
trecrag,0,adapter,2024-58819,2024-152259,132,58,0.9344262295081968,0,False
trecrag,0,adapter,2024-58819,2024-152817,176,67,0.8888888888888888,1,False
trecrag,0,adapter,2024-58819,2024-153051,154,89,0.9943502824858758,0,False
trecrag,0,adapter,2024-58819,2024-158261,187,21,0.7555555555555555,0,False
trecrag,0,adapter,2024-58819,2024-158677,198,67,0.6608695652173913,1,False
trecrag,0,adapter,2024-58819,2024-158743,198,46,0.851063829787234,0,False
trecrag,0,adapter,2024-58819,2024-18963,187,30,0.7142857142857143,1,False
trecrag,0,adapter,2024-58819,2024-19025,132,53,0.4788732394366197,1,False
trecrag,0,adapter,2024-58819,2024-213469,143,40,0.8,0,False
trecrag,0,adapter,2024-58819,2024-213789,143,50,0.676923076923077,1,False
trecrag,0,adapter,2024-58819,2024-213817,143,66,0.9302325581395349,1,False
trecrag,0,adapter,2024-58819,2024-213978,99,16,0.7741935483870968,1,False
trecrag,0,adapter,2024-58819,2024-214096,176,69,0.9076923076923077,0,False
trecrag,0,adapter,2024-58819,2024-214257,110,33,0.927536231884058,0,False
trecrag,0,adapter,2024-58819,2024-214467,77,42,0.9629629629629629,0,False
trecrag,0,adapter,2024-58819,2024-215044,165,19,0.7659574468085106,1,False
trecrag,0,adapter,2024-58819,2024-215952,110,32,0.8135593220338984,0,False
trecrag,0,adapter,2024-58819,2024-216592,220,75,0.9261744966442953,0,False
trecrag,0,adapter,2024-58819,2024-217279,132,45,0.8604651162790697,0,False
trecrag,0,adapter,2024-58819,2024-217812,140,62,0.896,0,False
trecrag,0,adapter,2024-58819,2024-219563,110,43,0.6888888888888889,1,False
trecrag,0,adapter,2024-58819,2024-219624,143,52,0.9433962264150944,0,False
trecrag,0,adapter,2024-58819,2024-224279,165,52,0.6888888888888889,1,False
trecrag,0,adapter,2024-58819,2024-224701,198,83,0.8620689655172413,0,False
trecrag,0,adapter,2024-58819,2024-224926,121,9,0.4827586206896552,1,False
trecrag,0,adapter,2024-58819,2024-22886,220,83,0.9390243902439024,0,False
trecrag,0,adapter,2024-58819,2024-27366,176,68,0.6666666666666666,1,False
trecrag,0,adapter,2024-58819,2024-29182,165,40,0.8860759493670886,0,False
trecrag,0,adapter,2024-58819,2024-32912,99,63,0.926829268292683,1,False
trecrag,0,adapter,2024-58819,2024-35227,198,83,0.8170731707317073,0,False
trecrag,0,adapter,2024-58819,2024-35269,110,56,0.9636363636363636,0,False
trecrag,0,adapter,2024-58819,2024-35284,143,66,0.9692307692307692,0,False
trecrag,0,adapter,2024-58819,2024-35620,187,50,0.9230769230769231,0,False
trecrag,0,adapter,2024-58819,2024-38986,176,67,0.58,1,False
trecrag,0,adapter,2024-58819,2024-41849,209,38,0.717391304347826,1,False
trecrag,0,adapter,2024-58819,2024-42497,165,52,0.7272727272727273,1,False
trecrag,0,adapter,2024-58819,2024-43037,110,52,0.8737864077669902,0,False
trecrag,0,adapter,2024-58819,2024-43983,110,20,0.6363636363636364,1,False
trecrag,0,adapter,2024-58819,2024-44060,66,40,0.9512195121951219,0,False
trecrag,0,adapter,2024-58819,2024-58819,176,25,0.7906976744186046,0,True
trecrag,0,adapter,2024-58819,2024-73340,77,40,0.8974358974358975,1,False
trecrag,0,adapter,2024-58819,2024-73918,198,28,0.6666666666666666,1,False
trecrag,0,adapter,2024-58819,2024-79081,176,44,0.8247422680412371,1,False
trecrag,0,adapter,2024-58819,2024-79154,99,66,0.9846153846153847,0,False
trecrag,0,adapter,2024-58819,2024-88894,143,26,0.5217391304347826,1,False
trecrag,0,adapter,2024-58819,2024-94706,120,43,0.7901234567901234,0,False
trecrag,0,adapter,2024-58819,2024-96063,176,18,0.8333333333333334,0,False
trecrag,0,adapter,2024-58819,2024-96359,121,64,0.6915887850467289,1,False
trecrag,0,adapter,2024-73340,2024-105741,176,40,0.676923076923077,1,False
trecrag,0,adapter,2024-73340,2024-121840,176,40,0.7435897435897436,0,False
trecrag,0,adapter,2024-73340,2024-127266,132,41,0.7472527472527473,1,False
trecrag,0,adapter,2024-73340,2024-129925,121,62,0.8275862068965517,1,False
trecrag,0,adapter,2024-73340,2024-141577,220,81,0.64,1,False
trecrag,0,adapter,2024-73340,2024-142395,143,55,0.8108108108108109,1,False
trecrag,0,adapter,2024-73340,2024-143869,220,69,0.8787878787878788,1,False
trecrag,0,adapter,2024-73340,2024-145979,165,90,0.9613259668508287,0,False
trecrag,0,adapter,2024-73340,2024-152259,132,58,0.9344262295081968,0,False
trecrag,0,adapter,2024-73340,2024-152817,176,67,0.8888888888888888,1,False
trecrag,0,adapter,2024-73340,2024-153051,154,89,0.9943502824858758,0,False
trecrag,0,adapter,2024-73340,2024-158261,187,21,0.7727272727272727,0,False
trecrag,0,adapter,2024-73340,2024-158677,198,67,0.6608695652173913,1,False
trecrag,0,adapter,2024-73340,2024-158743,198,46,0.851063829787234,0,False
trecrag,0,adapter,2024-73340,2024-18963,187,30,0.7142857142857143,1,False
trecrag,0,adapter,2024-73340,2024-19025,132,53,0.4788732394366197,1,False
trecrag,0,adapter,2024-73340,2024-213469,143,40,0.8,0,False
trecrag,0,adapter,2024-73340,2024-213789,143,50,0.6821705426356589,1,False
trecrag,0,adapter,2024-73340,2024-213817,143,66,0.9302325581395349,1,False
trecrag,0,adapter,2024-73340,2024-213978,99,16,0.8,1,False
trecrag,0,adapter,2024-73340,2024-214096,176,69,0.9076923076923077,0,False
trecrag,0,adapter,2024-73340,2024-214257,110,33,0.927536231884058,0,False
trecrag,0,adapter,2024-73340,2024-214467,77,42,0.95,0,False
trecrag,0,adapter,2024-73340,2024-215044,165,19,0.782608695652174,1,False
trecrag,0,adapter,2024-73340,2024-215952,110,32,0.8135593220338984,0,False
trecrag,0,adapter,2024-73340,2024-216592,220,75,0.9261744966442953,0,False
trecrag,0,adapter,2024-73340,2024-217279,132,45,0.8604651162790697,0,False
trecrag,0,adapter,2024-73340,2024-217812,140,62,0.896,0,False
trecrag,0,adapter,2024-73340,2024-219563,110,43,0.7045454545454546,1,False
trecrag,0,adapter,2024-73340,2024-219624,143,52,0.9433962264150944,0,False
trecrag,0,adapter,2024-73340,2024-224279,165,52,0.6888888888888889,1,False
trecrag,0,adapter,2024-73340,2024-224701,198,83,0.8620689655172413,0,False
trecrag,0,adapter,2024-73340,2024-224926,121,9,0.5185185185185185,1,False
trecrag,0,adapter,2024-73340,2024-22886,220,83,0.9325153374233128,0,False
trecrag,0,adapter,2024-73340,2024-27366,176,68,0.6666666666666666,1,False
trecrag,0,adapter,2024-73340,2024-29182,165,40,0.8860759493670886,0,False
trecrag,0,adapter,2024-73340,2024-32912,99,63,0.926829268292683,1,False
trecrag,0,adapter,2024-73340,2024-35227,198,83,0.8098159509202454,0,False
trecrag,0,adapter,2024-73340,2024-35269,110,56,0.9636363636363636,0,False
trecrag,0,adapter,2024-73340,2024-35284,143,66,0.9692307692307692,0,False
trecrag,0,adapter,2024-73340,2024-35620,187,50,0.9230769230769231,0,False
trecrag,0,adapter,2024-73340,2024-38986,176,67,0.58,1,False
trecrag,0,adapter,2024-73340,2024-41849,209,38,0.717391304347826,1,False
trecrag,0,adapter,2024-73340,2024-42497,165,52,0.7272727272727273,1,False
trecrag,0,adapter,2024-73340,2024-43037,110,52,0.8737864077669902,0,False
trecrag,0,adapter,2024-73340,2024-43983,110,20,0.6363636363636364,1,False
trecrag,0,adapter,2024-73340,2024-44060,66,40,0.9512195121951219,0,False
trecrag,0,adapter,2024-73340,2024-58819,176,25,0.7906976744186046,0,False
trecrag,0,adapter,2024-73340,2024-73340,77,40,0.8974358974358975,1,True
trecrag,0,adapter,2024-73340,2024-73918,198,28,0.6666666666666666,1,False
trecrag,0,adapter,2024-73340,2024-79081,176,44,0.8,1,False
trecrag,0,adapter,2024-73340,2024-79154,99,66,0.9846153846153847,0,False
trecrag,0,adapter,2024-73340,2024-88894,143,26,0.5217391304347826,1,False
trecrag,0,adapter,2024-73340,2024-94706,120,43,0.7901234567901234,0,False
trecrag,0,adapter,2024-73340,2024-96063,176,18,0.8333333333333334,0,False
trecrag,0,adapter,2024-73340,2024-96359,121,64,0.6981132075471698,1,False
trecrag,0,adapter,2024-73918,2024-105741,176,40,0.676923076923077,1,False
trecrag,0,adapter,2024-73918,2024-121840,176,40,0.7532467532467533,0,False
trecrag,0,adapter,2024-73918,2024-127266,132,41,0.7906976744186046,1,False
trecrag,0,adapter,2024-73918,2024-129925,121,62,0.8275862068965517,1,False
trecrag,0,adapter,2024-73918,2024-141577,220,81,0.6178861788617886,1,False
trecrag,0,adapter,2024-73918,2024-142395,143,55,0.7735849056603774,1,False
trecrag,0,adapter,2024-73918,2024-143869,220,69,0.8854961832061069,1,False
trecrag,0,adapter,2024-73918,2024-145979,165,90,0.9666666666666667,0,False
trecrag,0,adapter,2024-73918,2024-152259,132,58,0.9344262295081968,0,False
trecrag,0,adapter,2024-73918,2024-152817,176,67,0.8888888888888888,1,False
trecrag,0,adapter,2024-73918,2024-153051,154,89,0.9943502824858758,0,False
trecrag,0,adapter,2024-73918,2024-158261,187,21,0.7906976744186046,0,False
trecrag,0,adapter,2024-73918,2024-158677,198,67,0.6371681415929203,1,False
trecrag,0,adapter,2024-73918,2024-158743,198,46,0.8602150537634409,0,False
trecrag,0,adapter,2024-73918,2024-18963,187,30,0.7142857142857143,1,False
trecrag,0,adapter,2024-73918,2024-19025,132,53,0.45714285714285713,1,False
trecrag,0,adapter,2024-73918,2024-213469,143,40,0.8,0,False
trecrag,0,adapter,2024-73918,2024-213789,143,50,0.6771653543307087,1,False
trecrag,0,adapter,2024-73918,2024-213817,143,66,0.9302325581395349,1,False
trecrag,0,adapter,2024-73918,2024-213978,99,16,0.8,1,False
trecrag,0,adapter,2024-73918,2024-214096,176,69,0.9076923076923077,0,False
trecrag,0,adapter,2024-73918,2024-214257,110,33,0.927536231884058,0,False
trecrag,0,adapter,2024-73918,2024-214467,77,42,0.95,0,False
trecrag,0,adapter,2024-73918,2024-215044,165,19,0.8,1,False
trecrag,0,adapter,2024-73918,2024-215952,110,32,0.8275862068965517,0,False
trecrag,0,adapter,2024-73918,2024-216592,220,75,0.9261744966442953,0,False
trecrag,0,adapter,2024-73918,2024-217279,132,45,0.8470588235294118,0,False
trecrag,0,adapter,2024-73918,2024-217812,140,62,0.896,0,False
trecrag,0,adapter,2024-73918,2024-219563,110,43,0.7058823529411765,1,False
trecrag,0,adapter,2024-73918,2024-219624,143,52,0.9433962264150944,0,False
trecrag,0,adapter,2024-73918,2024-224279,165,52,0.6666666666666666,1,False
trecrag,0,adapter,2024-73918,2024-224701,198,83,0.8421052631578947,0,False
trecrag,0,adapter,2024-73918,2024-224926,121,9,0.48,1,False
trecrag,0,adapter,2024-73918,2024-22886,220,83,0.9259259259259259,0,False
trecrag,0,adapter,2024-73918,2024-27366,176,68,0.6486486486486487,1,False
trecrag,0,adapter,2024-73918,2024-29182,165,40,0.8831168831168831,0,False
trecrag,0,adapter,2024-73918,2024-32912,99,63,0.9344262295081968,1,False
trecrag,0,adapter,2024-73918,2024-35227,198,83,0.8098159509202454,0,False
trecrag,0,adapter,2024-73918,2024-35269,110,56,0.9541284403669725,0,False
trecrag,0,adapter,2024-73918,2024-35284,143,66,0.9692307692307692,0,False
trecrag,0,adapter,2024-73918,2024-35620,187,50,0.9320388349514563,0,False
trecrag,0,adapter,2024-73918,2024-38986,176,67,0.5858585858585859,1,False
trecrag,0,adapter,2024-73918,2024-41849,209,38,0.7333333333333333,1,False
trecrag,0,adapter,2024-73918,2024-42497,165,52,0.7457627118644068,1,False
trecrag,0,adapter,2024-73918,2024-43037,110,52,0.8514851485148515,0,False
trecrag,0,adapter,2024-73918,2024-43983,110,20,0.6666666666666666,1,False
trecrag,0,adapter,2024-73918,2024-44060,66,40,0.9382716049382716,0,False
trecrag,0,adapter,2024-73918,2024-58819,176,25,0.7906976744186046,0,False
trecrag,0,adapter,2024-73918,2024-73340,77,40,0.8974358974358975,1,False
trecrag,0,adapter,2024-73918,2024-73918,198,28,0.7037037037037037,1,True
trecrag,0,adapter,2024-73918,2024-79081,176,44,0.7865168539325843,1,False
trecrag,0,adapter,2024-73918,2024-79154,99,66,0.9846153846153847,0,False
trecrag,0,adapter,2024-73918,2024-88894,143,26,0.47619047619047616,1,False
trecrag,0,adapter,2024-73918,2024-94706,120,43,0.759493670886076,0,False
trecrag,0,adapter,2024-73918,2024-96063,176,18,0.8,0,False
trecrag,0,adapter,2024-73918,2024-96359,121,64,0.6730769230769231,1,False
trecrag,0,adapter,2024-79081,2024-105741,176,40,0.7058823529411765,1,False
trecrag,0,adapter,2024-79081,2024-121840,176,40,0.7341772151898734,0,False
trecrag,0,adapter,2024-79081,2024-127266,132,41,0.7311827956989247,1,False
trecrag,0,adapter,2024-79081,2024-129925,121,62,0.8275862068965517,1,False
trecrag,0,adapter,2024-79081,2024-141577,220,81,0.6507936507936508,1,False
trecrag,0,adapter,2024-79081,2024-142395,143,55,0.8141592920353983,1,False
trecrag,0,adapter,2024-79081,2024-143869,220,69,0.8740740740740741,1,False
trecrag,0,adapter,2024-79081,2024-145979,165,90,0.9560439560439561,0,False
trecrag,0,adapter,2024-79081,2024-152259,132,58,0.9344262295081968,0,False
trecrag,0,adapter,2024-79081,2024-152817,176,67,0.8888888888888888,1,False
trecrag,0,adapter,2024-79081,2024-153051,154,89,0.9943502824858758,0,False
trecrag,0,adapter,2024-79081,2024-158261,187,21,0.7555555555555555,0,False
trecrag,0,adapter,2024-79081,2024-158677,198,67,0.6608695652173913,1,False
trecrag,0,adapter,2024-79081,2024-158743,198,46,0.8631578947368421,0,False
trecrag,0,adapter,2024-79081,2024-18963,187,30,0.7241379310344828,1,False
trecrag,0,adapter,2024-79081,2024-19025,132,53,0.5205479452054794,1,False
trecrag,0,adapter,2024-79081,2024-213469,143,40,0.7804878048780488,0,False
trecrag,0,adapter,2024-79081,2024-213789,143,50,0.6766917293233082,1,False
trecrag,0,adapter,2024-79081,2024-213817,143,66,0.9302325581395349,1,False
trecrag,0,adapter,2024-79081,2024-213978,99,16,0.7741935483870968,1,False
trecrag,0,adapter,2024-79081,2024-214096,176,69,0.9076923076923077,0,False
trecrag,0,adapter,2024-79081,2024-214257,110,33,0.927536231884058,0,False
trecrag,0,adapter,2024-79081,2024-214467,77,42,0.9629629629629629,0,False
trecrag,0,adapter,2024-79081,2024-215044,165,19,0.7659574468085106,1,False
trecrag,0,adapter,2024-79081,2024-215952,110,32,0.8135593220338984,0,False
trecrag,0,adapter,2024-79081,2024-216592,220,75,0.9261744966442953,0,False
trecrag,0,adapter,2024-79081,2024-217279,132,45,0.8604651162790697,0,False
trecrag,0,adapter,2024-79081,2024-217812,140,62,0.9133858267716536,0,False
trecrag,0,adapter,2024-79081,2024-219563,110,43,0.6888888888888889,1,False
trecrag,0,adapter,2024-79081,2024-219624,143,52,0.9433962264150944,0,False
trecrag,0,adapter,2024-79081,2024-224279,165,52,0.6813186813186813,1,False
trecrag,0,adapter,2024-79081,2024-224701,198,83,0.8620689655172413,0,False
trecrag,0,adapter,2024-79081,2024-224926,121,9,0.4827586206896552,1,False
trecrag,0,adapter,2024-79081,2024-22886,220,83,0.9390243902439024,0,False
trecrag,0,adapter,2024-79081,2024-27366,176,68,0.6666666666666666,1,False
trecrag,0,adapter,2024-79081,2024-29182,165,40,0.8860759493670886,0,False
trecrag,0,adapter,2024-79081,2024-32912,99,63,0.9354838709677419,1,False
trecrag,0,adapter,2024-79081,2024-35227,198,83,0.8121212121212121,0,False
trecrag,0,adapter,2024-79081,2024-35269,110,56,0.972972972972973,0,False
trecrag,0,adapter,2024-79081,2024-35284,143,66,0.9692307692307692,0,False
trecrag,0,adapter,2024-79081,2024-35620,187,50,0.9142857142857143,0,False
trecrag,0,adapter,2024-79081,2024-38986,176,67,0.5882352941176471,1,False
trecrag,0,adapter,2024-79081,2024-41849,209,38,0.723404255319149,1,False
trecrag,0,adapter,2024-79081,2024-42497,165,52,0.7213114754098361,1,False
trecrag,0,adapter,2024-79081,2024-43037,110,52,0.8737864077669902,0,False
trecrag,0,adapter,2024-79081,2024-43983,110,20,0.6521739130434783,1,False
trecrag,0,adapter,2024-79081,2024-44060,66,40,0.9512195121951219,0,False
trecrag,0,adapter,2024-79081,2024-58819,176,25,0.8181818181818182,0,False
trecrag,0,adapter,2024-79081,2024-73340,77,40,0.8974358974358975,1,False
trecrag,0,adapter,2024-79081,2024-73918,198,28,0.6666666666666666,1,False
trecrag,0,adapter,2024-79081,2024-79081,176,44,0.8163265306122449,1,True
trecrag,0,adapter,2024-79081,2024-79154,99,66,0.9923664122137404,0,False
trecrag,0,adapter,2024-79081,2024-88894,143,26,0.5416666666666666,1,False
trecrag,0,adapter,2024-79081,2024-94706,120,43,0.8048780487804879,0,False
trecrag,0,adapter,2024-79081,2024-96063,176,18,0.8108108108108109,0,False
trecrag,0,adapter,2024-79081,2024-96359,121,64,0.6851851851851852,1,False
trecrag,0,adapter,2024-79154,2024-105741,176,40,0.7164179104477612,1,False
trecrag,0,adapter,2024-79154,2024-121840,176,40,0.7435897435897436,0,False
trecrag,0,adapter,2024-79154,2024-127266,132,41,0.7472527472527473,1,False
trecrag,0,adapter,2024-79154,2024-129925,121,62,0.8275862068965517,1,False
trecrag,0,adapter,2024-79154,2024-141577,220,81,0.64,1,False
trecrag,0,adapter,2024-79154,2024-142395,143,55,0.8108108108108109,1,False
trecrag,0,adapter,2024-79154,2024-143869,220,69,0.8787878787878788,1,False
trecrag,0,adapter,2024-79154,2024-145979,165,90,0.9613259668508287,0,False
trecrag,0,adapter,2024-79154,2024-152259,132,58,0.9344262295081968,0,False
trecrag,0,adapter,2024-79154,2024-152817,176,67,0.8888888888888888,1,False
trecrag,0,adapter,2024-79154,2024-153051,154,89,0.9943502824858758,0,False
trecrag,0,adapter,2024-79154,2024-158261,187,21,0.7727272727272727,0,False
trecrag,0,adapter,2024-79154,2024-158677,198,67,0.6608695652173913,1,False
trecrag,0,adapter,2024-79154,2024-158743,198,46,0.851063829787234,0,False
trecrag,0,adapter,2024-79154,2024-18963,187,30,0.7142857142857143,1,False
trecrag,0,adapter,2024-79154,2024-19025,132,53,0.4788732394366197,1,False
trecrag,0,adapter,2024-79154,2024-213469,143,40,0.8,0,False
trecrag,0,adapter,2024-79154,2024-213789,143,50,0.676923076923077,1,False
trecrag,0,adapter,2024-79154,2024-213817,143,66,0.9302325581395349,1,False
trecrag,0,adapter,2024-79154,2024-213978,99,16,0.7741935483870968,1,False
trecrag,0,adapter,2024-79154,2024-214096,176,69,0.9076923076923077,0,False
trecrag,0,adapter,2024-79154,2024-214257,110,33,0.927536231884058,0,False
trecrag,0,adapter,2024-79154,2024-214467,77,42,0.95,0,False
trecrag,0,adapter,2024-79154,2024-215044,165,19,0.7659574468085106,1,False
trecrag,0,adapter,2024-79154,2024-215952,110,32,0.8135593220338984,0,False
trecrag,0,adapter,2024-79154,2024-216592,220,75,0.9261744966442953,0,False
trecrag,0,adapter,2024-79154,2024-217279,132,45,0.8604651162790697,0,False
trecrag,0,adapter,2024-79154,2024-217812,140,62,0.896,0,False
trecrag,0,adapter,2024-79154,2024-219563,110,43,0.6966292134831461,1,False
trecrag,0,adapter,2024-79154,2024-219624,143,52,0.9433962264150944,0,False
trecrag,0,adapter,2024-79154,2024-224279,165,52,0.6888888888888889,1,False
trecrag,0,adapter,2024-79154,2024-224701,198,83,0.8620689655172413,0,False
trecrag,0,adapter,2024-79154,2024-224926,121,9,0.5185185185185185,1,False
trecrag,0,adapter,2024-79154,2024-22886,220,83,0.9390243902439024,0,False
trecrag,0,adapter,2024-79154,2024-27366,176,68,0.6666666666666666,1,False
trecrag,0,adapter,2024-79154,2024-29182,165,40,0.8860759493670886,0,False
trecrag,0,adapter,2024-79154,2024-32912,99,63,0.926829268292683,1,False
trecrag,0,adapter,2024-79154,2024-35227,198,83,0.8098159509202454,0,False
trecrag,0,adapter,2024-79154,2024-35269,110,56,0.9636363636363636,0,False
trecrag,0,adapter,2024-79154,2024-35284,143,66,0.9692307692307692,0,False
trecrag,0,adapter,2024-79154,2024-35620,187,50,0.9230769230769231,0,False
trecrag,0,adapter,2024-79154,2024-38986,176,67,0.58,1,False
trecrag,0,adapter,2024-79154,2024-41849,209,38,0.717391304347826,1,False
trecrag,0,adapter,2024-79154,2024-42497,165,52,0.7272727272727273,1,False
trecrag,0,adapter,2024-79154,2024-43037,110,52,0.8737864077669902,0,False
trecrag,0,adapter,2024-79154,2024-43983,110,20,0.6363636363636364,1,False
trecrag,0,adapter,2024-79154,2024-44060,66,40,0.9512195121951219,0,False
trecrag,0,adapter,2024-79154,2024-58819,176,25,0.7906976744186046,0,False
trecrag,0,adapter,2024-79154,2024-73340,77,40,0.8974358974358975,1,False
trecrag,0,adapter,2024-79154,2024-73918,198,28,0.6666666666666666,1,False
trecrag,0,adapter,2024-79154,2024-79081,176,44,0.8247422680412371,1,False
trecrag,0,adapter,2024-79154,2024-79154,99,66,0.9846153846153847,0,True
trecrag,0,adapter,2024-79154,2024-88894,143,26,0.5217391304347826,1,False
trecrag,0,adapter,2024-79154,2024-94706,120,43,0.7901234567901234,0,False
trecrag,0,adapter,2024-79154,2024-96063,176,18,0.8333333333333334,0,False
trecrag,0,adapter,2024-79154,2024-96359,121,64,0.6981132075471698,1,False
trecrag,0,adapter,2024-88894,2024-105741,176,40,0.7058823529411765,1,False
trecrag,0,adapter,2024-88894,2024-121840,176,40,0.7341772151898734,0,False
trecrag,0,adapter,2024-88894,2024-127266,132,41,0.7391304347826086,1,False
trecrag,0,adapter,2024-88894,2024-129925,121,62,0.8275862068965517,1,False
trecrag,0,adapter,2024-88894,2024-141577,220,81,0.64,1,False
trecrag,0,adapter,2024-88894,2024-142395,143,55,0.8035714285714286,1,False
trecrag,0,adapter,2024-88894,2024-143869,220,69,0.8721804511278195,1,False
trecrag,0,adapter,2024-88894,2024-145979,165,90,0.9613259668508287,0,False
trecrag,0,adapter,2024-88894,2024-152259,132,58,0.9344262295081968,0,False
trecrag,0,adapter,2024-88894,2024-152817,176,67,0.8888888888888888,1,False
trecrag,0,adapter,2024-88894,2024-153051,154,89,0.9943502824858758,0,False
trecrag,0,adapter,2024-88894,2024-158261,187,21,0.7555555555555555,0,False
trecrag,0,adapter,2024-88894,2024-158677,198,67,0.6608695652173913,1,False
trecrag,0,adapter,2024-88894,2024-158743,198,46,0.8631578947368421,0,False
trecrag,0,adapter,2024-88894,2024-18963,187,30,0.7142857142857143,1,False
trecrag,0,adapter,2024-88894,2024-19025,132,53,0.4788732394366197,1,False
trecrag,0,adapter,2024-88894,2024-213469,143,40,0.7804878048780488,0,False
trecrag,0,adapter,2024-88894,2024-213789,143,50,0.6818181818181818,1,False
trecrag,0,adapter,2024-88894,2024-213817,143,66,0.9302325581395349,1,False
trecrag,0,adapter,2024-88894,2024-213978,99,16,0.7741935483870968,1,False
trecrag,0,adapter,2024-88894,2024-214096,176,69,0.9076923076923077,0,False
trecrag,0,adapter,2024-88894,2024-214257,110,33,0.927536231884058,0,False
trecrag,0,adapter,2024-88894,2024-214467,77,42,0.9629629629629629,0,False
trecrag,0,adapter,2024-88894,2024-215044,165,19,0.7659574468085106,1,False
trecrag,0,adapter,2024-88894,2024-215952,110,32,0.8135593220338984,0,False
trecrag,0,adapter,2024-88894,2024-216592,220,75,0.9261744966442953,0,False
trecrag,0,adapter,2024-88894,2024-217279,132,45,0.8604651162790697,0,False
trecrag,0,adapter,2024-88894,2024-217812,140,62,0.896,0,False
trecrag,0,adapter,2024-88894,2024-219563,110,43,0.6888888888888889,1,False
trecrag,0,adapter,2024-88894,2024-219624,143,52,0.9433962264150944,0,False
trecrag,0,adapter,2024-88894,2024-224279,165,52,0.6888888888888889,1,False
trecrag,0,adapter,2024-88894,2024-224701,198,83,0.8620689655172413,0,False
trecrag,0,adapter,2024-88894,2024-224926,121,9,0.4827586206896552,1,False
trecrag,0,adapter,2024-88894,2024-22886,220,83,0.9390243902439024,0,False
trecrag,0,adapter,2024-88894,2024-27366,176,68,0.6666666666666666,1,False
trecrag,0,adapter,2024-88894,2024-29182,165,40,0.8860759493670886,0,False
trecrag,0,adapter,2024-88894,2024-32912,99,63,0.9354838709677419,1,False
trecrag,0,adapter,2024-88894,2024-35227,198,83,0.8170731707317073,0,False
trecrag,0,adapter,2024-88894,2024-35269,110,56,0.9636363636363636,0,False
trecrag,0,adapter,2024-88894,2024-35284,143,66,0.9692307692307692,0,False
trecrag,0,adapter,2024-88894,2024-35620,187,50,0.9230769230769231,0,False
trecrag,0,adapter,2024-88894,2024-38986,176,67,0.594059405940594,1,False
trecrag,0,adapter,2024-88894,2024-41849,209,38,0.717391304347826,1,False
trecrag,0,adapter,2024-88894,2024-42497,165,52,0.7272727272727273,1,False
trecrag,0,adapter,2024-88894,2024-43037,110,52,0.8737864077669902,0,False
trecrag,0,adapter,2024-88894,2024-43983,110,20,0.6222222222222222,1,False
trecrag,0,adapter,2024-88894,2024-44060,66,40,0.9512195121951219,0,False
trecrag,0,adapter,2024-88894,2024-58819,176,25,0.8181818181818182,0,False
trecrag,0,adapter,2024-88894,2024-73340,77,40,0.8974358974358975,1,False
trecrag,0,adapter,2024-88894,2024-73918,198,28,0.6666666666666666,1,False
trecrag,0,adapter,2024-88894,2024-79081,176,44,0.8163265306122449,1,False
trecrag,0,adapter,2024-88894,2024-79154,99,66,0.9846153846153847,0,False
trecrag,0,adapter,2024-88894,2024-88894,143,26,0.5416666666666666,1,True
trecrag,0,adapter,2024-88894,2024-94706,120,43,0.7901234567901234,0,False
trecrag,0,adapter,2024-88894,2024-96063,176,18,0.8108108108108109,0,False
trecrag,0,adapter,2024-88894,2024-96359,121,64,0.6915887850467289,1,False
trecrag,0,adapter,2024-94706,2024-105741,176,40,0.7164179104477612,1,False
trecrag,0,adapter,2024-94706,2024-121840,176,40,0.7341772151898734,0,False
trecrag,0,adapter,2024-94706,2024-127266,132,41,0.7391304347826086,1,False
trecrag,0,adapter,2024-94706,2024-129925,121,62,0.8275862068965517,1,False
trecrag,0,adapter,2024-94706,2024-141577,220,81,0.64,1,False
trecrag,0,adapter,2024-94706,2024-142395,143,55,0.8108108108108109,1,False
trecrag,0,adapter,2024-94706,2024-143869,220,69,0.8787878787878788,1,False
trecrag,0,adapter,2024-94706,2024-145979,165,90,0.9613259668508287,0,False
trecrag,0,adapter,2024-94706,2024-152259,132,58,0.9344262295081968,0,False
trecrag,0,adapter,2024-94706,2024-152817,176,67,0.8888888888888888,1,False
trecrag,0,adapter,2024-94706,2024-153051,154,89,0.9943502824858758,0,False
trecrag,0,adapter,2024-94706,2024-158261,187,21,0.7555555555555555,0,False
trecrag,0,adapter,2024-94706,2024-158677,198,67,0.6608695652173913,1,False
trecrag,0,adapter,2024-94706,2024-158743,198,46,0.851063829787234,0,False
trecrag,0,adapter,2024-94706,2024-18963,187,30,0.7142857142857143,1,False
trecrag,0,adapter,2024-94706,2024-19025,132,53,0.4788732394366197,1,False
trecrag,0,adapter,2024-94706,2024-213469,143,40,0.8,0,False
trecrag,0,adapter,2024-94706,2024-213789,143,50,0.6717557251908397,1,False
trecrag,0,adapter,2024-94706,2024-213817,143,66,0.9302325581395349,1,False
trecrag,0,adapter,2024-94706,2024-213978,99,16,0.7741935483870968,1,False
trecrag,0,adapter,2024-94706,2024-214096,176,69,0.9076923076923077,0,False
trecrag,0,adapter,2024-94706,2024-214257,110,33,0.927536231884058,0,False
trecrag,0,adapter,2024-94706,2024-214467,77,42,0.9629629629629629,0,False
trecrag,0,adapter,2024-94706,2024-215044,165,19,0.7659574468085106,1,False
trecrag,0,adapter,2024-94706,2024-215952,110,32,0.8135593220338984,0,False
trecrag,0,adapter,2024-94706,2024-216592,220,75,0.9261744966442953,0,False
trecrag,0,adapter,2024-94706,2024-217279,132,45,0.8604651162790697,0,False
trecrag,0,adapter,2024-94706,2024-217812,140,62,0.896,0,False
trecrag,0,adapter,2024-94706,2024-219563,110,43,0.6888888888888889,1,False
trecrag,0,adapter,2024-94706,2024-219624,143,52,0.9433962264150944,0,False
trecrag,0,adapter,2024-94706,2024-224279,165,52,0.6888888888888889,1,False
trecrag,0,adapter,2024-94706,2024-224701,198,83,0.8620689655172413,0,False
trecrag,0,adapter,2024-94706,2024-224926,121,9,0.4827586206896552,1,False
trecrag,0,adapter,2024-94706,2024-22886,220,83,0.9390243902439024,0,False
trecrag,0,adapter,2024-94706,2024-27366,176,68,0.6666666666666666,1,False
trecrag,0,adapter,2024-94706,2024-29182,165,40,0.8860759493670886,0,False
trecrag,0,adapter,2024-94706,2024-32912,99,63,0.9354838709677419,1,False
trecrag,0,adapter,2024-94706,2024-35227,198,83,0.8170731707317073,0,False
trecrag,0,adapter,2024-94706,2024-35269,110,56,0.9636363636363636,0,False
trecrag,0,adapter,2024-94706,2024-35284,143,66,0.9692307692307692,0,False
trecrag,0,adapter,2024-94706,2024-35620,187,50,0.9230769230769231,0,False
trecrag,0,adapter,2024-94706,2024-38986,176,67,0.594059405940594,1,False
trecrag,0,adapter,2024-94706,2024-41849,209,38,0.717391304347826,1,False
trecrag,0,adapter,2024-94706,2024-42497,165,52,0.7272727272727273,1,False
trecrag,0,adapter,2024-94706,2024-43037,110,52,0.8737864077669902,0,False
trecrag,0,adapter,2024-94706,2024-43983,110,20,0.6363636363636364,1,False
trecrag,0,adapter,2024-94706,2024-44060,66,40,0.9512195121951219,0,False
trecrag,0,adapter,2024-94706,2024-58819,176,25,0.7906976744186046,0,False
trecrag,0,adapter,2024-94706,2024-73340,77,40,0.8974358974358975,1,False
trecrag,0,adapter,2024-94706,2024-73918,198,28,0.6666666666666666,1,False
trecrag,0,adapter,2024-94706,2024-79081,176,44,0.8247422680412371,1,False
trecrag,0,adapter,2024-94706,2024-79154,99,66,0.9846153846153847,0,False
trecrag,0,adapter,2024-94706,2024-88894,143,26,0.5217391304347826,1,False
trecrag,0,adapter,2024-94706,2024-94706,120,43,0.8333333333333334,0,True
trecrag,0,adapter,2024-94706,2024-96063,176,18,0.8333333333333334,0,False
trecrag,0,adapter,2024-94706,2024-96359,121,64,0.6915887850467289,1,False
trecrag,0,adapter,2024-96063,2024-105741,176,40,0.7164179104477612,1,False
trecrag,0,adapter,2024-96063,2024-121840,176,40,0.7341772151898734,0,False
trecrag,0,adapter,2024-96063,2024-127266,132,41,0.7472527472527473,1,False
trecrag,0,adapter,2024-96063,2024-129925,121,62,0.8275862068965517,1,False
trecrag,0,adapter,2024-96063,2024-141577,220,81,0.64,1,False
trecrag,0,adapter,2024-96063,2024-142395,143,55,0.8108108108108109,1,False
trecrag,0,adapter,2024-96063,2024-143869,220,69,0.8787878787878788,1,False
trecrag,0,adapter,2024-96063,2024-145979,165,90,0.9613259668508287,0,False
trecrag,0,adapter,2024-96063,2024-152259,132,58,0.9344262295081968,0,False
trecrag,0,adapter,2024-96063,2024-152817,176,67,0.8888888888888888,1,False
trecrag,0,adapter,2024-96063,2024-153051,154,89,0.9943502824858758,0,False
trecrag,0,adapter,2024-96063,2024-158261,187,21,0.7555555555555555,0,False
trecrag,0,adapter,2024-96063,2024-158677,198,67,0.6608695652173913,1,False
trecrag,0,adapter,2024-96063,2024-158743,198,46,0.851063829787234,0,False
trecrag,0,adapter,2024-96063,2024-18963,187,30,0.7142857142857143,1,False
trecrag,0,adapter,2024-96063,2024-19025,132,53,0.4788732394366197,1,False
trecrag,0,adapter,2024-96063,2024-213469,143,40,0.8,0,False
trecrag,0,adapter,2024-96063,2024-213789,143,50,0.676923076923077,1,False
trecrag,0,adapter,2024-96063,2024-213817,143,66,0.9302325581395349,1,False
trecrag,0,adapter,2024-96063,2024-213978,99,16,0.8,1,False
trecrag,0,adapter,2024-96063,2024-214096,176,69,0.9076923076923077,0,False
trecrag,0,adapter,2024-96063,2024-214257,110,33,0.927536231884058,0,False
trecrag,0,adapter,2024-96063,2024-214467,77,42,0.95,0,False
trecrag,0,adapter,2024-96063,2024-215044,165,19,0.782608695652174,1,False
trecrag,0,adapter,2024-96063,2024-215952,110,32,0.8135593220338984,0,False
trecrag,0,adapter,2024-96063,2024-216592,220,75,0.9261744966442953,0,False
trecrag,0,adapter,2024-96063,2024-217279,132,45,0.8604651162790697,0,False
trecrag,0,adapter,2024-96063,2024-217812,140,62,0.896,0,False
trecrag,0,adapter,2024-96063,2024-219563,110,43,0.6966292134831461,1,False
trecrag,0,adapter,2024-96063,2024-219624,143,52,0.9433962264150944,0,False
trecrag,0,adapter,2024-96063,2024-224279,165,52,0.6888888888888889,1,False
trecrag,0,adapter,2024-96063,2024-224701,198,83,0.8620689655172413,0,False
trecrag,0,adapter,2024-96063,2024-224926,121,9,0.5185185185185185,1,False
trecrag,0,adapter,2024-96063,2024-22886,220,83,0.9390243902439024,0,False
trecrag,0,adapter,2024-96063,2024-27366,176,68,0.6666666666666666,1,False
trecrag,0,adapter,2024-96063,2024-29182,165,40,0.8860759493670886,0,False
trecrag,0,adapter,2024-96063,2024-32912,99,63,0.926829268292683,1,False
trecrag,0,adapter,2024-96063,2024-35227,198,83,0.8170731707317073,0,False
trecrag,0,adapter,2024-96063,2024-35269,110,56,0.9636363636363636,0,False
trecrag,0,adapter,2024-96063,2024-35284,143,66,0.9692307692307692,0,False
trecrag,0,adapter,2024-96063,2024-35620,187,50,0.9230769230769231,0,False
trecrag,0,adapter,2024-96063,2024-38986,176,67,0.58,1,False
trecrag,0,adapter,2024-96063,2024-41849,209,38,0.717391304347826,1,False
trecrag,0,adapter,2024-96063,2024-42497,165,52,0.7272727272727273,1,False
trecrag,0,adapter,2024-96063,2024-43037,110,52,0.8737864077669902,0,False
trecrag,0,adapter,2024-96063,2024-43983,110,20,0.6363636363636364,1,False
trecrag,0,adapter,2024-96063,2024-44060,66,40,0.9512195121951219,0,False
trecrag,0,adapter,2024-96063,2024-58819,176,25,0.7906976744186046,0,False
trecrag,0,adapter,2024-96063,2024-73340,77,40,0.8974358974358975,1,False
trecrag,0,adapter,2024-96063,2024-73918,198,28,0.6666666666666666,1,False
trecrag,0,adapter,2024-96063,2024-79081,176,44,0.8247422680412371,1,False
trecrag,0,adapter,2024-96063,2024-79154,99,66,0.9846153846153847,0,False
trecrag,0,adapter,2024-96063,2024-88894,143,26,0.5217391304347826,1,False
trecrag,0,adapter,2024-96063,2024-94706,120,43,0.7901234567901234,0,False
trecrag,0,adapter,2024-96063,2024-96063,176,18,0.8333333333333334,0,True
trecrag,0,adapter,2024-96063,2024-96359,121,64,0.6981132075471698,1,False
trecrag,0,adapter,2024-96359,2024-105741,176,40,0.7058823529411765,1,False
trecrag,0,adapter,2024-96359,2024-121840,176,40,0.7341772151898734,0,False
trecrag,0,adapter,2024-96359,2024-127266,132,41,0.7391304347826086,1,False
trecrag,0,adapter,2024-96359,2024-129925,121,62,0.8275862068965517,1,False
trecrag,0,adapter,2024-96359,2024-141577,220,81,0.6507936507936508,1,False
trecrag,0,adapter,2024-96359,2024-142395,143,55,0.8035714285714286,1,False
trecrag,0,adapter,2024-96359,2024-143869,220,69,0.8740740740740741,1,False
trecrag,0,adapter,2024-96359,2024-145979,165,90,0.9613259668508287,0,False
trecrag,0,adapter,2024-96359,2024-152259,132,58,0.9344262295081968,0,False
trecrag,0,adapter,2024-96359,2024-152817,176,67,0.8888888888888888,1,False
trecrag,0,adapter,2024-96359,2024-153051,154,89,0.9943502824858758,0,False
trecrag,0,adapter,2024-96359,2024-158261,187,21,0.7555555555555555,0,False
trecrag,0,adapter,2024-96359,2024-158677,198,67,0.6608695652173913,1,False
trecrag,0,adapter,2024-96359,2024-158743,198,46,0.8631578947368421,0,False
trecrag,0,adapter,2024-96359,2024-18963,187,30,0.7368421052631579,1,False
trecrag,0,adapter,2024-96359,2024-19025,132,53,0.4788732394366197,1,False
trecrag,0,adapter,2024-96359,2024-213469,143,40,0.7804878048780488,0,False
trecrag,0,adapter,2024-96359,2024-213789,143,50,0.6766917293233082,1,False
trecrag,0,adapter,2024-96359,2024-213817,143,66,0.9302325581395349,1,False
trecrag,0,adapter,2024-96359,2024-213978,99,16,0.7741935483870968,1,False
trecrag,0,adapter,2024-96359,2024-214096,176,69,0.9076923076923077,0,False
trecrag,0,adapter,2024-96359,2024-214257,110,33,0.927536231884058,0,False
trecrag,0,adapter,2024-96359,2024-214467,77,42,0.9629629629629629,0,False
trecrag,0,adapter,2024-96359,2024-215044,165,19,0.7659574468085106,1,False
trecrag,0,adapter,2024-96359,2024-215952,110,32,0.8135593220338984,0,False
trecrag,0,adapter,2024-96359,2024-216592,220,75,0.9261744966442953,0,False
trecrag,0,adapter,2024-96359,2024-217279,132,45,0.8604651162790697,0,False
trecrag,0,adapter,2024-96359,2024-217812,140,62,0.9133858267716536,0,False
trecrag,0,adapter,2024-96359,2024-219563,110,43,0.6888888888888889,1,False
trecrag,0,adapter,2024-96359,2024-219624,143,52,0.9433962264150944,0,False
trecrag,0,adapter,2024-96359,2024-224279,165,52,0.6813186813186813,1,False
trecrag,0,adapter,2024-96359,2024-224701,198,83,0.8620689655172413,0,False
trecrag,0,adapter,2024-96359,2024-224926,121,9,0.4827586206896552,1,False
trecrag,0,adapter,2024-96359,2024-22886,220,83,0.9390243902439024,0,False
trecrag,0,adapter,2024-96359,2024-27366,176,68,0.6666666666666666,1,False
trecrag,0,adapter,2024-96359,2024-29182,165,40,0.8860759493670886,0,False
trecrag,0,adapter,2024-96359,2024-32912,99,63,0.9354838709677419,1,False
trecrag,0,adapter,2024-96359,2024-35227,198,83,0.8121212121212121,0,False
trecrag,0,adapter,2024-96359,2024-35269,110,56,0.972972972972973,0,False
trecrag,0,adapter,2024-96359,2024-35284,143,66,0.9692307692307692,0,False
trecrag,0,adapter,2024-96359,2024-35620,187,50,0.9142857142857143,0,False
trecrag,0,adapter,2024-96359,2024-38986,176,67,0.594059405940594,1,False
trecrag,0,adapter,2024-96359,2024-41849,209,38,0.723404255319149,1,False
trecrag,0,adapter,2024-96359,2024-42497,165,52,0.7213114754098361,1,False
trecrag,0,adapter,2024-96359,2024-43037,110,52,0.8737864077669902,0,False
trecrag,0,adapter,2024-96359,2024-43983,110,20,0.6521739130434783,1,False
trecrag,0,adapter,2024-96359,2024-44060,66,40,0.9512195121951219,0,False
trecrag,0,adapter,2024-96359,2024-58819,176,25,0.8181818181818182,0,False
trecrag,0,adapter,2024-96359,2024-73340,77,40,0.9113924050632911,1,False
trecrag,0,adapter,2024-96359,2024-73918,198,28,0.65625,1,False
trecrag,0,adapter,2024-96359,2024-79081,176,44,0.8163265306122449,1,False
trecrag,0,adapter,2024-96359,2024-79154,99,66,0.9846153846153847,0,False
trecrag,0,adapter,2024-96359,2024-88894,143,26,0.5217391304347826,1,False
trecrag,0,adapter,2024-96359,2024-94706,120,43,0.8048780487804879,0,False
trecrag,0,adapter,2024-96359,2024-96063,176,18,0.7894736842105263,0,False
trecrag,0,adapter,2024-96359,2024-96359,121,64,0.6972477064220184,1,True
trecrag,0,backbone,2024-105741,2024-105741,176,40,0.9135802469135802,1,True
trecrag,0,backbone,2024-105741,2024-121840,176,40,0.7816091954022989,0,False
trecrag,0,backbone,2024-105741,2024-127266,132,41,0.7422680412371134,1,False
trecrag,0,backbone,2024-105741,2024-129925,121,62,0.8571428571428571,1,False
trecrag,0,backbone,2024-105741,2024-141577,220,81,0.7194244604316546,1,False
trecrag,0,backbone,2024-105741,2024-142395,143,55,0.8130081300813008,1,False
trecrag,0,backbone,2024-105741,2024-143869,220,69,0.7721518987341772,1,False
trecrag,0,backbone,2024-105741,2024-145979,165,90,0.9565217391304348,0,False
trecrag,0,backbone,2024-105741,2024-152259,132,58,0.9193548387096774,0,False
trecrag,0,backbone,2024-105741,2024-152817,176,67,0.916030534351145,1,False
trecrag,0,backbone,2024-105741,2024-153051,154,89,0.9943502824858758,0,False
trecrag,0,backbone,2024-105741,2024-158261,187,21,0.7636363636363637,0,False
trecrag,0,backbone,2024-105741,2024-158677,198,67,0.6942148760330579,1,False
trecrag,0,backbone,2024-105741,2024-158743,198,46,0.8775510204081632,0,False
trecrag,0,backbone,2024-105741,2024-18963,187,30,0.6984126984126984,1,False
trecrag,0,backbone,2024-105741,2024-19025,132,53,0.5925925925925926,1,False
trecrag,0,backbone,2024-105741,2024-213469,143,40,0.7857142857142857,0,False
trecrag,0,backbone,2024-105741,2024-213789,143,50,0.6571428571428571,1,False
trecrag,0,backbone,2024-105741,2024-213817,143,66,0.9701492537313433,1,False
trecrag,0,backbone,2024-105741,2024-213978,99,16,0.8235294117647058,1,False
trecrag,0,backbone,2024-105741,2024-214096,176,69,0.9007633587786259,0,False
trecrag,0,backbone,2024-105741,2024-214257,110,33,0.9014084507042254,0,False
trecrag,0,backbone,2024-105741,2024-214467,77,42,0.9512195121951219,0,False
trecrag,0,backbone,2024-105741,2024-215044,165,19,0.7659574468085106,1,False
trecrag,0,backbone,2024-105741,2024-215952,110,32,0.8253968253968254,0,False
trecrag,0,backbone,2024-105741,2024-216592,220,75,0.9403973509933775,0,False
trecrag,0,backbone,2024-105741,2024-217279,132,45,0.8666666666666667,0,False
trecrag,0,backbone,2024-105741,2024-217812,140,62,0.9076923076923077,0,False
trecrag,0,backbone,2024-105741,2024-219563,110,43,0.7096774193548387,1,False
trecrag,0,backbone,2024-105741,2024-219624,143,52,0.9433962264150944,0,False
trecrag,0,backbone,2024-105741,2024-224279,165,52,0.6481481481481481,1,False
trecrag,0,backbone,2024-105741,2024-224701,198,83,0.8524590163934426,0,False
trecrag,0,backbone,2024-105741,2024-224926,121,9,0.45161290322580644,1,False
trecrag,0,backbone,2024-105741,2024-22886,220,83,0.9239766081871345,0,False
trecrag,0,backbone,2024-105741,2024-27366,176,68,0.8217054263565892,1,False
trecrag,0,backbone,2024-105741,2024-29182,165,40,0.9024390243902439,0,False
trecrag,0,backbone,2024-105741,2024-32912,99,63,0.9354838709677419,1,False
trecrag,0,backbone,2024-105741,2024-35227,198,83,0.7861271676300579,0,False
trecrag,0,backbone,2024-105741,2024-35269,110,56,0.9821428571428571,0,False
trecrag,0,backbone,2024-105741,2024-35284,143,66,0.9774436090225563,0,False
trecrag,0,backbone,2024-105741,2024-35620,187,50,0.8990825688073395,0,False
trecrag,0,backbone,2024-105741,2024-38986,176,67,0.584070796460177,1,False
trecrag,0,backbone,2024-105741,2024-41849,209,38,0.7128712871287128,1,False
trecrag,0,backbone,2024-105741,2024-42497,165,52,0.773109243697479,1,False
trecrag,0,backbone,2024-105741,2024-43037,110,52,0.8888888888888888,0,False
trecrag,0,backbone,2024-105741,2024-43983,110,20,0.6956521739130435,1,False
trecrag,0,backbone,2024-105741,2024-44060,66,40,0.9397590361445783,0,False
trecrag,0,backbone,2024-105741,2024-58819,176,25,0.7450980392156863,0,False
trecrag,0,backbone,2024-105741,2024-73340,77,40,0.9156626506024096,1,False
trecrag,0,backbone,2024-105741,2024-73918,198,28,0.5194805194805194,1,False
trecrag,0,backbone,2024-105741,2024-79081,176,44,0.7884615384615384,1,False
trecrag,0,backbone,2024-105741,2024-79154,99,66,0.9923664122137404,0,False
trecrag,0,backbone,2024-105741,2024-88894,143,26,0.5454545454545454,1,False
trecrag,0,backbone,2024-105741,2024-94706,120,43,0.9010989010989011,0,False
trecrag,0,backbone,2024-105741,2024-96063,176,18,0.8,0,False
trecrag,0,backbone,2024-105741,2024-96359,121,64,0.7413793103448276,1,False
trecrag,0,backbone,2024-121840,2024-105741,176,40,0.7887323943661971,1,False
trecrag,0,backbone,2024-121840,2024-121840,176,40,0.8192771084337349,0,True
trecrag,0,backbone,2024-121840,2024-127266,132,41,0.7526881720430108,1,False
trecrag,0,backbone,2024-121840,2024-129925,121,62,0.8455284552845529,1,False
trecrag,0,backbone,2024-121840,2024-141577,220,81,0.6614173228346457,1,False
trecrag,0,backbone,2024-121840,2024-142395,143,55,0.8235294117647058,1,False
trecrag,0,backbone,2024-121840,2024-143869,220,69,0.8740740740740741,1,False
trecrag,0,backbone,2024-121840,2024-145979,165,90,0.9666666666666667,0,False
trecrag,0,backbone,2024-121840,2024-152259,132,58,0.9344262295081968,0,False
trecrag,0,backbone,2024-121840,2024-152817,176,67,0.90625,1,False
trecrag,0,backbone,2024-121840,2024-153051,154,89,0.9943502824858758,0,False
trecrag,0,backbone,2024-121840,2024-158261,187,21,0.7083333333333334,0,False
trecrag,0,backbone,2024-121840,2024-158677,198,67,0.6724137931034483,1,False
trecrag,0,backbone,2024-121840,2024-158743,198,46,0.8541666666666666,0,False
trecrag,0,backbone,2024-121840,2024-18963,187,30,0.7333333333333333,1,False
trecrag,0,backbone,2024-121840,2024-19025,132,53,0.5454545454545454,1,False
trecrag,0,backbone,2024-121840,2024-213469,143,40,0.7710843373493976,0,False
trecrag,0,backbone,2024-121840,2024-213789,143,50,0.6515151515151515,1,False
trecrag,0,backbone,2024-121840,2024-213817,143,66,0.9465648854961832,1,False
trecrag,0,backbone,2024-121840,2024-213978,99,16,0.8125,1,False
trecrag,0,backbone,2024-121840,2024-214096,176,69,0.9007633587786259,0,False
trecrag,0,backbone,2024-121840,2024-214257,110,33,0.927536231884058,0,False
trecrag,0,backbone,2024-121840,2024-214467,77,42,0.9629629629629629,0,False
trecrag,0,backbone,2024-121840,2024-215044,165,19,0.75,1,False
trecrag,0,backbone,2024-121840,2024-215952,110,32,0.8524590163934426,0,False
trecrag,0,backbone,2024-121840,2024-216592,220,75,0.9333333333333333,0,False
trecrag,0,backbone,2024-121840,2024-217279,132,45,0.8604651162790697,0,False
trecrag,0,backbone,2024-121840,2024-217812,140,62,0.9133858267716536,0,False
trecrag,0,backbone,2024-121840,2024-219563,110,43,0.7157894736842105,1,False
trecrag,0,backbone,2024-121840,2024-219624,143,52,0.9433962264150944,0,False
trecrag,0,backbone,2024-121840,2024-224279,165,52,0.6407766990291263,1,False
trecrag,0,backbone,2024-121840,2024-224701,198,83,0.847457627118644,0,False
trecrag,0,backbone,2024-121840,2024-224926,121,9,0.4666666666666667,1,False
trecrag,0,backbone,2024-121840,2024-22886,220,83,0.9333333333333333,0,False
trecrag,0,backbone,2024-121840,2024-27366,176,68,0.711864406779661,1,False
trecrag,0,backbone,2024-121840,2024-29182,165,40,0.8974358974358975,0,False
trecrag,0,backbone,2024-121840,2024-32912,99,63,0.9354838709677419,1,False
trecrag,0,backbone,2024-121840,2024-35227,198,83,0.825,0,False
trecrag,0,backbone,2024-121840,2024-35269,110,56,0.9821428571428571,0,False
trecrag,0,backbone,2024-121840,2024-35284,143,66,0.9618320610687023,0,False
trecrag,0,backbone,2024-121840,2024-35620,187,50,0.897196261682243,0,False
trecrag,0,backbone,2024-121840,2024-38986,176,67,0.5961538461538461,1,False
trecrag,0,backbone,2024-121840,2024-41849,209,38,0.723404255319149,1,False
trecrag,0,backbone,2024-121840,2024-42497,165,52,0.7213114754098361,1,False
trecrag,0,backbone,2024-121840,2024-43037,110,52,0.897196261682243,0,False
trecrag,0,backbone,2024-121840,2024-43983,110,20,0.6521739130434783,1,False
trecrag,0,backbone,2024-121840,2024-44060,66,40,0.963855421686747,0,False
trecrag,0,backbone,2024-121840,2024-58819,176,25,0.7727272727272727,0,False
trecrag,0,backbone,2024-121840,2024-73340,77,40,0.9135802469135802,1,False
trecrag,0,backbone,2024-121840,2024-73918,198,28,0.6461538461538462,1,False
trecrag,0,backbone,2024-121840,2024-79081,176,44,0.8118811881188119,1,False
trecrag,0,backbone,2024-121840,2024-79154,99,66,0.9923664122137404,0,False
trecrag,0,backbone,2024-121840,2024-88894,143,26,0.52,1,False
trecrag,0,backbone,2024-121840,2024-94706,120,43,0.7901234567901234,0,False
trecrag,0,backbone,2024-121840,2024-96063,176,18,0.7894736842105263,0,False
trecrag,0,backbone,2024-121840,2024-96359,121,64,0.6909090909090909,1,False
trecrag,0,backbone,2024-127266,2024-105741,176,40,0.5862068965517241,1,False
trecrag,0,backbone,2024-127266,2024-121840,176,40,0.7837837837837838,0,False
trecrag,0,backbone,2024-127266,2024-127266,132,41,0.8767123287671232,1,True
trecrag,0,backbone,2024-127266,2024-129925,121,62,0.7663551401869159,1,False
trecrag,0,backbone,2024-127266,2024-141577,220,81,0.47706422018348627,1,False
trecrag,0,backbone,2024-127266,2024-142395,143,55,0.6875,1,False
trecrag,0,backbone,2024-127266,2024-143869,220,69,0.8709677419354839,1,False
trecrag,0,backbone,2024-127266,2024-145979,165,90,0.9545454545454546,0,False
trecrag,0,backbone,2024-127266,2024-152259,132,58,0.9421487603305785,0,False
trecrag,0,backbone,2024-127266,2024-152817,176,67,0.782608695652174,1,False
trecrag,0,backbone,2024-127266,2024-153051,154,89,0.9590643274853801,0,False
trecrag,0,backbone,2024-127266,2024-158261,187,21,0.8421052631578947,0,False
trecrag,0,backbone,2024-127266,2024-158677,198,67,0.5714285714285714,1,False
trecrag,0,backbone,2024-127266,2024-158743,198,46,0.8275862068965517,0,False
trecrag,0,backbone,2024-127266,2024-18963,187,30,0.7346938775510204,1,False
trecrag,0,backbone,2024-127266,2024-19025,132,53,0.4117647058823529,1,False
trecrag,0,backbone,2024-127266,2024-213469,143,40,0.8055555555555556,0,False
trecrag,0,backbone,2024-127266,2024-213789,143,50,0.7476635514018691,1,False
trecrag,0,backbone,2024-127266,2024-213817,143,66,0.8070175438596491,1,False
trecrag,0,backbone,2024-127266,2024-213978,99,16,0.7857142857142857,1,False
trecrag,0,backbone,2024-127266,2024-214096,176,69,0.8992248062015504,0,False
trecrag,0,backbone,2024-127266,2024-214257,110,33,0.9411764705882353,0,False
trecrag,0,backbone,2024-127266,2024-214467,77,42,0.9367088607594937,0,False
trecrag,0,backbone,2024-127266,2024-215044,165,19,0.8780487804878049,1,False
trecrag,0,backbone,2024-127266,2024-215952,110,32,0.7547169811320755,0,False
trecrag,0,backbone,2024-127266,2024-216592,220,75,0.8031496062992126,0,False
trecrag,0,backbone,2024-127266,2024-217279,132,45,0.8148148148148148,0,False
trecrag,0,backbone,2024-127266,2024-217812,140,62,0.9090909090909091,0,False
trecrag,0,backbone,2024-127266,2024-219563,110,43,0.5507246376811594,1,False
trecrag,0,backbone,2024-127266,2024-219624,143,52,0.9514563106796117,0,False
trecrag,0,backbone,2024-127266,2024-224279,165,52,0.4657534246575342,1,False
trecrag,0,backbone,2024-127266,2024-224701,198,83,0.8214285714285714,0,False
trecrag,0,backbone,2024-127266,2024-224926,121,9,0.6363636363636364,1,False
trecrag,0,backbone,2024-127266,2024-22886,220,83,0.8590604026845637,0,False
trecrag,0,backbone,2024-127266,2024-27366,176,68,0.4948453608247423,1,False
trecrag,0,backbone,2024-127266,2024-29182,165,40,0.8493150684931506,0,False
trecrag,0,backbone,2024-127266,2024-32912,99,63,0.8771929824561403,1,False
trecrag,0,backbone,2024-127266,2024-35227,198,83,0.84,0,False
trecrag,0,backbone,2024-127266,2024-35269,110,56,0.9629629629629629,0,False
trecrag,0,backbone,2024-127266,2024-35284,143,66,0.9448818897637795,0,False
trecrag,0,backbone,2024-127266,2024-35620,187,50,0.9108910891089109,0,False
trecrag,0,backbone,2024-127266,2024-38986,176,67,0.4943820224719101,1,False
trecrag,0,backbone,2024-127266,2024-41849,209,38,0.7560975609756098,1,False
trecrag,0,backbone,2024-127266,2024-42497,165,52,0.7884615384615384,1,False
trecrag,0,backbone,2024-127266,2024-43037,110,52,0.8247422680412371,0,False
trecrag,0,backbone,2024-127266,2024-43983,110,20,0.7,1,False
trecrag,0,backbone,2024-127266,2024-44060,66,40,0.9113924050632911,0,False
trecrag,0,backbone,2024-127266,2024-58819,176,25,0.7804878048780488,0,False
trecrag,0,backbone,2024-127266,2024-73340,77,40,0.8378378378378378,1,False
trecrag,0,backbone,2024-127266,2024-73918,198,28,0.5454545454545454,1,False
trecrag,0,backbone,2024-127266,2024-79081,176,44,0.7297297297297297,1,False
trecrag,0,backbone,2024-127266,2024-79154,99,66,0.9846153846153847,0,False
trecrag,0,backbone,2024-127266,2024-88894,143,26,0.36363636363636365,1,False
trecrag,0,backbone,2024-127266,2024-94706,120,43,0.6666666666666666,0,False
trecrag,0,backbone,2024-127266,2024-96063,176,18,0.8235294117647058,0,False
trecrag,0,backbone,2024-127266,2024-96359,121,64,0.4470588235294118,1,False
trecrag,0,backbone,2024-129925,2024-105741,176,40,0.6666666666666666,1,False
trecrag,0,backbone,2024-129925,2024-121840,176,40,0.7435897435897436,0,False
trecrag,0,backbone,2024-129925,2024-127266,132,41,0.813953488372093,1,False
trecrag,0,backbone,2024-129925,2024-129925,121,62,0.8521739130434782,1,True
trecrag,0,backbone,2024-129925,2024-141577,220,81,0.6614173228346457,1,False
trecrag,0,backbone,2024-129925,2024-142395,143,55,0.780952380952381,1,False
trecrag,0,backbone,2024-129925,2024-143869,220,69,0.8837209302325582,1,False
trecrag,0,backbone,2024-129925,2024-145979,165,90,0.9613259668508287,0,False
trecrag,0,backbone,2024-129925,2024-152259,132,58,0.9344262295081968,0,False
trecrag,0,backbone,2024-129925,2024-152817,176,67,0.8888888888888888,1,False
trecrag,0,backbone,2024-129925,2024-153051,154,89,0.9886363636363636,0,False
trecrag,0,backbone,2024-129925,2024-158261,187,21,0.7555555555555555,0,False
trecrag,0,backbone,2024-129925,2024-158677,198,67,0.6607142857142857,1,False
trecrag,0,backbone,2024-129925,2024-158743,198,46,0.8695652173913043,0,False
trecrag,0,backbone,2024-129925,2024-18963,187,30,0.7017543859649122,1,False
trecrag,0,backbone,2024-129925,2024-19025,132,53,0.45714285714285713,1,False
trecrag,0,backbone,2024-129925,2024-213469,143,40,0.7848101265822784,0,False
trecrag,0,backbone,2024-129925,2024-213789,143,50,0.6412213740458015,1,False
trecrag,0,backbone,2024-129925,2024-213817,143,66,0.9291338582677166,1,False
trecrag,0,backbone,2024-129925,2024-213978,99,16,0.8387096774193549,1,False
trecrag,0,backbone,2024-129925,2024-214096,176,69,0.9076923076923077,0,False
trecrag,0,backbone,2024-129925,2024-214257,110,33,0.927536231884058,0,False
trecrag,0,backbone,2024-129925,2024-214467,77,42,0.95,0,False
trecrag,0,backbone,2024-129925,2024-215044,165,19,0.8,1,False
trecrag,0,backbone,2024-129925,2024-215952,110,32,0.8214285714285714,0,False
trecrag,0,backbone,2024-129925,2024-216592,220,75,0.9241379310344827,0,False
trecrag,0,backbone,2024-129925,2024-217279,132,45,0.8505747126436781,0,False
trecrag,0,backbone,2024-129925,2024-217812,140,62,0.912,0,False
trecrag,0,backbone,2024-129925,2024-219563,110,43,0.6506024096385542,1,False
trecrag,0,backbone,2024-129925,2024-219624,143,52,0.9433962264150944,0,False
trecrag,0,backbone,2024-129925,2024-224279,165,52,0.627906976744186,1,False
trecrag,0,backbone,2024-129925,2024-224701,198,83,0.8488372093023255,0,False
trecrag,0,backbone,2024-129925,2024-224926,121,9,0.46153846153846156,1,False
trecrag,0,backbone,2024-129925,2024-22886,220,83,0.925,0,False
trecrag,0,backbone,2024-129925,2024-27366,176,68,0.6842105263157895,1,False
trecrag,0,backbone,2024-129925,2024-29182,165,40,0.8717948717948718,0,False
trecrag,0,backbone,2024-129925,2024-32912,99,63,0.9421487603305785,1,False
trecrag,0,backbone,2024-129925,2024-35227,198,83,0.8311688311688312,0,False
trecrag,0,backbone,2024-129925,2024-35269,110,56,0.972972972972973,0,False
trecrag,0,backbone,2024-129925,2024-35284,143,66,0.953125,0,False
trecrag,0,backbone,2024-129925,2024-35620,187,50,0.9320388349514563,0,False
trecrag,0,backbone,2024-129925,2024-38986,176,67,0.58,1,False
trecrag,0,backbone,2024-129925,2024-41849,209,38,0.7727272727272727,1,False
trecrag,0,backbone,2024-129925,2024-42497,165,52,0.7787610619469026,1,False
trecrag,0,backbone,2024-129925,2024-43037,110,52,0.8514851485148515,0,False
trecrag,0,backbone,2024-129925,2024-43983,110,20,0.6666666666666666,1,False
trecrag,0,backbone,2024-129925,2024-44060,66,40,0.9382716049382716,0,False
trecrag,0,backbone,2024-129925,2024-58819,176,25,0.7906976744186046,0,False
trecrag,0,backbone,2024-129925,2024-73340,77,40,0.8831168831168831,1,False
trecrag,0,backbone,2024-129925,2024-73918,198,28,0.6333333333333333,1,False
trecrag,0,backbone,2024-129925,2024-79081,176,44,0.782608695652174,1,False
trecrag,0,backbone,2024-129925,2024-79154,99,66,0.9846153846153847,0,False
trecrag,0,backbone,2024-129925,2024-88894,143,26,0.4444444444444444,1,False
trecrag,0,backbone,2024-129925,2024-94706,120,43,0.775,0,False
trecrag,0,backbone,2024-129925,2024-96063,176,18,0.8205128205128205,0,False
trecrag,0,backbone,2024-129925,2024-96359,121,64,0.6262626262626263,1,False
trecrag,0,backbone,2024-141577,2024-105741,176,40,0.7777777777777778,1,False
trecrag,0,backbone,2024-141577,2024-121840,176,40,0.7954545454545454,0,False
trecrag,0,backbone,2024-141577,2024-127266,132,41,0.6551724137931034,1,False
trecrag,0,backbone,2024-141577,2024-129925,121,62,0.875,1,False
trecrag,0,backbone,2024-141577,2024-141577,220,81,0.8481012658227848,1,True
trecrag,0,backbone,2024-141577,2024-142395,143,55,0.7555555555555555,1,False
trecrag,0,backbone,2024-141577,2024-143869,220,69,0.7898089171974523,1,False
trecrag,0,backbone,2024-141577,2024-145979,165,90,0.9417989417989417,0,False
trecrag,0,backbone,2024-141577,2024-152259,132,58,0.926829268292683,0,False
trecrag,0,backbone,2024-141577,2024-152817,176,67,0.9402985074626866,1,False
trecrag,0,backbone,2024-141577,2024-153051,154,89,0.994413407821229,0,False
trecrag,0,backbone,2024-141577,2024-158261,187,21,0.7368421052631579,0,False
trecrag,0,backbone,2024-141577,2024-158677,198,67,0.7083333333333334,1,False
trecrag,0,backbone,2024-141577,2024-158743,198,46,0.8653846153846154,0,False
trecrag,0,backbone,2024-141577,2024-18963,187,30,0.6111111111111112,1,False
trecrag,0,backbone,2024-141577,2024-19025,132,53,0.7126436781609196,1,False
trecrag,0,backbone,2024-141577,2024-213469,143,40,0.7741935483870968,0,False
trecrag,0,backbone,2024-141577,2024-213789,143,50,0.6490066225165563,1,False
trecrag,0,backbone,2024-141577,2024-213817,143,66,0.9361702127659575,1,False
trecrag,0,backbone,2024-141577,2024-213978,99,16,0.8,1,False
trecrag,0,backbone,2024-141577,2024-214096,176,69,0.9185185185185185,0,False
trecrag,0,backbone,2024-141577,2024-214257,110,33,0.9041095890410958,0,False
trecrag,0,backbone,2024-141577,2024-214467,77,42,0.9512195121951219,0,False
trecrag,0,backbone,2024-141577,2024-215044,165,19,0.6440677966101694,1,False
trecrag,0,backbone,2024-141577,2024-215952,110,32,0.8181818181818182,0,False
trecrag,0,backbone,2024-141577,2024-216592,220,75,0.9240506329113924,0,False
trecrag,0,backbone,2024-141577,2024-217279,132,45,0.8936170212765957,0,False
trecrag,0,backbone,2024-141577,2024-217812,140,62,0.9076923076923077,0,False
trecrag,0,backbone,2024-141577,2024-219563,110,43,0.6851851851851852,1,False
trecrag,0,backbone,2024-141577,2024-219624,143,52,0.9444444444444444,0,False
trecrag,0,backbone,2024-141577,2024-224279,165,52,0.6779661016949152,1,False
trecrag,0,backbone,2024-141577,2024-224701,198,83,0.8253968253968254,0,False
trecrag,0,backbone,2024-141577,2024-224926,121,9,0.41025641025641024,1,False
trecrag,0,backbone,2024-141577,2024-22886,220,83,0.903954802259887,0,False
trecrag,0,backbone,2024-141577,2024-27366,176,68,0.7375886524822695,1,False
trecrag,0,backbone,2024-141577,2024-29182,165,40,0.8809523809523809,0,False
trecrag,0,backbone,2024-141577,2024-32912,99,63,0.921875,1,False
trecrag,0,backbone,2024-141577,2024-35227,198,83,0.7861271676300579,0,False
trecrag,0,backbone,2024-141577,2024-35269,110,56,0.9565217391304348,0,False
trecrag,0,backbone,2024-141577,2024-35284,143,66,0.9701492537313433,0,False
trecrag,0,backbone,2024-141577,2024-35620,187,50,0.875,0,False
trecrag,0,backbone,2024-141577,2024-38986,176,67,0.6338028169014085,1,False
trecrag,0,backbone,2024-141577,2024-41849,209,38,0.6115702479338843,1,False
trecrag,0,backbone,2024-141577,2024-42497,165,52,0.6163522012578616,1,False
trecrag,0,backbone,2024-141577,2024-43037,110,52,0.8888888888888888,0,False
trecrag,0,backbone,2024-141577,2024-43983,110,20,0.5277777777777778,1,False
trecrag,0,backbone,2024-141577,2024-44060,66,40,0.9302325581395349,0,False
trecrag,0,backbone,2024-141577,2024-58819,176,25,0.7241379310344828,0,False
trecrag,0,backbone,2024-141577,2024-73340,77,40,0.9156626506024096,1,False
trecrag,0,backbone,2024-141577,2024-73918,198,28,0.5647058823529412,1,False
trecrag,0,backbone,2024-141577,2024-79081,176,44,0.7241379310344828,1,False
trecrag,0,backbone,2024-141577,2024-79154,99,66,0.9848484848484849,0,False
trecrag,0,backbone,2024-141577,2024-88894,143,26,0.6052631578947368,1,False
trecrag,0,backbone,2024-141577,2024-94706,120,43,0.8636363636363636,0,False
trecrag,0,backbone,2024-141577,2024-96063,176,18,0.7804878048780488,0,False
trecrag,0,backbone,2024-141577,2024-96359,121,64,0.752,1,False
trecrag,0,backbone,2024-142395,2024-105741,176,40,0.6666666666666666,1,False
trecrag,0,backbone,2024-142395,2024-121840,176,40,0.7560975609756098,0,False
trecrag,0,backbone,2024-142395,2024-127266,132,41,0.6990291262135923,1,False
trecrag,0,backbone,2024-142395,2024-129925,121,62,0.873015873015873,1,False
trecrag,0,backbone,2024-142395,2024-141577,220,81,0.671875,1,False
trecrag,0,backbone,2024-142395,2024-142395,143,55,0.9137931034482759,1,True
trecrag,0,backbone,2024-142395,2024-143869,220,69,0.8740740740740741,1,False
trecrag,0,backbone,2024-142395,2024-145979,165,90,0.9613259668508287,0,False
trecrag,0,backbone,2024-142395,2024-152259,132,58,0.9344262295081968,0,False
trecrag,0,backbone,2024-142395,2024-152817,176,67,0.9147286821705426,1,False
trecrag,0,backbone,2024-142395,2024-153051,154,89,0.9943502824858758,0,False
trecrag,0,backbone,2024-142395,2024-158261,187,21,0.6938775510204082,0,False
trecrag,0,backbone,2024-142395,2024-158677,198,67,0.6721311475409836,1,False
trecrag,0,backbone,2024-142395,2024-158743,198,46,0.875,0,False
trecrag,0,backbone,2024-142395,2024-18963,187,30,0.711864406779661,1,False
trecrag,0,backbone,2024-142395,2024-19025,132,53,0.5822784810126582,1,False
trecrag,0,backbone,2024-142395,2024-213469,143,40,0.7954545454545454,0,False
trecrag,0,backbone,2024-142395,2024-213789,143,50,0.6818181818181818,1,False
trecrag,0,backbone,2024-142395,2024-213817,143,66,0.9465648854961832,1,False
trecrag,0,backbone,2024-142395,2024-213978,99,16,0.7777777777777778,1,False
trecrag,0,backbone,2024-142395,2024-214096,176,69,0.9076923076923077,0,False
trecrag,0,backbone,2024-142395,2024-214257,110,33,0.927536231884058,0,False
trecrag,0,backbone,2024-142395,2024-214467,77,42,0.9629629629629629,0,False
trecrag,0,backbone,2024-142395,2024-215044,165,19,0.72,1,False
trecrag,0,backbone,2024-142395,2024-215952,110,32,0.8524590163934426,0,False
trecrag,0,backbone,2024-142395,2024-216592,220,75,0.9261744966442953,0,False
trecrag,0,backbone,2024-142395,2024-217279,132,45,0.8735632183908046,0,False
trecrag,0,backbone,2024-142395,2024-217812,140,62,0.9133858267716536,0,False
trecrag,0,backbone,2024-142395,2024-219563,110,43,0.7216494845360825,1,False
trecrag,0,backbone,2024-142395,2024-219624,143,52,0.9433962264150944,0,False
trecrag,0,backbone,2024-142395,2024-224279,165,52,0.64,1,False
trecrag,0,backbone,2024-142395,2024-224701,198,83,0.8700564971751412,0,False
trecrag,0,backbone,2024-142395,2024-224926,121,9,0.45161290322580644,1,False
trecrag,0,backbone,2024-142395,2024-22886,220,83,0.9112426035502958,0,False
trecrag,0,backbone,2024-142395,2024-27366,176,68,0.7716535433070866,1,False
trecrag,0,backbone,2024-142395,2024-29182,165,40,0.8780487804878049,0,False
trecrag,0,backbone,2024-142395,2024-32912,99,63,0.944,1,False
trecrag,0,backbone,2024-142395,2024-35227,198,83,0.8047337278106509,0,False
trecrag,0,backbone,2024-142395,2024-35269,110,56,0.9821428571428571,0,False
trecrag,0,backbone,2024-142395,2024-35284,143,66,0.9770992366412213,0,False
trecrag,0,backbone,2024-142395,2024-35620,187,50,0.9074074074074074,0,False
trecrag,0,backbone,2024-142395,2024-38986,176,67,0.6153846153846154,1,False
trecrag,0,backbone,2024-142395,2024-41849,209,38,0.6730769230769231,1,False
trecrag,0,backbone,2024-142395,2024-42497,165,52,0.7142857142857143,1,False
trecrag,0,backbone,2024-142395,2024-43037,110,52,0.8952380952380953,0,False
trecrag,0,backbone,2024-142395,2024-43983,110,20,0.6181818181818182,1,False
trecrag,0,backbone,2024-142395,2024-44060,66,40,0.9523809523809523,0,False
trecrag,0,backbone,2024-142395,2024-58819,176,25,0.7755102040816326,0,False
trecrag,0,backbone,2024-142395,2024-73340,77,40,0.925,1,False
trecrag,0,backbone,2024-142395,2024-73918,198,28,0.6176470588235294,1,False
trecrag,0,backbone,2024-142395,2024-79081,176,44,0.7647058823529411,1,False
trecrag,0,backbone,2024-142395,2024-79154,99,66,0.9923664122137404,0,False
trecrag,0,backbone,2024-142395,2024-88894,143,26,0.5306122448979592,1,False
trecrag,0,backbone,2024-142395,2024-94706,120,43,0.8636363636363636,0,False
trecrag,0,backbone,2024-142395,2024-96063,176,18,0.8205128205128205,0,False
trecrag,0,backbone,2024-142395,2024-96359,121,64,0.7142857142857143,1,False
trecrag,0,backbone,2024-143869,2024-105741,176,40,0.746268656716418,1,False
trecrag,0,backbone,2024-143869,2024-121840,176,40,0.7435897435897436,0,False
trecrag,0,backbone,2024-143869,2024-127266,132,41,0.7157894736842105,1,False
trecrag,0,backbone,2024-143869,2024-129925,121,62,0.8548387096774194,1,False
trecrag,0,backbone,2024-143869,2024-141577,220,81,0.6349206349206349,1,False
trecrag,0,backbone,2024-143869,2024-142395,143,55,0.8214285714285714,1,False
trecrag,0,backbone,2024-143869,2024-143869,220,69,0.9558823529411765,1,True
trecrag,0,backbone,2024-143869,2024-145979,165,90,0.96045197740113,0,False
trecrag,0,backbone,2024-143869,2024-152259,132,58,0.9344262295081968,0,False
trecrag,0,backbone,2024-143869,2024-152817,176,67,0.90625,1,False
trecrag,0,backbone,2024-143869,2024-153051,154,89,0.9943502824858758,0,False
trecrag,0,backbone,2024-143869,2024-158261,187,21,0.723404255319149,0,False
trecrag,0,backbone,2024-143869,2024-158677,198,67,0.6837606837606838,1,False
trecrag,0,backbone,2024-143869,2024-158743,198,46,0.875,0,False
trecrag,0,backbone,2024-143869,2024-18963,187,30,0.7368421052631579,1,False
trecrag,0,backbone,2024-143869,2024-19025,132,53,0.4864864864864865,1,False
trecrag,0,backbone,2024-143869,2024-213469,143,40,0.8,0,False
trecrag,0,backbone,2024-143869,2024-213789,143,50,0.6906474820143885,1,False
trecrag,0,backbone,2024-143869,2024-213817,143,66,0.9545454545454546,1,False
trecrag,0,backbone,2024-143869,2024-213978,99,16,0.8125,1,False
trecrag,0,backbone,2024-143869,2024-214096,176,69,0.9076923076923077,0,False
trecrag,0,backbone,2024-143869,2024-214257,110,33,0.9428571428571428,0,False
trecrag,0,backbone,2024-143869,2024-214467,77,42,0.9629629629629629,0,False
trecrag,0,backbone,2024-143869,2024-215044,165,19,0.782608695652174,1,False
trecrag,0,backbone,2024-143869,2024-215952,110,32,0.8,0,False
trecrag,0,backbone,2024-143869,2024-216592,220,75,0.9379310344827586,0,False
trecrag,0,backbone,2024-143869,2024-217279,132,45,0.8505747126436781,0,False
trecrag,0,backbone,2024-143869,2024-217812,140,62,0.928,0,False
trecrag,0,backbone,2024-143869,2024-219563,110,43,0.6590909090909091,1,False
trecrag,0,backbone,2024-143869,2024-219624,143,52,0.9433962264150944,0,False
trecrag,0,backbone,2024-143869,2024-224279,165,52,0.6888888888888889,1,False
trecrag,0,backbone,2024-143869,2024-224701,198,83,0.8505747126436781,0,False
trecrag,0,backbone,2024-143869,2024-224926,121,9,0.4827586206896552,1,False
trecrag,0,backbone,2024-143869,2024-22886,220,83,0.9112426035502958,0,False
trecrag,0,backbone,2024-143869,2024-27366,176,68,0.75,1,False
trecrag,0,backbone,2024-143869,2024-29182,165,40,0.8974358974358975,0,False
trecrag,0,backbone,2024-143869,2024-32912,99,63,0.9508196721311475,1,False
trecrag,0,backbone,2024-143869,2024-35227,198,83,0.7976190476190477,0,False
trecrag,0,backbone,2024-143869,2024-35269,110,56,0.972972972972973,0,False
trecrag,0,backbone,2024-143869,2024-35284,143,66,0.9692307692307692,0,False
trecrag,0,backbone,2024-143869,2024-35620,187,50,0.9142857142857143,0,False
trecrag,0,backbone,2024-143869,2024-38986,176,67,0.594059405940594,1,False
trecrag,0,backbone,2024-143869,2024-41849,209,38,0.7415730337078652,1,False
trecrag,0,backbone,2024-143869,2024-42497,165,52,0.7603305785123967,1,False
trecrag,0,backbone,2024-143869,2024-43037,110,52,0.8846153846153846,0,False
trecrag,0,backbone,2024-143869,2024-43983,110,20,0.7142857142857143,1,False
trecrag,0,backbone,2024-143869,2024-44060,66,40,0.9512195121951219,0,False
trecrag,0,backbone,2024-143869,2024-58819,176,25,0.8260869565217391,0,False
trecrag,0,backbone,2024-143869,2024-73340,77,40,0.8860759493670886,1,False
trecrag,0,backbone,2024-143869,2024-73918,198,28,0.5797101449275363,1,False
trecrag,0,backbone,2024-143869,2024-79081,176,44,0.7692307692307693,1,False
trecrag,0,backbone,2024-143869,2024-79154,99,66,0.9923664122137404,0,False
trecrag,0,backbone,2024-143869,2024-88894,143,26,0.4,1,False
trecrag,0,backbone,2024-143869,2024-94706,120,43,0.8636363636363636,0,False
trecrag,0,backbone,2024-143869,2024-96063,176,18,0.8,0,False
trecrag,0,backbone,2024-143869,2024-96359,121,64,0.6964285714285714,1,False
trecrag,0,backbone,2024-145979,2024-105741,176,40,0.7352941176470589,1,False
trecrag,0,backbone,2024-145979,2024-121840,176,40,0.775,0,False
trecrag,0,backbone,2024-145979,2024-127266,132,41,0.7472527472527473,1,False
trecrag,0,backbone,2024-145979,2024-129925,121,62,0.8333333333333334,1,False
trecrag,0,backbone,2024-145979,2024-141577,220,81,0.6507936507936508,1,False
trecrag,0,backbone,2024-145979,2024-142395,143,55,0.8,1,False
trecrag,0,backbone,2024-145979,2024-143869,220,69,0.8740740740740741,1,False
trecrag,0,backbone,2024-145979,2024-145979,165,90,0.9479768786127167,0,True
trecrag,0,backbone,2024-145979,2024-152259,132,58,0.9344262295081968,0,False
trecrag,0,backbone,2024-145979,2024-152817,176,67,0.90625,1,False
trecrag,0,backbone,2024-145979,2024-153051,154,89,0.9943502824858758,0,False
trecrag,0,backbone,2024-145979,2024-158261,187,21,0.75,0,False
trecrag,0,backbone,2024-145979,2024-158677,198,67,0.6666666666666666,1,False
trecrag,0,backbone,2024-145979,2024-158743,198,46,0.8541666666666666,0,False
trecrag,0,backbone,2024-145979,2024-18963,187,30,0.7272727272727273,1,False
trecrag,0,backbone,2024-145979,2024-19025,132,53,0.5,1,False
trecrag,0,backbone,2024-145979,2024-213469,143,40,0.7804878048780488,0,False
trecrag,0,backbone,2024-145979,2024-213789,143,50,0.703125,1,False
trecrag,0,backbone,2024-145979,2024-213817,143,66,0.921875,1,False
trecrag,0,backbone,2024-145979,2024-213978,99,16,0.8125,1,False
trecrag,0,backbone,2024-145979,2024-214096,176,69,0.8992248062015504,0,False
trecrag,0,backbone,2024-145979,2024-214257,110,33,0.9411764705882353,0,False
trecrag,0,backbone,2024-145979,2024-214467,77,42,0.9629629629629629,0,False
trecrag,0,backbone,2024-145979,2024-215044,165,19,0.75,1,False
trecrag,0,backbone,2024-145979,2024-215952,110,32,0.847457627118644,0,False
trecrag,0,backbone,2024-145979,2024-216592,220,75,0.9261744966442953,0,False
trecrag,0,backbone,2024-145979,2024-217279,132,45,0.8604651162790697,0,False
trecrag,0,backbone,2024-145979,2024-217812,140,62,0.928,0,False
trecrag,0,backbone,2024-145979,2024-219563,110,43,0.6428571428571429,1,False
trecrag,0,backbone,2024-145979,2024-219624,143,52,0.9433962264150944,0,False
trecrag,0,backbone,2024-145979,2024-224279,165,52,0.6741573033707865,1,False
trecrag,0,backbone,2024-145979,2024-224701,198,83,0.8620689655172413,0,False
trecrag,0,backbone,2024-145979,2024-224926,121,9,0.4444444444444444,1,False
trecrag,0,backbone,2024-145979,2024-22886,220,83,0.9221556886227545,0,False
trecrag,0,backbone,2024-145979,2024-27366,176,68,0.6724137931034483,1,False
trecrag,0,backbone,2024-145979,2024-29182,165,40,0.8974358974358975,0,False
trecrag,0,backbone,2024-145979,2024-32912,99,63,0.9193548387096774,1,False
trecrag,0,backbone,2024-145979,2024-35227,198,83,0.8192771084337349,0,False
trecrag,0,backbone,2024-145979,2024-35269,110,56,0.972972972972973,0,False
trecrag,0,backbone,2024-145979,2024-35284,143,66,0.9618320610687023,0,False
trecrag,0,backbone,2024-145979,2024-35620,187,50,0.9333333333333333,0,False
trecrag,0,backbone,2024-145979,2024-38986,176,67,0.5686274509803921,1,False
trecrag,0,backbone,2024-145979,2024-41849,209,38,0.6875,1,False
trecrag,0,backbone,2024-145979,2024-42497,165,52,0.7272727272727273,1,False
trecrag,0,backbone,2024-145979,2024-43037,110,52,0.8932038834951457,0,False
trecrag,0,backbone,2024-145979,2024-43983,110,20,0.6538461538461539,1,False
trecrag,0,backbone,2024-145979,2024-44060,66,40,0.925,0,False
trecrag,0,backbone,2024-145979,2024-58819,176,25,0.8,0,False
trecrag,0,backbone,2024-145979,2024-73340,77,40,0.8860759493670886,1,False
trecrag,0,backbone,2024-145979,2024-73918,198,28,0.6060606060606061,1,False
trecrag,0,backbone,2024-145979,2024-79081,176,44,0.8,1,False
trecrag,0,backbone,2024-145979,2024-79154,99,66,0.9846153846153847,0,False
trecrag,0,backbone,2024-145979,2024-88894,143,26,0.5,1,False
trecrag,0,backbone,2024-145979,2024-94706,120,43,0.8505747126436781,0,False
trecrag,0,backbone,2024-145979,2024-96063,176,18,0.8421052631578947,0,False
trecrag,0,backbone,2024-145979,2024-96359,121,64,0.6601941747572816,1,False
trecrag,0,backbone,2024-152259,2024-105741,176,40,0.7076923076923077,1,False
trecrag,0,backbone,2024-152259,2024-121840,176,40,0.7532467532467533,0,False
trecrag,0,backbone,2024-152259,2024-127266,132,41,0.7865168539325843,1,False
trecrag,0,backbone,2024-152259,2024-129925,121,62,0.8376068376068376,1,False
trecrag,0,backbone,2024-152259,2024-141577,220,81,0.6507936507936508,1,False
trecrag,0,backbone,2024-152259,2024-142395,143,55,0.8214285714285714,1,False
trecrag,0,backbone,2024-152259,2024-143869,220,69,0.9007633587786259,1,False
trecrag,0,backbone,2024-152259,2024-145979,165,90,0.9550561797752809,0,False
trecrag,0,backbone,2024-152259,2024-152259,132,58,0.9421487603305785,0,True
trecrag,0,backbone,2024-152259,2024-152817,176,67,0.8976377952755905,1,False
trecrag,0,backbone,2024-152259,2024-153051,154,89,0.9943502824858758,0,False
trecrag,0,backbone,2024-152259,2024-158261,187,21,0.7391304347826086,0,False
trecrag,0,backbone,2024-152259,2024-158677,198,67,0.6551724137931034,1,False
trecrag,0,backbone,2024-152259,2024-158743,198,46,0.8421052631578947,0,False
trecrag,0,backbone,2024-152259,2024-18963,187,30,0.711864406779661,1,False
trecrag,0,backbone,2024-152259,2024-19025,132,53,0.45714285714285713,1,False
trecrag,0,backbone,2024-152259,2024-213469,143,40,0.810126582278481,0,False
trecrag,0,backbone,2024-152259,2024-213789,143,50,0.676923076923077,1,False
trecrag,0,backbone,2024-152259,2024-213817,143,66,0.9545454545454546,1,False
trecrag,0,backbone,2024-152259,2024-213978,99,16,0.8387096774193549,1,False
trecrag,0,backbone,2024-152259,2024-214096,176,69,0.9076923076923077,0,False
trecrag,0,backbone,2024-152259,2024-214257,110,33,0.927536231884058,0,False
trecrag,0,backbone,2024-152259,2024-214467,77,42,0.9629629629629629,0,False
trecrag,0,backbone,2024-152259,2024-215044,165,19,0.7659574468085106,1,False
trecrag,0,backbone,2024-152259,2024-215952,110,32,0.8275862068965517,0,False
trecrag,0,backbone,2024-152259,2024-216592,220,75,0.9324324324324325,0,False
trecrag,0,backbone,2024-152259,2024-217279,132,45,0.8505747126436781,0,False
trecrag,0,backbone,2024-152259,2024-217812,140,62,0.9193548387096774,0,False
trecrag,0,backbone,2024-152259,2024-219563,110,43,0.6823529411764706,1,False
trecrag,0,backbone,2024-152259,2024-219624,143,52,0.9433962264150944,0,False
trecrag,0,backbone,2024-152259,2024-224279,165,52,0.6739130434782609,1,False
trecrag,0,backbone,2024-152259,2024-224701,198,83,0.8390804597701149,0,False
trecrag,0,backbone,2024-152259,2024-224926,121,9,0.5,1,False
trecrag,0,backbone,2024-152259,2024-22886,220,83,0.9333333333333333,0,False
trecrag,0,backbone,2024-152259,2024-27366,176,68,0.6545454545454545,1,False
trecrag,0,backbone,2024-152259,2024-29182,165,40,0.8831168831168831,0,False
trecrag,0,backbone,2024-152259,2024-32912,99,63,0.9508196721311475,1,False
trecrag,0,backbone,2024-152259,2024-35227,198,83,0.8271604938271605,0,False
trecrag,0,backbone,2024-152259,2024-35269,110,56,0.972972972972973,0,False
trecrag,0,backbone,2024-152259,2024-35284,143,66,0.9612403100775194,0,False
trecrag,0,backbone,2024-152259,2024-35620,187,50,0.9142857142857143,0,False
trecrag,0,backbone,2024-152259,2024-38986,176,67,0.5714285714285714,1,False
trecrag,0,backbone,2024-152259,2024-41849,209,38,0.7333333333333333,1,False
trecrag,0,backbone,2024-152259,2024-42497,165,52,0.7719298245614035,1,False
trecrag,0,backbone,2024-152259,2024-43037,110,52,0.8653846153846154,0,False
trecrag,0,backbone,2024-152259,2024-43983,110,20,0.6666666666666666,1,False
trecrag,0,backbone,2024-152259,2024-44060,66,40,0.9382716049382716,0,False
trecrag,0,backbone,2024-152259,2024-58819,176,25,0.8181818181818182,0,False
trecrag,0,backbone,2024-152259,2024-73340,77,40,0.8860759493670886,1,False
trecrag,0,backbone,2024-152259,2024-73918,198,28,0.5666666666666667,1,False
trecrag,0,backbone,2024-152259,2024-79081,176,44,0.7912087912087912,1,False
trecrag,0,backbone,2024-152259,2024-79154,99,66,0.9923664122137404,0,False
trecrag,0,backbone,2024-152259,2024-88894,143,26,0.5116279069767442,1,False
trecrag,0,backbone,2024-152259,2024-94706,120,43,0.8048780487804879,0,False
trecrag,0,backbone,2024-152259,2024-96063,176,18,0.8108108108108109,0,False
trecrag,0,backbone,2024-152259,2024-96359,121,64,0.6601941747572816,1,False
trecrag,0,backbone,2024-152817,2024-105741,176,40,0.7692307692307693,1,False
trecrag,0,backbone,2024-152817,2024-121840,176,40,0.7865168539325843,0,False
trecrag,0,backbone,2024-152817,2024-127266,132,41,0.7128712871287128,1,False
trecrag,0,backbone,2024-152817,2024-129925,121,62,0.8837209302325582,1,False
trecrag,0,backbone,2024-152817,2024-141577,220,81,0.6762589928057554,1,False
trecrag,0,backbone,2024-152817,2024-142395,143,55,0.7786259541984732,1,False
trecrag,0,backbone,2024-152817,2024-143869,220,69,0.8413793103448276,1,False
trecrag,0,backbone,2024-152817,2024-145979,165,90,0.9508196721311475,0,False
trecrag,0,backbone,2024-152817,2024-152259,132,58,0.9193548387096774,0,False
trecrag,0,backbone,2024-152817,2024-152817,176,67,0.948905109489051,1,True
trecrag,0,backbone,2024-152817,2024-153051,154,89,0.9943502824858758,0,False
trecrag,0,backbone,2024-152817,2024-158261,187,21,0.7407407407407407,0,False
trecrag,0,backbone,2024-152817,2024-158677,198,67,0.6821705426356589,1,False
trecrag,0,backbone,2024-152817,2024-158743,198,46,0.86,0,False
trecrag,0,backbone,2024-152817,2024-18963,187,30,0.6567164179104478,1,False
trecrag,0,backbone,2024-152817,2024-19025,132,53,0.55,1,False
trecrag,0,backbone,2024-152817,2024-213469,143,40,0.7816091954022989,0,False
trecrag,0,backbone,2024-152817,2024-213789,143,50,0.6713286713286714,1,False
trecrag,0,backbone,2024-152817,2024-213817,143,66,0.9701492537313433,1,False
trecrag,0,backbone,2024-152817,2024-213978,99,16,0.8,1,False
trecrag,0,backbone,2024-152817,2024-214096,176,69,0.9090909090909091,0,False
trecrag,0,backbone,2024-152817,2024-214257,110,33,0.9295774647887324,0,False
trecrag,0,backbone,2024-152817,2024-214467,77,42,0.9629629629629629,0,False
trecrag,0,backbone,2024-152817,2024-215044,165,19,0.6666666666666666,1,False
trecrag,0,backbone,2024-152817,2024-215952,110,32,0.8307692307692308,0,False
trecrag,0,backbone,2024-152817,2024-216592,220,75,0.9473684210526315,0,False
trecrag,0,backbone,2024-152817,2024-217279,132,45,0.9010989010989011,0,False
trecrag,0,backbone,2024-152817,2024-217812,140,62,0.90625,0,False
trecrag,0,backbone,2024-152817,2024-219563,110,43,0.7128712871287128,1,False
trecrag,0,backbone,2024-152817,2024-219624,143,52,0.9444444444444444,0,False
trecrag,0,backbone,2024-152817,2024-224279,165,52,0.6363636363636364,1,False
trecrag,0,backbone,2024-152817,2024-224701,198,83,0.8571428571428571,0,False
trecrag,0,backbone,2024-152817,2024-224926,121,9,0.5,1,False
trecrag,0,backbone,2024-152817,2024-22886,220,83,0.9176470588235294,0,False
trecrag,0,backbone,2024-152817,2024-27366,176,68,0.7518796992481203,1,False
trecrag,0,backbone,2024-152817,2024-29182,165,40,0.9024390243902439,0,False
trecrag,0,backbone,2024-152817,2024-32912,99,63,0.90625,1,False
trecrag,0,backbone,2024-152817,2024-35227,198,83,0.7953216374269005,0,False
trecrag,0,backbone,2024-152817,2024-35269,110,56,0.9649122807017544,0,False
trecrag,0,backbone,2024-152817,2024-35284,143,66,0.9624060150375939,0,False
trecrag,0,backbone,2024-152817,2024-35620,187,50,0.8990825688073395,0,False
trecrag,0,backbone,2024-152817,2024-38986,176,67,0.603448275862069,1,False
trecrag,0,backbone,2024-152817,2024-41849,209,38,0.6542056074766355,1,False
trecrag,0,backbone,2024-152817,2024-42497,165,52,0.7111111111111111,1,False
trecrag,0,backbone,2024-152817,2024-43037,110,52,0.8888888888888888,0,False
trecrag,0,backbone,2024-152817,2024-43983,110,20,0.576271186440678,1,False
trecrag,0,backbone,2024-152817,2024-44060,66,40,0.9523809523809523,0,False
trecrag,0,backbone,2024-152817,2024-58819,176,25,0.7916666666666666,0,False
trecrag,0,backbone,2024-152817,2024-73340,77,40,0.9024390243902439,1,False
trecrag,0,backbone,2024-152817,2024-73918,198,28,0.5945945945945946,1,False
trecrag,0,backbone,2024-152817,2024-79081,176,44,0.7619047619047619,1,False
trecrag,0,backbone,2024-152817,2024-79154,99,66,0.9923664122137404,0,False
trecrag,0,backbone,2024-152817,2024-88894,143,26,0.5396825396825397,1,False
trecrag,0,backbone,2024-152817,2024-94706,120,43,0.8539325842696629,0,False
trecrag,0,backbone,2024-152817,2024-96063,176,18,0.8,0,False
trecrag,0,backbone,2024-152817,2024-96359,121,64,0.7304347826086957,1,False
trecrag,0,backbone,2024-153051,2024-105741,176,40,0.7777777777777778,1,False
trecrag,0,backbone,2024-153051,2024-121840,176,40,0.7654320987654321,0,False
trecrag,0,backbone,2024-153051,2024-127266,132,41,0.7070707070707071,1,False
trecrag,0,backbone,2024-153051,2024-129925,121,62,0.85,1,False
trecrag,0,backbone,2024-153051,2024-141577,220,81,0.696969696969697,1,False
trecrag,0,backbone,2024-153051,2024-142395,143,55,0.7719298245614035,1,False
trecrag,0,backbone,2024-153051,2024-143869,220,69,0.8613138686131386,1,False
trecrag,0,backbone,2024-153051,2024-145979,165,90,0.967032967032967,0,False
trecrag,0,backbone,2024-153051,2024-152259,132,58,0.9344262295081968,0,False
trecrag,0,backbone,2024-153051,2024-152817,176,67,0.9147286821705426,1,False
trecrag,0,backbone,2024-153051,2024-153051,154,89,0.994413407821229,0,True
trecrag,0,backbone,2024-153051,2024-158261,187,21,0.6938775510204082,0,False
trecrag,0,backbone,2024-153051,2024-158677,198,67,0.6779661016949152,1,False
trecrag,0,backbone,2024-153051,2024-158743,198,46,0.8571428571428571,0,False
trecrag,0,backbone,2024-153051,2024-18963,187,30,0.7213114754098361,1,False
trecrag,0,backbone,2024-153051,2024-19025,132,53,0.5454545454545454,1,False
trecrag,0,backbone,2024-153051,2024-213469,143,40,0.7654320987654321,0,False
trecrag,0,backbone,2024-153051,2024-213789,143,50,0.6618705035971223,1,False
trecrag,0,backbone,2024-153051,2024-213817,143,66,0.9465648854961832,1,False
trecrag,0,backbone,2024-153051,2024-213978,99,16,0.7878787878787878,1,False
trecrag,0,backbone,2024-153051,2024-214096,176,69,0.9076923076923077,0,False
trecrag,0,backbone,2024-153051,2024-214257,110,33,0.927536231884058,0,False
trecrag,0,backbone,2024-153051,2024-214467,77,42,0.9629629629629629,0,False
trecrag,0,backbone,2024-153051,2024-215044,165,19,0.7450980392156863,1,False
trecrag,0,backbone,2024-153051,2024-215952,110,32,0.8333333333333334,0,False
trecrag,0,backbone,2024-153051,2024-216592,220,75,0.9333333333333333,0,False
trecrag,0,backbone,2024-153051,2024-217279,132,45,0.8764044943820225,0,False
trecrag,0,backbone,2024-153051,2024-217812,140,62,0.90625,0,False
trecrag,0,backbone,2024-153051,2024-219563,110,43,0.693069306930693,1,False
trecrag,0,backbone,2024-153051,2024-219624,143,52,0.9532710280373832,0,False
trecrag,0,backbone,2024-153051,2024-224279,165,52,0.6597938144329897,1,False
trecrag,0,backbone,2024-153051,2024-224701,198,83,0.8603351955307262,0,False
trecrag,0,backbone,2024-153051,2024-224926,121,9,0.4666666666666667,1,False
trecrag,0,backbone,2024-153051,2024-22886,220,83,0.9221556886227545,0,False
trecrag,0,backbone,2024-153051,2024-27366,176,68,0.7213114754098361,1,False
trecrag,0,backbone,2024-153051,2024-29182,165,40,0.875,0,False
trecrag,0,backbone,2024-153051,2024-32912,99,63,0.928,1,False
trecrag,0,backbone,2024-153051,2024-35227,198,83,0.8,0,False
trecrag,0,backbone,2024-153051,2024-35269,110,56,0.9821428571428571,0,False
trecrag,0,backbone,2024-153051,2024-35284,143,66,0.9692307692307692,0,False
trecrag,0,backbone,2024-153051,2024-35620,187,50,0.9245283018867925,0,False
trecrag,0,backbone,2024-153051,2024-38986,176,67,0.594059405940594,1,False
trecrag,0,backbone,2024-153051,2024-41849,209,38,0.7157894736842105,1,False
trecrag,0,backbone,2024-153051,2024-42497,165,52,0.7333333333333333,1,False
trecrag,0,backbone,2024-153051,2024-43037,110,52,0.8867924528301887,0,False
trecrag,0,backbone,2024-153051,2024-43983,110,20,0.6666666666666666,1,False
trecrag,0,backbone,2024-153051,2024-44060,66,40,0.9523809523809523,0,False
trecrag,0,backbone,2024-153051,2024-58819,176,25,0.7916666666666666,0,False
trecrag,0,backbone,2024-153051,2024-73340,77,40,0.9024390243902439,1,False
trecrag,0,backbone,2024-153051,2024-73918,198,28,0.5797101449275363,1,False
trecrag,0,backbone,2024-153051,2024-79081,176,44,0.7961165048543689,1,False
trecrag,0,backbone,2024-153051,2024-79154,99,66,0.9923664122137404,0,False
trecrag,0,backbone,2024-153051,2024-88894,143,26,0.5714285714285714,1,False
trecrag,0,backbone,2024-153051,2024-94706,120,43,0.8505747126436781,0,False
trecrag,0,backbone,2024-153051,2024-96063,176,18,0.8205128205128205,0,False
trecrag,0,backbone,2024-153051,2024-96359,121,64,0.7079646017699115,1,False
trecrag,0,backbone,2024-158261,2024-105741,176,40,0.676923076923077,1,False
trecrag,0,backbone,2024-158261,2024-121840,176,40,0.7631578947368421,0,False
trecrag,0,backbone,2024-158261,2024-127266,132,41,0.7906976744186046,1,False
trecrag,0,backbone,2024-158261,2024-129925,121,62,0.8173913043478261,1,False
trecrag,0,backbone,2024-158261,2024-141577,220,81,0.6507936507936508,1,False
trecrag,0,backbone,2024-158261,2024-142395,143,55,0.7647058823529411,1,False
trecrag,0,backbone,2024-158261,2024-143869,220,69,0.8872180451127819,1,False
trecrag,0,backbone,2024-158261,2024-145979,165,90,0.9608938547486033,0,False
trecrag,0,backbone,2024-158261,2024-152259,132,58,0.9421487603305785,0,False
trecrag,0,backbone,2024-158261,2024-152817,176,67,0.8976377952755905,1,False
trecrag,0,backbone,2024-158261,2024-153051,154,89,0.9886363636363636,0,False
trecrag,0,backbone,2024-158261,2024-158261,187,21,0.8333333333333334,0,True
trecrag,0,backbone,2024-158261,2024-158677,198,67,0.625,1,False
trecrag,0,backbone,2024-158261,2024-158743,198,46,0.8723404255319149,0,False
trecrag,0,backbone,2024-158261,2024-18963,187,30,0.7692307692307693,1,False
trecrag,0,backbone,2024-158261,2024-19025,132,53,0.5066666666666667,1,False
trecrag,0,backbone,2024-158261,2024-213469,143,40,0.8051948051948052,0,False
trecrag,0,backbone,2024-158261,2024-213789,143,50,0.6567164179104478,1,False
trecrag,0,backbone,2024-158261,2024-213817,143,66,0.9375,1,False
trecrag,0,backbone,2024-158261,2024-213978,99,16,0.8666666666666667,1,False
trecrag,0,backbone,2024-158261,2024-214096,176,69,0.9007633587786259,0,False
trecrag,0,backbone,2024-158261,2024-214257,110,33,0.927536231884058,0,False
trecrag,0,backbone,2024-158261,2024-214467,77,42,0.95,0,False
trecrag,0,backbone,2024-158261,2024-215044,165,19,0.8181818181818182,1,False
trecrag,0,backbone,2024-158261,2024-215952,110,32,0.8275862068965517,0,False
trecrag,0,backbone,2024-158261,2024-216592,220,75,0.9324324324324325,0,False
trecrag,0,backbone,2024-158261,2024-217279,132,45,0.8604651162790697,0,False
trecrag,0,backbone,2024-158261,2024-217812,140,62,0.8976377952755905,0,False
trecrag,0,backbone,2024-158261,2024-219563,110,43,0.6741573033707865,1,False
trecrag,0,backbone,2024-158261,2024-219624,143,52,0.9423076923076923,0,False
trecrag,0,backbone,2024-158261,2024-224279,165,52,0.6352941176470588,1,False
trecrag,0,backbone,2024-158261,2024-224701,198,83,0.8604651162790697,0,False
trecrag,0,backbone,2024-158261,2024-224926,121,9,0.5185185185185185,1,False
trecrag,0,backbone,2024-158261,2024-22886,220,83,0.9325153374233128,0,False
trecrag,0,backbone,2024-158261,2024-27366,176,68,0.6608695652173913,1,False
trecrag,0,backbone,2024-158261,2024-29182,165,40,0.868421052631579,0,False
trecrag,0,backbone,2024-158261,2024-32912,99,63,0.921875,1,False
trecrag,0,backbone,2024-158261,2024-35227,198,83,0.8170731707317073,0,False
trecrag,0,backbone,2024-158261,2024-35269,110,56,0.9724770642201835,0,False
trecrag,0,backbone,2024-158261,2024-35284,143,66,0.9612403100775194,0,False
trecrag,0,backbone,2024-158261,2024-35620,187,50,0.9142857142857143,0,False
trecrag,0,backbone,2024-158261,2024-38986,176,67,0.5742574257425742,1,False
trecrag,0,backbone,2024-158261,2024-41849,209,38,0.7311827956989247,1,False
trecrag,0,backbone,2024-158261,2024-42497,165,52,0.7096774193548387,1,False
trecrag,0,backbone,2024-158261,2024-43037,110,52,0.8823529411764706,0,False
trecrag,0,backbone,2024-158261,2024-43983,110,20,0.6829268292682927,1,False
trecrag,0,backbone,2024-158261,2024-44060,66,40,0.9382716049382716,0,False
trecrag,0,backbone,2024-158261,2024-58819,176,25,0.7906976744186046,0,False
trecrag,0,backbone,2024-158261,2024-73340,77,40,0.9,1,False
trecrag,0,backbone,2024-158261,2024-73918,198,28,0.6440677966101694,1,False
trecrag,0,backbone,2024-158261,2024-79081,176,44,0.7628865979381443,1,False
trecrag,0,backbone,2024-158261,2024-79154,99,66,0.9846153846153847,0,False
trecrag,0,backbone,2024-158261,2024-88894,143,26,0.4,1,False
trecrag,0,backbone,2024-158261,2024-94706,120,43,0.8372093023255814,0,False
trecrag,0,backbone,2024-158261,2024-96063,176,18,0.7777777777777778,0,False
trecrag,0,backbone,2024-158261,2024-96359,121,64,0.6407766990291263,1,False
trecrag,0,backbone,2024-158677,2024-105741,176,40,0.821917808219178,1,False
trecrag,0,backbone,2024-158677,2024-121840,176,40,0.7804878048780488,0,False
trecrag,0,backbone,2024-158677,2024-127266,132,41,0.6788990825688074,1,False
trecrag,0,backbone,2024-158677,2024-129925,121,62,0.8524590163934426,1,False
trecrag,0,backbone,2024-158677,2024-141577,220,81,0.6911764705882353,1,False
trecrag,0,backbone,2024-158677,2024-142395,143,55,0.7796610169491526,1,False
trecrag,0,backbone,2024-158677,2024-143869,220,69,0.8333333333333334,1,False
trecrag,0,backbone,2024-158677,2024-145979,165,90,0.9513513513513514,0,False
trecrag,0,backbone,2024-158677,2024-152259,132,58,0.9344262295081968,0,False
trecrag,0,backbone,2024-158677,2024-152817,176,67,0.9230769230769231,1,False
trecrag,0,backbone,2024-158677,2024-153051,154,89,0.9943502824858758,0,False
trecrag,0,backbone,2024-158677,2024-158261,187,21,0.6938775510204082,0,False
trecrag,0,backbone,2024-158677,2024-158677,198,67,0.7971014492753623,1,True
trecrag,0,backbone,2024-158677,2024-158743,198,46,0.8349514563106796,0,False
trecrag,0,backbone,2024-158677,2024-18963,187,30,0.6470588235294118,1,False
trecrag,0,backbone,2024-158677,2024-19025,132,53,0.6341463414634146,1,False
trecrag,0,backbone,2024-158677,2024-213469,143,40,0.7529411764705882,0,False
trecrag,0,backbone,2024-158677,2024-213789,143,50,0.6143790849673203,1,False
trecrag,0,backbone,2024-158677,2024-213817,143,66,0.9465648854961832,1,False
trecrag,0,backbone,2024-158677,2024-213978,99,16,0.8275862068965517,1,False
trecrag,0,backbone,2024-158677,2024-214096,176,69,0.9007633587786259,0,False
trecrag,0,backbone,2024-158677,2024-214257,110,33,0.927536231884058,0,False
trecrag,0,backbone,2024-158677,2024-214467,77,42,0.9512195121951219,0,False
trecrag,0,backbone,2024-158677,2024-215044,165,19,0.6428571428571429,1,False
trecrag,0,backbone,2024-158677,2024-215952,110,32,0.7868852459016393,0,False
trecrag,0,backbone,2024-158677,2024-216592,220,75,0.9342105263157895,0,False
trecrag,0,backbone,2024-158677,2024-217279,132,45,0.8636363636363636,0,False
trecrag,0,backbone,2024-158677,2024-217812,140,62,0.9206349206349206,0,False
trecrag,0,backbone,2024-158677,2024-219563,110,43,0.7128712871287128,1,False
trecrag,0,backbone,2024-158677,2024-219624,143,52,0.9345794392523364,0,False
trecrag,0,backbone,2024-158677,2024-224279,165,52,0.6538461538461539,1,False
trecrag,0,backbone,2024-158677,2024-224701,198,83,0.8426966292134831,0,False
trecrag,0,backbone,2024-158677,2024-224926,121,9,0.4,1,False
trecrag,0,backbone,2024-158677,2024-22886,220,83,0.9341317365269461,0,False
trecrag,0,backbone,2024-158677,2024-27366,176,68,0.7540983606557377,1,False
trecrag,0,backbone,2024-158677,2024-29182,165,40,0.9135802469135802,0,False
trecrag,0,backbone,2024-158677,2024-32912,99,63,0.9230769230769231,1,False
trecrag,0,backbone,2024-158677,2024-35227,198,83,0.7953216374269005,0,False
trecrag,0,backbone,2024-158677,2024-35269,110,56,0.9734513274336283,0,False
trecrag,0,backbone,2024-158677,2024-35284,143,66,0.9701492537313433,0,False
trecrag,0,backbone,2024-158677,2024-35620,187,50,0.9056603773584906,0,False
trecrag,0,backbone,2024-158677,2024-38986,176,67,0.592,1,False
trecrag,0,backbone,2024-158677,2024-41849,209,38,0.5806451612903226,1,False
trecrag,0,backbone,2024-158677,2024-42497,165,52,0.6620689655172414,1,False
trecrag,0,backbone,2024-158677,2024-43037,110,52,0.897196261682243,0,False
trecrag,0,backbone,2024-158677,2024-43983,110,20,0.5957446808510638,1,False
trecrag,0,backbone,2024-158677,2024-44060,66,40,0.963855421686747,0,False
trecrag,0,backbone,2024-158677,2024-58819,176,25,0.8163265306122449,0,False
trecrag,0,backbone,2024-158677,2024-73340,77,40,0.8888888888888888,1,False
trecrag,0,backbone,2024-158677,2024-73918,198,28,0.5797101449275363,1,False
trecrag,0,backbone,2024-158677,2024-79081,176,44,0.803921568627451,1,False
trecrag,0,backbone,2024-158677,2024-79154,99,66,0.9848484848484849,0,False
trecrag,0,backbone,2024-158677,2024-88894,143,26,0.5172413793103449,1,False
trecrag,0,backbone,2024-158677,2024-94706,120,43,0.8235294117647058,0,False
trecrag,0,backbone,2024-158677,2024-96063,176,18,0.8108108108108109,0,False
trecrag,0,backbone,2024-158677,2024-96359,121,64,0.7288135593220338,1,False
trecrag,0,backbone,2024-158743,2024-105741,176,40,0.65625,1,False
trecrag,0,backbone,2024-158743,2024-121840,176,40,0.7532467532467533,0,False
trecrag,0,backbone,2024-158743,2024-127266,132,41,0.8395061728395061,1,False
trecrag,0,backbone,2024-158743,2024-129925,121,62,0.8214285714285714,1,False
trecrag,0,backbone,2024-158743,2024-141577,220,81,0.5950413223140496,1,False
trecrag,0,backbone,2024-158743,2024-142395,143,55,0.7889908256880734,1,False
trecrag,0,backbone,2024-158743,2024-143869,220,69,0.8615384615384616,1,False
trecrag,0,backbone,2024-158743,2024-145979,165,90,0.9720670391061452,0,False
trecrag,0,backbone,2024-158743,2024-152259,132,58,0.9421487603305785,0,False
trecrag,0,backbone,2024-158743,2024-152817,176,67,0.8976377952755905,1,False
trecrag,0,backbone,2024-158743,2024-153051,154,89,0.9886363636363636,0,False
trecrag,0,backbone,2024-158743,2024-158261,187,21,0.85,0,False
trecrag,0,backbone,2024-158743,2024-158677,198,67,0.625,1,False
trecrag,0,backbone,2024-158743,2024-158743,198,46,0.8235294117647058,0,True
trecrag,0,backbone,2024-158743,2024-18963,187,30,0.7307692307692307,1,False
trecrag,0,backbone,2024-158743,2024-19025,132,53,0.4788732394366197,1,False
trecrag,0,backbone,2024-158743,2024-213469,143,40,0.8051948051948052,0,False
trecrag,0,backbone,2024-158743,2024-213789,143,50,0.6564885496183206,1,False
trecrag,0,backbone,2024-158743,2024-213817,143,66,0.9032258064516129,1,False
trecrag,0,backbone,2024-158743,2024-213978,99,16,0.8,1,False
trecrag,0,backbone,2024-158743,2024-214096,176,69,0.8992248062015504,0,False
trecrag,0,backbone,2024-158743,2024-214257,110,33,0.927536231884058,0,False
trecrag,0,backbone,2024-158743,2024-214467,77,42,0.9629629629629629,0,False
trecrag,0,backbone,2024-158743,2024-215044,165,19,0.8181818181818182,1,False
trecrag,0,backbone,2024-158743,2024-215952,110,32,0.8070175438596491,0,False
trecrag,0,backbone,2024-158743,2024-216592,220,75,0.9305555555555556,0,False
trecrag,0,backbone,2024-158743,2024-217279,132,45,0.8433734939759037,0,False
trecrag,0,backbone,2024-158743,2024-217812,140,62,0.9193548387096774,0,False
trecrag,0,backbone,2024-158743,2024-219563,110,43,0.6588235294117647,1,False
trecrag,0,backbone,2024-158743,2024-219624,143,52,0.9423076923076923,0,False
trecrag,0,backbone,2024-158743,2024-224279,165,52,0.6172839506172839,1,False
trecrag,0,backbone,2024-158743,2024-224701,198,83,0.8502994011976048,0,False
trecrag,0,backbone,2024-158743,2024-224926,121,9,0.6,1,False
trecrag,0,backbone,2024-158743,2024-22886,220,83,0.9390243902439024,0,False
trecrag,0,backbone,2024-158743,2024-27366,176,68,0.5882352941176471,1,False
trecrag,0,backbone,2024-158743,2024-29182,165,40,0.8947368421052632,0,False
trecrag,0,backbone,2024-158743,2024-32912,99,63,0.905982905982906,1,False
trecrag,0,backbone,2024-158743,2024-35227,198,83,0.8152866242038217,0,False
trecrag,0,backbone,2024-158743,2024-35269,110,56,0.9636363636363636,0,False
trecrag,0,backbone,2024-158743,2024-35284,143,66,0.953125,0,False
trecrag,0,backbone,2024-158743,2024-35620,187,50,0.9320388349514563,0,False
trecrag,0,backbone,2024-158743,2024-38986,176,67,0.5625,1,False
trecrag,0,backbone,2024-158743,2024-41849,209,38,0.7415730337078652,1,False
trecrag,0,backbone,2024-158743,2024-42497,165,52,0.7521367521367521,1,False
trecrag,0,backbone,2024-158743,2024-43037,110,52,0.86,0,False
trecrag,0,backbone,2024-158743,2024-43983,110,20,0.7,1,False
trecrag,0,backbone,2024-158743,2024-44060,66,40,0.9230769230769231,0,False
trecrag,0,backbone,2024-158743,2024-58819,176,25,0.7906976744186046,0,False
trecrag,0,backbone,2024-158743,2024-73340,77,40,0.9113924050632911,1,False
trecrag,0,backbone,2024-158743,2024-73918,198,28,0.6923076923076923,1,False
trecrag,0,backbone,2024-158743,2024-79081,176,44,0.8089887640449438,1,False
trecrag,0,backbone,2024-158743,2024-79154,99,66,0.9846153846153847,0,False
trecrag,0,backbone,2024-158743,2024-88894,143,26,0.5,1,False
trecrag,0,backbone,2024-158743,2024-94706,120,43,0.775,0,False
trecrag,0,backbone,2024-158743,2024-96063,176,18,0.7878787878787878,0,False
trecrag,0,backbone,2024-158743,2024-96359,121,64,0.5274725274725275,1,False
trecrag,0,backbone,2024-18963,2024-105741,176,40,0.6461538461538462,1,False
trecrag,0,backbone,2024-18963,2024-121840,176,40,0.7692307692307693,0,False
trecrag,0,backbone,2024-18963,2024-127266,132,41,0.7640449438202247,1,False
trecrag,0,backbone,2024-18963,2024-129925,121,62,0.847457627118644,1,False
trecrag,0,backbone,2024-18963,2024-141577,220,81,0.64,1,False
trecrag,0,backbone,2024-18963,2024-142395,143,55,0.7678571428571429,1,False
trecrag,0,backbone,2024-18963,2024-143869,220,69,0.8592592592592593,1,False
trecrag,0,backbone,2024-18963,2024-145979,165,90,0.9720670391061452,0,False
trecrag,0,backbone,2024-18963,2024-152259,132,58,0.926829268292683,0,False
trecrag,0,backbone,2024-18963,2024-152817,176,67,0.8709677419354839,1,False
trecrag,0,backbone,2024-18963,2024-153051,154,89,0.9943502824858758,0,False
trecrag,0,backbone,2024-18963,2024-158261,187,21,0.7906976744186046,0,False
trecrag,0,backbone,2024-18963,2024-158677,198,67,0.631578947368421,1,False
trecrag,0,backbone,2024-18963,2024-158743,198,46,0.8297872340425532,0,False
trecrag,0,backbone,2024-18963,2024-18963,187,30,0.7536231884057971,1,True
trecrag,0,backbone,2024-18963,2024-19025,132,53,0.5135135135135135,1,False
trecrag,0,backbone,2024-18963,2024-213469,143,40,0.8,0,False
trecrag,0,backbone,2024-18963,2024-213789,143,50,0.6617647058823529,1,False
trecrag,0,backbone,2024-18963,2024-213817,143,66,0.9384615384615385,1,False
trecrag,0,backbone,2024-18963,2024-213978,99,16,0.8125,1,False
trecrag,0,backbone,2024-18963,2024-214096,176,69,0.9007633587786259,0,False
trecrag,0,backbone,2024-18963,2024-214257,110,33,0.927536231884058,0,False
trecrag,0,backbone,2024-18963,2024-214467,77,42,0.95,0,False
trecrag,0,backbone,2024-18963,2024-215044,165,19,0.8181818181818182,1,False
trecrag,0,backbone,2024-18963,2024-215952,110,32,0.8524590163934426,0,False
trecrag,0,backbone,2024-18963,2024-216592,220,75,0.9241379310344827,0,False
trecrag,0,backbone,2024-18963,2024-217279,132,45,0.8470588235294118,0,False
trecrag,0,backbone,2024-18963,2024-217812,140,62,0.896,0,False
trecrag,0,backbone,2024-18963,2024-219563,110,43,0.7058823529411765,1,False
trecrag,0,backbone,2024-18963,2024-219624,143,52,0.9433962264150944,0,False
trecrag,0,backbone,2024-18963,2024-224279,165,52,0.611764705882353,1,False
trecrag,0,backbone,2024-18963,2024-224701,198,83,0.8604651162790697,0,False
trecrag,0,backbone,2024-18963,2024-224926,121,9,0.4827586206896552,1,False
trecrag,0,backbone,2024-18963,2024-22886,220,83,0.9316770186335404,0,False
trecrag,0,backbone,2024-18963,2024-27366,176,68,0.6666666666666666,1,False
trecrag,0,backbone,2024-18963,2024-29182,165,40,0.8533333333333334,0,False
trecrag,0,backbone,2024-18963,2024-32912,99,63,0.9180327868852459,1,False
trecrag,0,backbone,2024-18963,2024-35227,198,83,0.8072289156626506,0,False
trecrag,0,backbone,2024-18963,2024-35269,110,56,0.990990990990991,0,False
trecrag,0,backbone,2024-18963,2024-35284,143,66,0.9618320610687023,0,False
trecrag,0,backbone,2024-18963,2024-35620,187,50,0.9142857142857143,0,False
trecrag,0,backbone,2024-18963,2024-38986,176,67,0.5773195876288659,1,False
trecrag,0,backbone,2024-18963,2024-41849,209,38,0.7083333333333334,1,False
trecrag,0,backbone,2024-18963,2024-42497,165,52,0.7213114754098361,1,False
trecrag,0,backbone,2024-18963,2024-43037,110,52,0.8952380952380953,0,False
trecrag,0,backbone,2024-18963,2024-43983,110,20,0.6829268292682927,1,False
trecrag,0,backbone,2024-18963,2024-44060,66,40,0.9382716049382716,0,False
trecrag,0,backbone,2024-18963,2024-58819,176,25,0.7906976744186046,0,False
trecrag,0,backbone,2024-18963,2024-73340,77,40,0.8831168831168831,1,False
trecrag,0,backbone,2024-18963,2024-73918,198,28,0.6774193548387096,1,False
trecrag,0,backbone,2024-18963,2024-79081,176,44,0.8,1,False
trecrag,0,backbone,2024-18963,2024-79154,99,66,0.9923664122137404,0,False
trecrag,0,backbone,2024-18963,2024-88894,143,26,0.5,1,False
trecrag,0,backbone,2024-18963,2024-94706,120,43,0.8048780487804879,0,False
trecrag,0,backbone,2024-18963,2024-96063,176,18,0.7567567567567568,0,False
trecrag,0,backbone,2024-18963,2024-96359,121,64,0.6476190476190476,1,False
trecrag,0,backbone,2024-19025,2024-105741,176,40,0.7466666666666667,1,False
trecrag,0,backbone,2024-19025,2024-121840,176,40,0.775,0,False
trecrag,0,backbone,2024-19025,2024-127266,132,41,0.7446808510638298,1,False
trecrag,0,backbone,2024-19025,2024-129925,121,62,0.8387096774193549,1,False
trecrag,0,backbone,2024-19025,2024-141577,220,81,0.6666666666666666,1,False
trecrag,0,backbone,2024-19025,2024-142395,143,55,0.8099173553719008,1,False
trecrag,0,backbone,2024-19025,2024-143869,220,69,0.8571428571428571,1,False
trecrag,0,backbone,2024-19025,2024-145979,165,90,0.956989247311828,0,False
trecrag,0,backbone,2024-19025,2024-152259,132,58,0.926829268292683,0,False
trecrag,0,backbone,2024-19025,2024-152817,176,67,0.90625,1,False
trecrag,0,backbone,2024-19025,2024-153051,154,89,0.9943502824858758,0,False
trecrag,0,backbone,2024-19025,2024-158261,187,21,0.72,0,False
trecrag,0,backbone,2024-19025,2024-158677,198,67,0.6504065040650406,1,False
trecrag,0,backbone,2024-19025,2024-158743,198,46,0.819047619047619,0,False
trecrag,0,backbone,2024-19025,2024-18963,187,30,0.75,1,False
trecrag,0,backbone,2024-19025,2024-19025,132,53,0.9245283018867925,1,True
trecrag,0,backbone,2024-19025,2024-213469,143,40,0.7906976744186046,0,False
trecrag,0,backbone,2024-19025,2024-213789,143,50,0.6524822695035462,1,False
trecrag,0,backbone,2024-19025,2024-213817,143,66,0.9545454545454546,1,False
trecrag,0,backbone,2024-19025,2024-213978,99,16,0.7647058823529411,1,False
trecrag,0,backbone,2024-19025,2024-214096,176,69,0.8872180451127819,0,False
trecrag,0,backbone,2024-19025,2024-214257,110,33,0.927536231884058,0,False
trecrag,0,backbone,2024-19025,2024-214467,77,42,0.9629629629629629,0,False
trecrag,0,backbone,2024-19025,2024-215044,165,19,0.72,1,False
trecrag,0,backbone,2024-19025,2024-215952,110,32,0.8064516129032258,0,False
trecrag,0,backbone,2024-19025,2024-216592,220,75,0.9411764705882353,0,False
trecrag,0,backbone,2024-19025,2024-217279,132,45,0.9010989010989011,0,False
trecrag,0,backbone,2024-19025,2024-217812,140,62,0.9230769230769231,0,False
trecrag,0,backbone,2024-19025,2024-219563,110,43,0.7326732673267327,1,False
trecrag,0,backbone,2024-19025,2024-219624,143,52,0.9433962264150944,0,False
trecrag,0,backbone,2024-19025,2024-224279,165,52,0.6595744680851063,1,False
trecrag,0,backbone,2024-19025,2024-224701,198,83,0.8387096774193549,0,False
trecrag,0,backbone,2024-19025,2024-224926,121,9,0.4,1,False
trecrag,0,backbone,2024-19025,2024-22886,220,83,0.9058823529411765,0,False
trecrag,0,backbone,2024-19025,2024-27366,176,68,0.7878787878787878,1,False
trecrag,0,backbone,2024-19025,2024-29182,165,40,0.8888888888888888,0,False
trecrag,0,backbone,2024-19025,2024-32912,99,63,0.9291338582677166,1,False
trecrag,0,backbone,2024-19025,2024-35227,198,83,0.8,0,False
trecrag,0,backbone,2024-19025,2024-35269,110,56,0.972972972972973,0,False
trecrag,0,backbone,2024-19025,2024-35284,143,66,0.9692307692307692,0,False
trecrag,0,backbone,2024-19025,2024-35620,187,50,0.8990825688073395,0,False
trecrag,0,backbone,2024-19025,2024-38986,176,67,0.5871559633027523,1,False
trecrag,0,backbone,2024-19025,2024-41849,209,38,0.6862745098039216,1,False
trecrag,0,backbone,2024-19025,2024-42497,165,52,0.7479674796747967,1,False
trecrag,0,backbone,2024-19025,2024-43037,110,52,0.897196261682243,0,False
trecrag,0,backbone,2024-19025,2024-43983,110,20,0.6181818181818182,1,False
trecrag,0,backbone,2024-19025,2024-44060,66,40,0.9411764705882353,0,False
trecrag,0,backbone,2024-19025,2024-58819,176,25,0.76,0,False
trecrag,0,backbone,2024-19025,2024-73340,77,40,0.891566265060241,1,False
trecrag,0,backbone,2024-19025,2024-73918,198,28,0.6052631578947368,1,False
trecrag,0,backbone,2024-19025,2024-79081,176,44,0.7387387387387387,1,False
trecrag,0,backbone,2024-19025,2024-79154,99,66,0.9923664122137404,0,False
trecrag,0,backbone,2024-19025,2024-88894,143,26,0.49056603773584906,1,False
trecrag,0,backbone,2024-19025,2024-94706,120,43,0.851063829787234,0,False
trecrag,0,backbone,2024-19025,2024-96063,176,18,0.8205128205128205,0,False
trecrag,0,backbone,2024-19025,2024-96359,121,64,0.7068965517241379,1,False
trecrag,0,backbone,2024-213469,2024-105741,176,40,0.7605633802816901,1,False
trecrag,0,backbone,2024-213469,2024-121840,176,40,0.75,0,False
trecrag,0,backbone,2024-213469,2024-127266,132,41,0.7608695652173914,1,False
trecrag,0,backbone,2024-213469,2024-129925,121,62,0.875,1,False
trecrag,0,backbone,2024-213469,2024-141577,220,81,0.6666666666666666,1,False
trecrag,0,backbone,2024-213469,2024-142395,143,55,0.7927927927927928,1,False
trecrag,0,backbone,2024-213469,2024-143869,220,69,0.8676470588235294,1,False
trecrag,0,backbone,2024-213469,2024-145979,165,90,0.9613259668508287,0,False
trecrag,0,backbone,2024-213469,2024-152259,132,58,0.9344262295081968,0,False
trecrag,0,backbone,2024-213469,2024-152817,176,67,0.90625,1,False
trecrag,0,backbone,2024-213469,2024-153051,154,89,0.9943502824858758,0,False
trecrag,0,backbone,2024-213469,2024-158261,187,21,0.7346938775510204,0,False
trecrag,0,backbone,2024-213469,2024-158677,198,67,0.6837606837606838,1,False
trecrag,0,backbone,2024-213469,2024-158743,198,46,0.8775510204081632,0,False
trecrag,0,backbone,2024-213469,2024-18963,187,30,0.6885245901639344,1,False
trecrag,0,backbone,2024-213469,2024-19025,132,53,0.5263157894736842,1,False
trecrag,0,backbone,2024-213469,2024-213469,143,40,0.7948717948717948,0,True
trecrag,0,backbone,2024-213469,2024-213789,143,50,0.6515151515151515,1,False
trecrag,0,backbone,2024-213469,2024-213817,143,66,0.9465648854961832,1,False
trecrag,0,backbone,2024-213469,2024-213978,99,16,0.7741935483870968,1,False
trecrag,0,backbone,2024-213469,2024-214096,176,69,0.9007633587786259,0,False
trecrag,0,backbone,2024-213469,2024-214257,110,33,0.927536231884058,0,False
trecrag,0,backbone,2024-213469,2024-214467,77,42,0.9629629629629629,0,False
trecrag,0,backbone,2024-213469,2024-215044,165,19,0.7346938775510204,1,False
trecrag,0,backbone,2024-213469,2024-215952,110,32,0.8387096774193549,0,False
trecrag,0,backbone,2024-213469,2024-216592,220,75,0.9342105263157895,0,False
trecrag,0,backbone,2024-213469,2024-217279,132,45,0.8764044943820225,0,False
trecrag,0,backbone,2024-213469,2024-217812,140,62,0.9133858267716536,0,False
trecrag,0,backbone,2024-213469,2024-219563,110,43,0.6875,1,False
trecrag,0,backbone,2024-213469,2024-219624,143,52,0.9532710280373832,0,False
trecrag,0,backbone,2024-213469,2024-224279,165,52,0.6593406593406593,1,False
trecrag,0,backbone,2024-213469,2024-224701,198,83,0.8522727272727273,0,False
trecrag,0,backbone,2024-213469,2024-224926,121,9,0.4827586206896552,1,False
trecrag,0,backbone,2024-213469,2024-22886,220,83,0.927710843373494,0,False
trecrag,0,backbone,2024-213469,2024-27366,176,68,0.746031746031746,1,False
trecrag,0,backbone,2024-213469,2024-29182,165,40,0.8888888888888888,0,False
trecrag,0,backbone,2024-213469,2024-32912,99,63,0.944,1,False
trecrag,0,backbone,2024-213469,2024-35227,198,83,0.8170731707317073,0,False
trecrag,0,backbone,2024-213469,2024-35269,110,56,0.972972972972973,0,False
trecrag,0,backbone,2024-213469,2024-35284,143,66,0.9538461538461539,0,False
trecrag,0,backbone,2024-213469,2024-35620,187,50,0.9245283018867925,0,False
trecrag,0,backbone,2024-213469,2024-38986,176,67,0.5769230769230769,1,False
trecrag,0,backbone,2024-213469,2024-41849,209,38,0.7291666666666666,1,False
trecrag,0,backbone,2024-213469,2024-42497,165,52,0.7419354838709677,1,False
trecrag,0,backbone,2024-213469,2024-43037,110,52,0.9142857142857143,0,False
trecrag,0,backbone,2024-213469,2024-43983,110,20,0.6538461538461539,1,False
trecrag,0,backbone,2024-213469,2024-44060,66,40,0.963855421686747,0,False
trecrag,0,backbone,2024-213469,2024-58819,176,25,0.7727272727272727,0,False
trecrag,0,backbone,2024-213469,2024-73340,77,40,0.9024390243902439,1,False
trecrag,0,backbone,2024-213469,2024-73918,198,28,0.59375,1,False
trecrag,0,backbone,2024-213469,2024-79081,176,44,0.8125,1,False
trecrag,0,backbone,2024-213469,2024-79154,99,66,0.9923664122137404,0,False
trecrag,0,backbone,2024-213469,2024-88894,143,26,0.509090909090909,1,False
trecrag,0,backbone,2024-213469,2024-94706,120,43,0.8791208791208791,0,False
trecrag,0,backbone,2024-213469,2024-96063,176,18,0.8205128205128205,0,False
trecrag,0,backbone,2024-213469,2024-96359,121,64,0.7017543859649122,1,False
trecrag,0,backbone,2024-213789,2024-105741,176,40,0.5614035087719298,1,False
trecrag,0,backbone,2024-213789,2024-121840,176,40,0.7631578947368421,0,False
trecrag,0,backbone,2024-213789,2024-127266,132,41,0.8421052631578947,1,False
trecrag,0,backbone,2024-213789,2024-129925,121,62,0.7547169811320755,1,False
trecrag,0,backbone,2024-213789,2024-141577,220,81,0.5,1,False
trecrag,0,backbone,2024-213789,2024-142395,143,55,0.723404255319149,1,False
trecrag,0,backbone,2024-213789,2024-143869,220,69,0.8034188034188035,1,False
trecrag,0,backbone,2024-213789,2024-145979,165,90,0.9166666666666666,0,False
trecrag,0,backbone,2024-213789,2024-152259,132,58,0.9421487603305785,0,False
trecrag,0,backbone,2024-213789,2024-152817,176,67,0.8524590163934426,1,False
trecrag,0,backbone,2024-213789,2024-153051,154,89,0.9886363636363636,0,False
trecrag,0,backbone,2024-213789,2024-158261,187,21,0.8108108108108109,0,False
trecrag,0,backbone,2024-213789,2024-158677,198,67,0.5825242718446602,1,False
trecrag,0,backbone,2024-213789,2024-158743,198,46,0.7804878048780488,0,False
trecrag,0,backbone,2024-213789,2024-18963,187,30,0.7346938775510204,1,False
trecrag,0,backbone,2024-213789,2024-19025,132,53,0.3125,1,False
trecrag,0,backbone,2024-213789,2024-213469,143,40,0.8,0,False
trecrag,0,backbone,2024-213789,2024-213789,143,50,0.875,1,True
trecrag,0,backbone,2024-213789,2024-213817,143,66,0.7818181818181819,1,False
trecrag,0,backbone,2024-213789,2024-213978,99,16,0.8275862068965517,1,False
trecrag,0,backbone,2024-213789,2024-214096,176,69,0.8818897637795275,0,False
trecrag,0,backbone,2024-213789,2024-214257,110,33,0.9411764705882353,0,False
trecrag,0,backbone,2024-213789,2024-214467,77,42,0.9230769230769231,0,False
trecrag,0,backbone,2024-213789,2024-215044,165,19,0.8205128205128205,1,False
trecrag,0,backbone,2024-213789,2024-215952,110,32,0.8,0,False
trecrag,0,backbone,2024-213789,2024-216592,220,75,0.8823529411764706,0,False
trecrag,0,backbone,2024-213789,2024-217279,132,45,0.8354430379746836,0,False
trecrag,0,backbone,2024-213789,2024-217812,140,62,0.9152542372881356,0,False
trecrag,0,backbone,2024-213789,2024-219563,110,43,0.47058823529411764,1,False
trecrag,0,backbone,2024-213789,2024-219624,143,52,0.9230769230769231,0,False
trecrag,0,backbone,2024-213789,2024-224279,165,52,0.4931506849315068,1,False
trecrag,0,backbone,2024-213789,2024-224701,198,83,0.8301886792452831,0,False
trecrag,0,backbone,2024-213789,2024-224926,121,9,0.631578947368421,1,False
trecrag,0,backbone,2024-213789,2024-22886,220,83,0.881578947368421,0,False
trecrag,0,backbone,2024-213789,2024-27366,176,68,0.4842105263157895,1,False
trecrag,0,backbone,2024-213789,2024-29182,165,40,0.8,0,False
trecrag,0,backbone,2024-213789,2024-32912,99,63,0.8771929824561403,1,False
trecrag,0,backbone,2024-213789,2024-35227,198,83,0.8053691275167785,0,False
trecrag,0,backbone,2024-213789,2024-35269,110,56,0.9532710280373832,0,False
trecrag,0,backbone,2024-213789,2024-35284,143,66,0.9606299212598425,0,False
trecrag,0,backbone,2024-213789,2024-35620,187,50,0.9215686274509803,0,False
trecrag,0,backbone,2024-213789,2024-38986,176,67,0.5376344086021505,1,False
trecrag,0,backbone,2024-213789,2024-41849,209,38,0.7692307692307693,1,False
trecrag,0,backbone,2024-213789,2024-42497,165,52,0.7924528301886793,1,False
trecrag,0,backbone,2024-213789,2024-43037,110,52,0.8210526315789474,0,False
trecrag,0,backbone,2024-213789,2024-43983,110,20,0.6857142857142857,1,False
trecrag,0,backbone,2024-213789,2024-44060,66,40,0.9090909090909091,0,False
trecrag,0,backbone,2024-213789,2024-58819,176,25,0.7619047619047619,0,False
trecrag,0,backbone,2024-213789,2024-73340,77,40,0.868421052631579,1,False
trecrag,0,backbone,2024-213789,2024-73918,198,28,0.5777777777777777,1,False
trecrag,0,backbone,2024-213789,2024-79081,176,44,0.7142857142857143,1,False
trecrag,0,backbone,2024-213789,2024-79154,99,66,0.9767441860465116,0,False
trecrag,0,backbone,2024-213789,2024-88894,143,26,0.3125,1,False
trecrag,0,backbone,2024-213789,2024-94706,120,43,0.684931506849315,0,False
trecrag,0,backbone,2024-213789,2024-96063,176,18,0.7096774193548387,0,False
trecrag,0,backbone,2024-213789,2024-96359,121,64,0.4235294117647059,1,False
trecrag,0,backbone,2024-213817,2024-105741,176,40,0.8311688311688312,1,False
trecrag,0,backbone,2024-213817,2024-121840,176,40,0.7912087912087912,0,False
trecrag,0,backbone,2024-213817,2024-127266,132,41,0.5671641791044776,1,False
trecrag,0,backbone,2024-213817,2024-129925,121,62,0.8636363636363636,1,False
trecrag,0,backbone,2024-213817,2024-141577,220,81,0.7172413793103448,1,False
trecrag,0,backbone,2024-213817,2024-142395,143,55,0.8,1,False
trecrag,0,backbone,2024-213817,2024-143869,220,69,0.8076923076923077,1,False
trecrag,0,backbone,2024-213817,2024-145979,165,90,0.9417989417989417,0,False
trecrag,0,backbone,2024-213817,2024-152259,132,58,0.9193548387096774,0,False
trecrag,0,backbone,2024-213817,2024-152817,176,67,0.9552238805970149,1,False
trecrag,0,backbone,2024-213817,2024-153051,154,89,0.9777777777777777,0,False
trecrag,0,backbone,2024-213817,2024-158261,187,21,0.7241379310344828,0,False
trecrag,0,backbone,2024-213817,2024-158677,198,67,0.7441860465116279,1,False
trecrag,0,backbone,2024-213817,2024-158743,198,46,0.8256880733944955,0,False
trecrag,0,backbone,2024-213817,2024-18963,187,30,0.5974025974025974,1,False
trecrag,0,backbone,2024-213817,2024-19025,132,53,0.7096774193548387,1,False
trecrag,0,backbone,2024-213817,2024-213469,143,40,0.75,0,False
trecrag,0,backbone,2024-213817,2024-213789,143,50,0.6486486486486487,1,False
trecrag,0,backbone,2024-213817,2024-213817,143,66,0.9705882352941176,1,True
trecrag,0,backbone,2024-213817,2024-213978,99,16,0.7777777777777778,1,False
trecrag,0,backbone,2024-213817,2024-214096,176,69,0.9,0,False
trecrag,0,backbone,2024-213817,2024-214257,110,33,0.9166666666666666,0,False
trecrag,0,backbone,2024-213817,2024-214467,77,42,0.9512195121951219,0,False
trecrag,0,backbone,2024-213817,2024-215044,165,19,0.59375,1,False
trecrag,0,backbone,2024-213817,2024-215952,110,32,0.8059701492537313,0,False
trecrag,0,backbone,2024-213817,2024-216592,220,75,0.9171974522292994,0,False
trecrag,0,backbone,2024-213817,2024-217279,132,45,0.9032258064516129,0,False
trecrag,0,backbone,2024-213817,2024-217812,140,62,0.9172932330827067,0,False
trecrag,0,backbone,2024-213817,2024-219563,110,43,0.7102803738317757,1,False
trecrag,0,backbone,2024-213817,2024-219624,143,52,0.9454545454545454,0,False
trecrag,0,backbone,2024-213817,2024-224279,165,52,0.6551724137931034,1,False
trecrag,0,backbone,2024-213817,2024-224701,198,83,0.8359788359788359,0,False
trecrag,0,backbone,2024-213817,2024-224926,121,9,0.46153846153846156,1,False
trecrag,0,backbone,2024-213817,2024-22886,220,83,0.9310344827586207,0,False
trecrag,0,backbone,2024-213817,2024-27366,176,68,0.7659574468085106,1,False
trecrag,0,backbone,2024-213817,2024-29182,165,40,0.8604651162790697,0,False
trecrag,0,backbone,2024-213817,2024-32912,99,63,0.9090909090909091,1,False
trecrag,0,backbone,2024-213817,2024-35227,198,83,0.7821229050279329,0,False
trecrag,0,backbone,2024-213817,2024-35269,110,56,0.9649122807017544,0,False
trecrag,0,backbone,2024-213817,2024-35284,143,66,0.9701492537313433,0,False
trecrag,0,backbone,2024-213817,2024-35620,187,50,0.8771929824561403,0,False
trecrag,0,backbone,2024-213817,2024-38986,176,67,0.6615384615384615,1,False
trecrag,0,backbone,2024-213817,2024-41849,209,38,0.6260869565217392,1,False
trecrag,0,backbone,2024-213817,2024-42497,165,52,0.6756756756756757,1,False
trecrag,0,backbone,2024-213817,2024-43037,110,52,0.9074074074074074,0,False
trecrag,0,backbone,2024-213817,2024-43983,110,20,0.5925925925925926,1,False
trecrag,0,backbone,2024-213817,2024-44060,66,40,0.9090909090909091,0,False
trecrag,0,backbone,2024-213817,2024-58819,176,25,0.71875,0,False
trecrag,0,backbone,2024-213817,2024-73340,77,40,0.9156626506024096,1,False
trecrag,0,backbone,2024-213817,2024-73918,198,28,0.5945945945945946,1,False
trecrag,0,backbone,2024-213817,2024-79081,176,44,0.6774193548387096,1,False
trecrag,0,backbone,2024-213817,2024-79154,99,66,0.9923664122137404,0,False
trecrag,0,backbone,2024-213817,2024-88894,143,26,0.5633802816901409,1,False
trecrag,0,backbone,2024-213817,2024-94706,120,43,0.9052631578947369,0,False
trecrag,0,backbone,2024-213817,2024-96063,176,18,0.7441860465116279,0,False
trecrag,0,backbone,2024-213817,2024-96359,121,64,0.7669172932330827,1,False
trecrag,0,backbone,2024-213978,2024-105741,176,40,0.7733333333333333,1,False
trecrag,0,backbone,2024-213978,2024-121840,176,40,0.7469879518072289,0,False
trecrag,0,backbone,2024-213978,2024-127266,132,41,0.6923076923076923,1,False
trecrag,0,backbone,2024-213978,2024-129925,121,62,0.8503937007874016,1,False
trecrag,0,backbone,2024-213978,2024-141577,220,81,0.706766917293233,1,False
trecrag,0,backbone,2024-213978,2024-142395,143,55,0.78125,1,False
trecrag,0,backbone,2024-213978,2024-143869,220,69,0.8759124087591241,1,False
trecrag,0,backbone,2024-213978,2024-145979,165,90,0.9565217391304348,0,False
trecrag,0,backbone,2024-213978,2024-152259,132,58,0.9344262295081968,0,False
trecrag,0,backbone,2024-213978,2024-152817,176,67,0.9312977099236641,1,False
trecrag,0,backbone,2024-213978,2024-153051,154,89,0.9943502824858758,0,False
trecrag,0,backbone,2024-213978,2024-158261,187,21,0.76,0,False
trecrag,0,backbone,2024-213978,2024-158677,198,67,0.7131782945736435,1,False
trecrag,0,backbone,2024-213978,2024-158743,198,46,0.8514851485148515,0,False
trecrag,0,backbone,2024-213978,2024-18963,187,30,0.6493506493506493,1,False
trecrag,0,backbone,2024-213978,2024-19025,132,53,0.6428571428571429,1,False
trecrag,0,backbone,2024-213978,2024-213469,143,40,0.7529411764705882,0,False
trecrag,0,backbone,2024-213978,2024-213789,143,50,0.6573426573426573,1,False
trecrag,0,backbone,2024-213978,2024-213817,143,66,0.9552238805970149,1,False
trecrag,0,backbone,2024-213978,2024-213978,99,16,0.9142857142857143,1,True
trecrag,0,backbone,2024-213978,2024-214096,176,69,0.8939393939393939,0,False
trecrag,0,backbone,2024-213978,2024-214257,110,33,0.927536231884058,0,False
trecrag,0,backbone,2024-213978,2024-214467,77,42,0.9629629629629629,0,False
trecrag,0,backbone,2024-213978,2024-215044,165,19,0.6909090909090909,1,False
trecrag,0,backbone,2024-213978,2024-215952,110,32,0.8253968253968254,0,False
trecrag,0,backbone,2024-213978,2024-216592,220,75,0.9342105263157895,0,False
trecrag,0,backbone,2024-213978,2024-217279,132,45,0.9010989010989011,0,False
trecrag,0,backbone,2024-213978,2024-217812,140,62,0.9147286821705426,0,False
trecrag,0,backbone,2024-213978,2024-219563,110,43,0.7058823529411765,1,False
trecrag,0,backbone,2024-213978,2024-219624,143,52,0.9357798165137615,0,False
trecrag,0,backbone,2024-213978,2024-224279,165,52,0.6213592233009708,1,False
trecrag,0,backbone,2024-213978,2024-224701,198,83,0.8415300546448088,0,False
trecrag,0,backbone,2024-213978,2024-224926,121,9,0.5,1,False
trecrag,0,backbone,2024-213978,2024-22886,220,83,0.9112426035502958,0,False
trecrag,0,backbone,2024-213978,2024-27366,176,68,0.7938931297709924,1,False
trecrag,0,backbone,2024-213978,2024-29182,165,40,0.8888888888888888,0,False
trecrag,0,backbone,2024-213978,2024-32912,99,63,0.928,1,False
trecrag,0,backbone,2024-213978,2024-35227,198,83,0.7816091954022989,0,False
trecrag,0,backbone,2024-213978,2024-35269,110,56,0.9734513274336283,0,False
trecrag,0,backbone,2024-213978,2024-35284,143,66,0.9624060150375939,0,False
trecrag,0,backbone,2024-213978,2024-35620,187,50,0.9158878504672897,0,False
trecrag,0,backbone,2024-213978,2024-38986,176,67,0.584070796460177,1,False
trecrag,0,backbone,2024-213978,2024-41849,209,38,0.6990291262135923,1,False
trecrag,0,backbone,2024-213978,2024-42497,165,52,0.6618705035971223,1,False
trecrag,0,backbone,2024-213978,2024-43037,110,52,0.8990825688073395,0,False
trecrag,0,backbone,2024-213978,2024-43983,110,20,0.5818181818181818,1,False
trecrag,0,backbone,2024-213978,2024-44060,66,40,0.963855421686747,0,False
trecrag,0,backbone,2024-213978,2024-58819,176,25,0.7916666666666666,0,False
trecrag,0,backbone,2024-213978,2024-73340,77,40,0.9047619047619048,1,False
trecrag,0,backbone,2024-213978,2024-73918,198,28,0.6388888888888888,1,False
trecrag,0,backbone,2024-213978,2024-79081,176,44,0.7884615384615384,1,False
trecrag,0,backbone,2024-213978,2024-79154,99,66,0.9923664122137404,0,False
trecrag,0,backbone,2024-213978,2024-88894,143,26,0.625,1,False
trecrag,0,backbone,2024-213978,2024-94706,120,43,0.8764044943820225,0,False
trecrag,0,backbone,2024-213978,2024-96063,176,18,0.8205128205128205,0,False
trecrag,0,backbone,2024-213978,2024-96359,121,64,0.7540983606557377,1,False
trecrag,0,backbone,2024-214096,2024-105741,176,40,0.7164179104477612,1,False
trecrag,0,backbone,2024-214096,2024-121840,176,40,0.7435897435897436,0,False
trecrag,0,backbone,2024-214096,2024-127266,132,41,0.7816091954022989,1,False
trecrag,0,backbone,2024-214096,2024-129925,121,62,0.847457627118644,1,False
trecrag,0,backbone,2024-214096,2024-141577,220,81,0.64,1,False
trecrag,0,backbone,2024-214096,2024-142395,143,55,0.7777777777777778,1,False
trecrag,0,backbone,2024-214096,2024-143869,220,69,0.8507462686567164,1,False
trecrag,0,backbone,2024-214096,2024-145979,165,90,0.9545454545454546,0,False
trecrag,0,backbone,2024-214096,2024-152259,132,58,0.9421487603305785,0,False
trecrag,0,backbone,2024-214096,2024-152817,176,67,0.8888888888888888,1,False
trecrag,0,backbone,2024-214096,2024-153051,154,89,0.9943502824858758,0,False
trecrag,0,backbone,2024-214096,2024-158261,187,21,0.7555555555555555,0,False
trecrag,0,backbone,2024-214096,2024-158677,198,67,0.6371681415929203,1,False
trecrag,0,backbone,2024-214096,2024-158743,198,46,0.8723404255319149,0,False
trecrag,0,backbone,2024-214096,2024-18963,187,30,0.7692307692307693,1,False
trecrag,0,backbone,2024-214096,2024-19025,132,53,0.45714285714285713,1,False
trecrag,0,backbone,2024-214096,2024-213469,143,40,0.7948717948717948,0,False
trecrag,0,backbone,2024-214096,2024-213789,143,50,0.6666666666666666,1,False
trecrag,0,backbone,2024-214096,2024-213817,143,66,0.9047619047619048,1,False
trecrag,0,backbone,2024-214096,2024-213978,99,16,0.7741935483870968,1,False
trecrag,0,backbone,2024-214096,2024-214096,176,69,0.90625,0,True
trecrag,0,backbone,2024-214096,2024-214257,110,33,0.927536231884058,0,False
trecrag,0,backbone,2024-214096,2024-214467,77,42,0.9629629629629629,0,False
trecrag,0,backbone,2024-214096,2024-215044,165,19,0.8181818181818182,1,False
trecrag,0,backbone,2024-214096,2024-215952,110,32,0.8275862068965517,0,False
trecrag,0,backbone,2024-214096,2024-216592,220,75,0.9387755102040817,0,False
trecrag,0,backbone,2024-214096,2024-217279,132,45,0.8571428571428571,0,False
trecrag,0,backbone,2024-214096,2024-217812,140,62,0.9206349206349206,0,False
trecrag,0,backbone,2024-214096,2024-219563,110,43,0.6,1,False
trecrag,0,backbone,2024-214096,2024-219624,143,52,0.9433962264150944,0,False
trecrag,0,backbone,2024-214096,2024-224279,165,52,0.6222222222222222,1,False
trecrag,0,backbone,2024-214096,2024-224701,198,83,0.8620689655172413,0,False
trecrag,0,backbone,2024-214096,2024-224926,121,9,0.46153846153846156,1,False
trecrag,0,backbone,2024-214096,2024-22886,220,83,0.9259259259259259,0,False
trecrag,0,backbone,2024-214096,2024-27366,176,68,0.6226415094339622,1,False
trecrag,0,backbone,2024-214096,2024-29182,165,40,0.8533333333333334,0,False
trecrag,0,backbone,2024-214096,2024-32912,99,63,0.9333333333333333,1,False
trecrag,0,backbone,2024-214096,2024-35227,198,83,0.7951807228915663,0,False
trecrag,0,backbone,2024-214096,2024-35269,110,56,0.9636363636363636,0,False
trecrag,0,backbone,2024-214096,2024-35284,143,66,0.9612403100775194,0,False
trecrag,0,backbone,2024-214096,2024-35620,187,50,0.9230769230769231,0,False
trecrag,0,backbone,2024-214096,2024-38986,176,67,0.594059405940594,1,False
trecrag,0,backbone,2024-214096,2024-41849,209,38,0.735632183908046,1,False
trecrag,0,backbone,2024-214096,2024-42497,165,52,0.7652173913043478,1,False
trecrag,0,backbone,2024-214096,2024-43037,110,52,0.8823529411764706,0,False
trecrag,0,backbone,2024-214096,2024-43983,110,20,0.6363636363636364,1,False
trecrag,0,backbone,2024-214096,2024-44060,66,40,0.9113924050632911,0,False
trecrag,0,backbone,2024-214096,2024-58819,176,25,0.7906976744186046,0,False
trecrag,0,backbone,2024-214096,2024-73340,77,40,0.9113924050632911,1,False
trecrag,0,backbone,2024-214096,2024-73918,198,28,0.631578947368421,1,False
trecrag,0,backbone,2024-214096,2024-79081,176,44,0.7586206896551724,1,False
trecrag,0,backbone,2024-214096,2024-79154,99,66,0.9846153846153847,0,False
trecrag,0,backbone,2024-214096,2024-88894,143,26,0.4888888888888889,1,False
trecrag,0,backbone,2024-214096,2024-94706,120,43,0.8048780487804879,0,False
trecrag,0,backbone,2024-214096,2024-96063,176,18,0.8108108108108109,0,False
trecrag,0,backbone,2024-214096,2024-96359,121,64,0.6185567010309279,1,False
trecrag,0,backbone,2024-214257,2024-105741,176,40,0.7671232876712328,1,False
trecrag,0,backbone,2024-214257,2024-121840,176,40,0.8,0,False
trecrag,0,backbone,2024-214257,2024-127266,132,41,0.6938775510204082,1,False
trecrag,0,backbone,2024-214257,2024-129925,121,62,0.88,1,False
trecrag,0,backbone,2024-214257,2024-141577,220,81,0.6917293233082706,1,False
trecrag,0,backbone,2024-214257,2024-142395,143,55,0.8099173553719008,1,False
trecrag,0,backbone,2024-214257,2024-143869,220,69,0.8591549295774648,1,False
trecrag,0,backbone,2024-214257,2024-145979,165,90,0.956989247311828,0,False
trecrag,0,backbone,2024-214257,2024-152259,132,58,0.9344262295081968,0,False
trecrag,0,backbone,2024-214257,2024-152817,176,67,0.9007633587786259,1,False
trecrag,0,backbone,2024-214257,2024-153051,154,89,0.9943502824858758,0,False
trecrag,0,backbone,2024-214257,2024-158261,187,21,0.7307692307692307,0,False
trecrag,0,backbone,2024-214257,2024-158677,198,67,0.6942148760330579,1,False
trecrag,0,backbone,2024-214257,2024-158743,198,46,0.8514851485148515,0,False
trecrag,0,backbone,2024-214257,2024-18963,187,30,0.7241379310344828,1,False
trecrag,0,backbone,2024-214257,2024-19025,132,53,0.5263157894736842,1,False
trecrag,0,backbone,2024-214257,2024-213469,143,40,0.7764705882352941,0,False
trecrag,0,backbone,2024-214257,2024-213789,143,50,0.6527777777777778,1,False
trecrag,0,backbone,2024-214257,2024-213817,143,66,0.9473684210526315,1,False
trecrag,0,backbone,2024-214257,2024-213978,99,16,0.8666666666666667,1,False
trecrag,0,backbone,2024-214257,2024-214096,176,69,0.9076923076923077,0,False
trecrag,0,backbone,2024-214257,2024-214257,110,33,0.9411764705882353,0,True
trecrag,0,backbone,2024-214257,2024-214467,77,42,0.9629629629629629,0,False
trecrag,0,backbone,2024-214257,2024-215044,165,19,0.8085106382978723,1,False
trecrag,0,backbone,2024-214257,2024-215952,110,32,0.8064516129032258,0,False
trecrag,0,backbone,2024-214257,2024-216592,220,75,0.9342105263157895,0,False
trecrag,0,backbone,2024-214257,2024-217279,132,45,0.8764044943820225,0,False
trecrag,0,backbone,2024-214257,2024-217812,140,62,0.90625,0,False
trecrag,0,backbone,2024-214257,2024-219563,110,43,0.7,1,False
trecrag,0,backbone,2024-214257,2024-219624,143,52,0.9357798165137615,0,False
trecrag,0,backbone,2024-214257,2024-224279,165,52,0.6138613861386139,1,False
trecrag,0,backbone,2024-214257,2024-224701,198,83,0.8539325842696629,0,False
trecrag,0,backbone,2024-214257,2024-224926,121,9,0.4666666666666667,1,False
trecrag,0,backbone,2024-214257,2024-22886,220,83,0.9230769230769231,0,False
trecrag,0,backbone,2024-214257,2024-27366,176,68,0.7716535433070866,1,False
trecrag,0,backbone,2024-214257,2024-29182,165,40,0.9,0,False
trecrag,0,backbone,2024-214257,2024-32912,99,63,0.928,1,False
trecrag,0,backbone,2024-214257,2024-35227,198,83,0.8,0,False
trecrag,0,backbone,2024-214257,2024-35269,110,56,0.9734513274336283,0,False
trecrag,0,backbone,2024-214257,2024-35284,143,66,0.9696969696969697,0,False
trecrag,0,backbone,2024-214257,2024-35620,187,50,0.897196261682243,0,False
trecrag,0,backbone,2024-214257,2024-38986,176,67,0.5565217391304348,1,False
trecrag,0,backbone,2024-214257,2024-41849,209,38,0.6542056074766355,1,False
trecrag,0,backbone,2024-214257,2024-42497,165,52,0.6808510638297872,1,False
trecrag,0,backbone,2024-214257,2024-43037,110,52,0.897196261682243,0,False
trecrag,0,backbone,2024-214257,2024-43983,110,20,0.5660377358490566,1,False
trecrag,0,backbone,2024-214257,2024-44060,66,40,0.963855421686747,0,False
trecrag,0,backbone,2024-214257,2024-58819,176,25,0.8085106382978723,0,False
trecrag,0,backbone,2024-214257,2024-73340,77,40,0.8888888888888888,1,False
trecrag,0,backbone,2024-214257,2024-73918,198,28,0.5714285714285714,1,False
trecrag,0,backbone,2024-214257,2024-79081,176,44,0.8118811881188119,1,False
trecrag,0,backbone,2024-214257,2024-79154,99,66,0.9923664122137404,0,False
trecrag,0,backbone,2024-214257,2024-88894,143,26,0.6037735849056604,1,False
trecrag,0,backbone,2024-214257,2024-94706,120,43,0.8791208791208791,0,False
trecrag,0,backbone,2024-214257,2024-96063,176,18,0.8205128205128205,0,False
trecrag,0,backbone,2024-214257,2024-96359,121,64,0.7321428571428571,1,False
trecrag,0,backbone,2024-214467,2024-105741,176,40,0.7246376811594203,1,False
trecrag,0,backbone,2024-214467,2024-121840,176,40,0.7435897435897436,0,False
trecrag,0,backbone,2024-214467,2024-127266,132,41,0.7555555555555555,1,False
trecrag,0,backbone,2024-214467,2024-129925,121,62,0.847457627118644,1,False
trecrag,0,backbone,2024-214467,2024-141577,220,81,0.6507936507936508,1,False
trecrag,0,backbone,2024-214467,2024-142395,143,55,0.8181818181818182,1,False
trecrag,0,backbone,2024-214467,2024-143869,220,69,0.8837209302325582,1,False
trecrag,0,backbone,2024-214467,2024-145979,165,90,0.9555555555555556,0,False
trecrag,0,backbone,2024-214467,2024-152259,132,58,0.9344262295081968,0,False
trecrag,0,backbone,2024-214467,2024-152817,176,67,0.88,1,False
trecrag,0,backbone,2024-214467,2024-153051,154,89,0.9943502824858758,0,False
trecrag,0,backbone,2024-214467,2024-158261,187,21,0.75,0,False
trecrag,0,backbone,2024-214467,2024-158677,198,67,0.6491228070175439,1,False
trecrag,0,backbone,2024-214467,2024-158743,198,46,0.8541666666666666,0,False
trecrag,0,backbone,2024-214467,2024-18963,187,30,0.7142857142857143,1,False
trecrag,0,backbone,2024-214467,2024-19025,132,53,0.5,1,False
trecrag,0,backbone,2024-214467,2024-213469,143,40,0.7804878048780488,0,False
trecrag,0,backbone,2024-214467,2024-213789,143,50,0.6614173228346457,1,False
trecrag,0,backbone,2024-214467,2024-213817,143,66,0.9384615384615385,1,False
trecrag,0,backbone,2024-214467,2024-213978,99,16,0.8666666666666667,1,False
trecrag,0,backbone,2024-214467,2024-214096,176,69,0.8992248062015504,0,False
trecrag,0,backbone,2024-214467,2024-214257,110,33,0.927536231884058,0,False
trecrag,0,backbone,2024-214467,2024-214467,77,42,0.925,0,True
trecrag,0,backbone,2024-214467,2024-215044,165,19,0.75,1,False
trecrag,0,backbone,2024-214467,2024-215952,110,32,0.8524590163934426,0,False
trecrag,0,backbone,2024-214467,2024-216592,220,75,0.9261744966442953,0,False
trecrag,0,backbone,2024-214467,2024-217279,132,45,0.8636363636363636,0,False
trecrag,0,backbone,2024-214467,2024-217812,140,62,0.9047619047619048,0,False
trecrag,0,backbone,2024-214467,2024-219563,110,43,0.6947368421052632,1,False
trecrag,0,backbone,2024-214467,2024-219624,143,52,0.9433962264150944,0,False
trecrag,0,backbone,2024-214467,2024-224279,165,52,0.6813186813186813,1,False
trecrag,0,backbone,2024-214467,2024-224701,198,83,0.8636363636363636,0,False
trecrag,0,backbone,2024-214467,2024-224926,121,9,0.4827586206896552,1,False
trecrag,0,backbone,2024-214467,2024-22886,220,83,0.9212121212121213,0,False
trecrag,0,backbone,2024-214467,2024-27366,176,68,0.6956521739130435,1,False
trecrag,0,backbone,2024-214467,2024-29182,165,40,0.8974358974358975,0,False
trecrag,0,backbone,2024-214467,2024-32912,99,63,0.9508196721311475,1,False
trecrag,0,backbone,2024-214467,2024-35227,198,83,0.8198757763975155,0,False
trecrag,0,backbone,2024-214467,2024-35269,110,56,0.972972972972973,0,False
trecrag,0,backbone,2024-214467,2024-35284,143,66,0.9612403100775194,0,False
trecrag,0,backbone,2024-214467,2024-35620,187,50,0.9230769230769231,0,False
trecrag,0,backbone,2024-214467,2024-38986,176,67,0.58,1,False
trecrag,0,backbone,2024-214467,2024-41849,209,38,0.7472527472527473,1,False
trecrag,0,backbone,2024-214467,2024-42497,165,52,0.72,1,False
trecrag,0,backbone,2024-214467,2024-43037,110,52,0.8846153846153846,0,False
trecrag,0,backbone,2024-214467,2024-43983,110,20,0.6976744186046512,1,False
trecrag,0,backbone,2024-214467,2024-44060,66,40,0.9512195121951219,0,False
trecrag,0,backbone,2024-214467,2024-58819,176,25,0.7906976744186046,0,False
trecrag,0,backbone,2024-214467,2024-73340,77,40,0.8974358974358975,1,False
trecrag,0,backbone,2024-214467,2024-73918,198,28,0.6774193548387096,1,False
trecrag,0,backbone,2024-214467,2024-79081,176,44,0.7789473684210526,1,False
trecrag,0,backbone,2024-214467,2024-79154,99,66,0.9923664122137404,0,False
trecrag,0,backbone,2024-214467,2024-88894,143,26,0.5333333333333333,1,False
trecrag,0,backbone,2024-214467,2024-94706,120,43,0.8333333333333334,0,False
trecrag,0,backbone,2024-214467,2024-96063,176,18,0.8,0,False
trecrag,0,backbone,2024-214467,2024-96359,121,64,0.6915887850467289,1,False
trecrag,0,backbone,2024-215044,2024-105741,176,40,0.6451612903225806,1,False
trecrag,0,backbone,2024-215044,2024-121840,176,40,0.7733333333333333,0,False
trecrag,0,backbone,2024-215044,2024-127266,132,41,0.8108108108108109,1,False
trecrag,0,backbone,2024-215044,2024-129925,121,62,0.7857142857142857,1,False
trecrag,0,backbone,2024-215044,2024-141577,220,81,0.5882352941176471,1,False
trecrag,0,backbone,2024-215044,2024-142395,143,55,0.7572815533980582,1,False
trecrag,0,backbone,2024-215044,2024-143869,220,69,0.8661417322834646,1,False
trecrag,0,backbone,2024-215044,2024-145979,165,90,0.9662921348314607,0,False
trecrag,0,backbone,2024-215044,2024-152259,132,58,0.9421487603305785,0,False
trecrag,0,backbone,2024-215044,2024-152817,176,67,0.88,1,False
trecrag,0,backbone,2024-215044,2024-153051,154,89,0.9828571428571429,0,False
trecrag,0,backbone,2024-215044,2024-158261,187,21,0.7619047619047619,0,False
trecrag,0,backbone,2024-215044,2024-158677,198,67,0.6363636363636364,1,False
trecrag,0,backbone,2024-215044,2024-158743,198,46,0.8351648351648352,0,False
trecrag,0,backbone,2024-215044,2024-18963,187,30,0.7450980392156863,1,False
trecrag,0,backbone,2024-215044,2024-19025,132,53,0.4117647058823529,1,False
trecrag,0,backbone,2024-215044,2024-213469,143,40,0.7777777777777778,0,False
trecrag,0,backbone,2024-215044,2024-213789,143,50,0.7096774193548387,1,False
trecrag,0,backbone,2024-215044,2024-213817,143,66,0.859504132231405,1,False
trecrag,0,backbone,2024-215044,2024-213978,99,16,0.8275862068965517,1,False
trecrag,0,backbone,2024-215044,2024-214096,176,69,0.8992248062015504,0,False
trecrag,0,backbone,2024-215044,2024-214257,110,33,0.9411764705882353,0,False
trecrag,0,backbone,2024-215044,2024-214467,77,42,0.95,0,False
trecrag,0,backbone,2024-215044,2024-215044,165,19,0.8888888888888888,1,True
trecrag,0,backbone,2024-215044,2024-215952,110,32,0.8275862068965517,0,False
trecrag,0,backbone,2024-215044,2024-216592,220,75,0.9370629370629371,0,False
trecrag,0,backbone,2024-215044,2024-217279,132,45,0.8470588235294118,0,False
trecrag,0,backbone,2024-215044,2024-217812,140,62,0.9344262295081968,0,False
trecrag,0,backbone,2024-215044,2024-219563,110,43,0.6133333333333333,1,False
trecrag,0,backbone,2024-215044,2024-219624,143,52,0.9523809523809523,0,False
trecrag,0,backbone,2024-215044,2024-224279,165,52,0.5569620253164557,1,False
trecrag,0,backbone,2024-215044,2024-224701,198,83,0.8433734939759037,0,False
trecrag,0,backbone,2024-215044,2024-224926,121,9,0.5454545454545454,1,False
trecrag,0,backbone,2024-215044,2024-22886,220,83,0.9125,0,False
trecrag,0,backbone,2024-215044,2024-27366,176,68,0.5490196078431373,1,False
trecrag,0,backbone,2024-215044,2024-29182,165,40,0.88,0,False
trecrag,0,backbone,2024-215044,2024-32912,99,63,0.896551724137931,1,False
trecrag,0,backbone,2024-215044,2024-35227,198,83,0.7843137254901961,0,False
trecrag,0,backbone,2024-215044,2024-35269,110,56,0.9629629629629629,0,False
trecrag,0,backbone,2024-215044,2024-35284,143,66,0.953125,0,False
trecrag,0,backbone,2024-215044,2024-35620,187,50,0.9230769230769231,0,False
trecrag,0,backbone,2024-215044,2024-38986,176,67,0.5979381443298969,1,False
trecrag,0,backbone,2024-215044,2024-41849,209,38,0.735632183908046,1,False
trecrag,0,backbone,2024-215044,2024-42497,165,52,0.7787610619469026,1,False
trecrag,0,backbone,2024-215044,2024-43037,110,52,0.88,0,False
trecrag,0,backbone,2024-215044,2024-43983,110,20,0.7567567567567568,1,False
trecrag,0,backbone,2024-215044,2024-44060,66,40,0.9113924050632911,0,False
trecrag,0,backbone,2024-215044,2024-58819,176,25,0.8095238095238095,0,False
trecrag,0,backbone,2024-215044,2024-73340,77,40,0.8831168831168831,1,False
trecrag,0,backbone,2024-215044,2024-73918,198,28,0.5416666666666666,1,False
trecrag,0,backbone,2024-215044,2024-79081,176,44,0.7948717948717948,1,False
trecrag,0,backbone,2024-215044,2024-79154,99,66,0.9846153846153847,0,False
trecrag,0,backbone,2024-215044,2024-88894,143,26,0.3783783783783784,1,False
trecrag,0,backbone,2024-215044,2024-94706,120,43,0.7435897435897436,0,False
trecrag,0,backbone,2024-215044,2024-96063,176,18,0.8235294117647058,0,False
trecrag,0,backbone,2024-215044,2024-96359,121,64,0.5473684210526316,1,False
trecrag,0,backbone,2024-215952,2024-105741,176,40,0.7164179104477612,1,False
trecrag,0,backbone,2024-215952,2024-121840,176,40,0.7532467532467533,0,False
trecrag,0,backbone,2024-215952,2024-127266,132,41,0.7555555555555555,1,False
trecrag,0,backbone,2024-215952,2024-129925,121,62,0.8103448275862069,1,False
trecrag,0,backbone,2024-215952,2024-141577,220,81,0.6290322580645161,1,False
trecrag,0,backbone,2024-215952,2024-142395,143,55,0.7777777777777778,1,False
trecrag,0,backbone,2024-215952,2024-143869,220,69,0.8923076923076924,1,False
trecrag,0,backbone,2024-215952,2024-145979,165,90,0.9666666666666667,0,False
trecrag,0,backbone,2024-215952,2024-152259,132,58,0.9344262295081968,0,False
trecrag,0,backbone,2024-215952,2024-152817,176,67,0.8888888888888888,1,False
trecrag,0,backbone,2024-215952,2024-153051,154,89,0.9943502824858758,0,False
trecrag,0,backbone,2024-215952,2024-158261,187,21,0.7727272727272727,0,False
trecrag,0,backbone,2024-215952,2024-158677,198,67,0.6428571428571429,1,False
trecrag,0,backbone,2024-215952,2024-158743,198,46,0.8444444444444444,0,False
trecrag,0,backbone,2024-215952,2024-18963,187,30,0.7307692307692307,1,False
trecrag,0,backbone,2024-215952,2024-19025,132,53,0.4722222222222222,1,False
trecrag,0,backbone,2024-215952,2024-213469,143,40,0.8205128205128205,0,False
trecrag,0,backbone,2024-215952,2024-213789,143,50,0.7022900763358778,1,False
trecrag,0,backbone,2024-215952,2024-213817,143,66,0.921875,1,False
trecrag,0,backbone,2024-215952,2024-213978,99,16,0.8275862068965517,1,False
trecrag,0,backbone,2024-215952,2024-214096,176,69,0.9076923076923077,0,False
trecrag,0,backbone,2024-215952,2024-214257,110,33,0.927536231884058,0,False
trecrag,0,backbone,2024-215952,2024-214467,77,42,0.9629629629629629,0,False
trecrag,0,backbone,2024-215952,2024-215044,165,19,0.8,1,False
trecrag,0,backbone,2024-215952,2024-215952,110,32,0.8813559322033898,0,True
trecrag,0,backbone,2024-215952,2024-216592,220,75,0.9261744966442953,0,False
trecrag,0,backbone,2024-215952,2024-217279,132,45,0.8470588235294118,0,False
trecrag,0,backbone,2024-215952,2024-217812,140,62,0.912,0,False
trecrag,0,backbone,2024-215952,2024-219563,110,43,0.6506024096385542,1,False
trecrag,0,backbone,2024-215952,2024-219624,143,52,0.9433962264150944,0,False
trecrag,0,backbone,2024-215952,2024-224279,165,52,0.6046511627906976,1,False
trecrag,0,backbone,2024-215952,2024-224701,198,83,0.8685714285714285,0,False
trecrag,0,backbone,2024-215952,2024-224926,121,9,0.4827586206896552,1,False
trecrag,0,backbone,2024-215952,2024-22886,220,83,0.9325153374233128,0,False
trecrag,0,backbone,2024-215952,2024-27366,176,68,0.6782608695652174,1,False
trecrag,0,backbone,2024-215952,2024-29182,165,40,0.868421052631579,0,False
trecrag,0,backbone,2024-215952,2024-32912,99,63,0.9333333333333333,1,False
trecrag,0,backbone,2024-215952,2024-35227,198,83,0.8242424242424242,0,False
trecrag,0,backbone,2024-215952,2024-35269,110,56,0.9724770642201835,0,False
trecrag,0,backbone,2024-215952,2024-35284,143,66,0.9612403100775194,0,False
trecrag,0,backbone,2024-215952,2024-35620,187,50,0.9230769230769231,0,False
trecrag,0,backbone,2024-215952,2024-38986,176,67,0.5742574257425742,1,False
trecrag,0,backbone,2024-215952,2024-41849,209,38,0.7415730337078652,1,False
trecrag,0,backbone,2024-215952,2024-42497,165,52,0.7521367521367521,1,False
trecrag,0,backbone,2024-215952,2024-43037,110,52,0.8712871287128713,0,False
trecrag,0,backbone,2024-215952,2024-43983,110,20,0.6511627906976745,1,False
trecrag,0,backbone,2024-215952,2024-44060,66,40,0.925,0,False
trecrag,0,backbone,2024-215952,2024-58819,176,25,0.8181818181818182,0,False
trecrag,0,backbone,2024-215952,2024-73340,77,40,0.8831168831168831,1,False
trecrag,0,backbone,2024-215952,2024-73918,198,28,0.576271186440678,1,False
trecrag,0,backbone,2024-215952,2024-79081,176,44,0.7586206896551724,1,False
trecrag,0,backbone,2024-215952,2024-79154,99,66,0.9846153846153847,0,False
trecrag,0,backbone,2024-215952,2024-88894,143,26,0.35294117647058826,1,False
trecrag,0,backbone,2024-215952,2024-94706,120,43,0.759493670886076,0,False
trecrag,0,backbone,2024-215952,2024-96063,176,18,0.7894736842105263,0,False
trecrag,0,backbone,2024-215952,2024-96359,121,64,0.62,1,False
trecrag,0,backbone,2024-216592,2024-105741,176,40,0.7142857142857143,1,False
trecrag,0,backbone,2024-216592,2024-121840,176,40,0.7848101265822784,0,False
trecrag,0,backbone,2024-216592,2024-127266,132,41,0.7608695652173914,1,False
trecrag,0,backbone,2024-216592,2024-129925,121,62,0.8275862068965517,1,False
trecrag,0,backbone,2024-216592,2024-141577,220,81,0.6507936507936508,1,False
trecrag,0,backbone,2024-216592,2024-142395,143,55,0.8275862068965517,1,False
trecrag,0,backbone,2024-216592,2024-143869,220,69,0.8787878787878788,1,False
trecrag,0,backbone,2024-216592,2024-145979,165,90,0.967032967032967,0,False
trecrag,0,backbone,2024-216592,2024-152259,132,58,0.9344262295081968,0,False
trecrag,0,backbone,2024-216592,2024-152817,176,67,0.90625,1,False
trecrag,0,backbone,2024-216592,2024-153051,154,89,0.9943502824858758,0,False
trecrag,0,backbone,2024-216592,2024-158261,187,21,0.723404255319149,0,False
trecrag,0,backbone,2024-216592,2024-158677,198,67,0.625,1,False
trecrag,0,backbone,2024-216592,2024-158743,198,46,0.8631578947368421,0,False
trecrag,0,backbone,2024-216592,2024-18963,187,30,0.6875,1,False
trecrag,0,backbone,2024-216592,2024-19025,132,53,0.5405405405405406,1,False
trecrag,0,backbone,2024-216592,2024-213469,143,40,0.7710843373493976,0,False
trecrag,0,backbone,2024-216592,2024-213789,143,50,0.6567164179104478,1,False
trecrag,0,backbone,2024-216592,2024-213817,143,66,0.9465648854961832,1,False
trecrag,0,backbone,2024-216592,2024-213978,99,16,0.8484848484848485,1,False
trecrag,0,backbone,2024-216592,2024-214096,176,69,0.9076923076923077,0,False
trecrag,0,backbone,2024-216592,2024-214257,110,33,0.927536231884058,0,False
trecrag,0,backbone,2024-216592,2024-214467,77,42,0.9629629629629629,0,False
trecrag,0,backbone,2024-216592,2024-215044,165,19,0.72,1,False
trecrag,0,backbone,2024-216592,2024-215952,110,32,0.8666666666666667,0,False
trecrag,0,backbone,2024-216592,2024-216592,220,75,0.9379310344827586,0,True
trecrag,0,backbone,2024-216592,2024-217279,132,45,0.8604651162790697,0,False
trecrag,0,backbone,2024-216592,2024-217812,140,62,0.9047619047619048,0,False
trecrag,0,backbone,2024-216592,2024-219563,110,43,0.7142857142857143,1,False
trecrag,0,backbone,2024-216592,2024-219624,143,52,0.9433962264150944,0,False
trecrag,0,backbone,2024-216592,2024-224279,165,52,0.6526315789473685,1,False
trecrag,0,backbone,2024-216592,2024-224701,198,83,0.8636363636363636,0,False
trecrag,0,backbone,2024-216592,2024-224926,121,9,0.5,1,False
trecrag,0,backbone,2024-216592,2024-22886,220,83,0.9212121212121213,0,False
trecrag,0,backbone,2024-216592,2024-27366,176,68,0.7008547008547008,1,False
trecrag,0,backbone,2024-216592,2024-29182,165,40,0.8974358974358975,0,False
trecrag,0,backbone,2024-216592,2024-32912,99,63,0.912,1,False
trecrag,0,backbone,2024-216592,2024-35227,198,83,0.8024691358024691,0,False
trecrag,0,backbone,2024-216592,2024-35269,110,56,0.9821428571428571,0,False
trecrag,0,backbone,2024-216592,2024-35284,143,66,0.9692307692307692,0,False
trecrag,0,backbone,2024-216592,2024-35620,187,50,0.9230769230769231,0,False
trecrag,0,backbone,2024-216592,2024-38986,176,67,0.5961538461538461,1,False
trecrag,0,backbone,2024-216592,2024-41849,209,38,0.7070707070707071,1,False
trecrag,0,backbone,2024-216592,2024-42497,165,52,0.6814814814814815,1,False
trecrag,0,backbone,2024-216592,2024-43037,110,52,0.8952380952380953,0,False
trecrag,0,backbone,2024-216592,2024-43983,110,20,0.7619047619047619,1,False
trecrag,0,backbone,2024-216592,2024-44060,66,40,0.9512195121951219,0,False
trecrag,0,backbone,2024-216592,2024-58819,176,25,0.8,0,False
trecrag,0,backbone,2024-216592,2024-73340,77,40,0.9,1,False
trecrag,0,backbone,2024-216592,2024-73918,198,28,0.6153846153846154,1,False
trecrag,0,backbone,2024-216592,2024-79081,176,44,0.8041237113402062,1,False
trecrag,0,backbone,2024-216592,2024-79154,99,66,0.9923664122137404,0,False
trecrag,0,backbone,2024-216592,2024-88894,143,26,0.5555555555555556,1,False
trecrag,0,backbone,2024-216592,2024-94706,120,43,0.8192771084337349,0,False
trecrag,0,backbone,2024-216592,2024-96063,176,18,0.8108108108108109,0,False
trecrag,0,backbone,2024-216592,2024-96359,121,64,0.6915887850467289,1,False
trecrag,0,backbone,2024-217279,2024-105741,176,40,0.696969696969697,1,False
trecrag,0,backbone,2024-217279,2024-121840,176,40,0.7435897435897436,0,False
trecrag,0,backbone,2024-217279,2024-127266,132,41,0.8192771084337349,1,False
trecrag,0,backbone,2024-217279,2024-129925,121,62,0.847457627118644,1,False
trecrag,0,backbone,2024-217279,2024-141577,220,81,0.6290322580645161,1,False
trecrag,0,backbone,2024-217279,2024-142395,143,55,0.7850467289719626,1,False
trecrag,0,backbone,2024-217279,2024-143869,220,69,0.8615384615384616,1,False
trecrag,0,backbone,2024-217279,2024-145979,165,90,0.9666666666666667,0,False
trecrag,0,backbone,2024-217279,2024-152259,132,58,0.9421487603305785,0,False
trecrag,0,backbone,2024-217279,2024-152817,176,67,0.8976377952755905,1,False
trecrag,0,backbone,2024-217279,2024-153051,154,89,0.9943502824858758,0,False
trecrag,0,backbone,2024-217279,2024-158261,187,21,0.7391304347826086,0,False
trecrag,0,backbone,2024-217279,2024-158677,198,67,0.6371681415929203,1,False
trecrag,0,backbone,2024-217279,2024-158743,198,46,0.8723404255319149,0,False
trecrag,0,backbone,2024-217279,2024-18963,187,30,0.7142857142857143,1,False
trecrag,0,backbone,2024-217279,2024-19025,132,53,0.4507042253521127,1,False
trecrag,0,backbone,2024-217279,2024-213469,143,40,0.7848101265822784,0,False
trecrag,0,backbone,2024-217279,2024-213789,143,50,0.671875,1,False
trecrag,0,backbone,2024-217279,2024-213817,143,66,0.8852459016393442,1,False
trecrag,0,backbone,2024-217279,2024-213978,99,16,0.8275862068965517,1,False
trecrag,0,backbone,2024-217279,2024-214096,176,69,0.8923076923076924,0,False
trecrag,0,backbone,2024-217279,2024-214257,110,33,0.927536231884058,0,False
trecrag,0,backbone,2024-217279,2024-214467,77,42,0.95,0,False
trecrag,0,backbone,2024-217279,2024-215044,165,19,0.7659574468085106,1,False
trecrag,0,backbone,2024-217279,2024-215952,110,32,0.8275862068965517,0,False
trecrag,0,backbone,2024-217279,2024-216592,220,75,0.9333333333333333,0,False
trecrag,0,backbone,2024-217279,2024-217279,132,45,0.8735632183908046,0,True
trecrag,0,backbone,2024-217279,2024-217812,140,62,0.9354838709677419,0,False
trecrag,0,backbone,2024-217279,2024-219563,110,43,0.6233766233766234,1,False
trecrag,0,backbone,2024-217279,2024-219624,143,52,0.9523809523809523,0,False
trecrag,0,backbone,2024-217279,2024-224279,165,52,0.6304347826086957,1,False
trecrag,0,backbone,2024-217279,2024-224701,198,83,0.8505747126436781,0,False
trecrag,0,backbone,2024-217279,2024-224926,121,9,0.6,1,False
trecrag,0,backbone,2024-217279,2024-22886,220,83,0.9146341463414634,0,False
trecrag,0,backbone,2024-217279,2024-27366,176,68,0.6428571428571429,1,False
trecrag,0,backbone,2024-217279,2024-29182,165,40,0.8947368421052632,0,False
trecrag,0,backbone,2024-217279,2024-32912,99,63,0.9421487603305785,1,False
trecrag,0,backbone,2024-217279,2024-35227,198,83,0.8098159509202454,0,False
trecrag,0,backbone,2024-217279,2024-35269,110,56,0.9636363636363636,0,False
trecrag,0,backbone,2024-217279,2024-35284,143,66,0.9618320610687023,0,False
trecrag,0,backbone,2024-217279,2024-35620,187,50,0.9320388349514563,0,False
trecrag,0,backbone,2024-217279,2024-38986,176,67,0.5769230769230769,1,False
trecrag,0,backbone,2024-217279,2024-41849,209,38,0.7252747252747253,1,False
trecrag,0,backbone,2024-217279,2024-42497,165,52,0.75,1,False
trecrag,0,backbone,2024-217279,2024-43037,110,52,0.8712871287128713,0,False
trecrag,0,backbone,2024-217279,2024-43983,110,20,0.6829268292682927,1,False
trecrag,0,backbone,2024-217279,2024-44060,66,40,0.9382716049382716,0,False
trecrag,0,backbone,2024-217279,2024-58819,176,25,0.8181818181818182,0,False
trecrag,0,backbone,2024-217279,2024-73340,77,40,0.9113924050632911,1,False
trecrag,0,backbone,2024-217279,2024-73918,198,28,0.6440677966101694,1,False
trecrag,0,backbone,2024-217279,2024-79081,176,44,0.782608695652174,1,False
trecrag,0,backbone,2024-217279,2024-79154,99,66,0.9846153846153847,0,False
trecrag,0,backbone,2024-217279,2024-88894,143,26,0.4897959183673469,1,False
trecrag,0,backbone,2024-217279,2024-94706,120,43,0.775,0,False
trecrag,0,backbone,2024-217279,2024-96063,176,18,0.8108108108108109,0,False
trecrag,0,backbone,2024-217279,2024-96359,121,64,0.6326530612244898,1,False
trecrag,0,backbone,2024-217812,2024-105741,176,40,0.7605633802816901,1,False
trecrag,0,backbone,2024-217812,2024-121840,176,40,0.7341772151898734,0,False
trecrag,0,backbone,2024-217812,2024-127266,132,41,0.7906976744186046,1,False
trecrag,0,backbone,2024-217812,2024-129925,121,62,0.85,1,False
trecrag,0,backbone,2024-217812,2024-141577,220,81,0.6821705426356589,1,False
trecrag,0,backbone,2024-217812,2024-142395,143,55,0.782608695652174,1,False
trecrag,0,backbone,2024-217812,2024-143869,220,69,0.8721804511278195,1,False
trecrag,0,backbone,2024-217812,2024-145979,165,90,0.9608938547486033,0,False
trecrag,0,backbone,2024-217812,2024-152259,132,58,0.9344262295081968,0,False
trecrag,0,backbone,2024-217812,2024-152817,176,67,0.8976377952755905,1,False
trecrag,0,backbone,2024-217812,2024-153051,154,89,0.9943502824858758,0,False
trecrag,0,backbone,2024-217812,2024-158261,187,21,0.75,0,False
trecrag,0,backbone,2024-217812,2024-158677,198,67,0.6779661016949152,1,False
trecrag,0,backbone,2024-217812,2024-158743,198,46,0.8421052631578947,0,False
trecrag,0,backbone,2024-217812,2024-18963,187,30,0.7368421052631579,1,False
trecrag,0,backbone,2024-217812,2024-19025,132,53,0.4657534246575342,1,False
trecrag,0,backbone,2024-217812,2024-213469,143,40,0.810126582278481,0,False
trecrag,0,backbone,2024-217812,2024-213789,143,50,0.6617647058823529,1,False
trecrag,0,backbone,2024-217812,2024-213817,143,66,0.9302325581395349,1,False
trecrag,0,backbone,2024-217812,2024-213978,99,16,0.8,1,False
trecrag,0,backbone,2024-217812,2024-214096,176,69,0.9007633587786259,0,False
trecrag,0,backbone,2024-217812,2024-214257,110,33,0.927536231884058,0,False
trecrag,0,backbone,2024-217812,2024-214467,77,42,0.95,0,False
trecrag,0,backbone,2024-217812,2024-215044,165,19,0.7346938775510204,1,False
trecrag,0,backbone,2024-217812,2024-215952,110,32,0.847457627118644,0,False
trecrag,0,backbone,2024-217812,2024-216592,220,75,0.9333333333333333,0,False
trecrag,0,backbone,2024-217812,2024-217279,132,45,0.8470588235294118,0,False
trecrag,0,backbone,2024-217812,2024-217812,140,62,0.9375,0,True
trecrag,0,backbone,2024-217812,2024-219563,110,43,0.6666666666666666,1,False
trecrag,0,backbone,2024-217812,2024-219624,143,52,0.9433962264150944,0,False
trecrag,0,backbone,2024-217812,2024-224279,165,52,0.6666666666666666,1,False
trecrag,0,backbone,2024-217812,2024-224701,198,83,0.8554913294797688,0,False
trecrag,0,backbone,2024-217812,2024-224926,121,9,0.5,1,False
trecrag,0,backbone,2024-217812,2024-22886,220,83,0.9333333333333333,0,False
trecrag,0,backbone,2024-217812,2024-27366,176,68,0.7049180327868853,1,False
trecrag,0,backbone,2024-217812,2024-29182,165,40,0.8974358974358975,0,False
trecrag,0,backbone,2024-217812,2024-32912,99,63,0.926829268292683,1,False
trecrag,0,backbone,2024-217812,2024-35227,198,83,0.7904191616766467,0,False
trecrag,0,backbone,2024-217812,2024-35269,110,56,0.972972972972973,0,False
trecrag,0,backbone,2024-217812,2024-35284,143,66,0.9692307692307692,0,False
trecrag,0,backbone,2024-217812,2024-35620,187,50,0.9230769230769231,0,False
trecrag,0,backbone,2024-217812,2024-38986,176,67,0.5849056603773585,1,False
trecrag,0,backbone,2024-217812,2024-41849,209,38,0.723404255319149,1,False
trecrag,0,backbone,2024-217812,2024-42497,165,52,0.7096774193548387,1,False
trecrag,0,backbone,2024-217812,2024-43037,110,52,0.8952380952380953,0,False
trecrag,0,backbone,2024-217812,2024-43983,110,20,0.6415094339622641,1,False
trecrag,0,backbone,2024-217812,2024-44060,66,40,0.925,0,False
trecrag,0,backbone,2024-217812,2024-58819,176,25,0.8,0,False
trecrag,0,backbone,2024-217812,2024-73340,77,40,0.9,1,False
trecrag,0,backbone,2024-217812,2024-73918,198,28,0.5625,1,False
trecrag,0,backbone,2024-217812,2024-79081,176,44,0.7789473684210526,1,False
trecrag,0,backbone,2024-217812,2024-79154,99,66,0.9923664122137404,0,False
trecrag,0,backbone,2024-217812,2024-88894,143,26,0.5882352941176471,1,False
trecrag,0,backbone,2024-217812,2024-94706,120,43,0.8192771084337349,0,False
trecrag,0,backbone,2024-217812,2024-96063,176,18,0.7567567567567568,0,False
trecrag,0,backbone,2024-217812,2024-96359,121,64,0.6538461538461539,1,False
trecrag,0,backbone,2024-219563,2024-105741,176,40,0.6666666666666666,1,False
trecrag,0,backbone,2024-219563,2024-121840,176,40,0.759493670886076,0,False
trecrag,0,backbone,2024-219563,2024-127266,132,41,0.7654320987654321,1,False
trecrag,0,backbone,2024-219563,2024-129925,121,62,0.8205128205128205,1,False
trecrag,0,backbone,2024-219563,2024-141577,220,81,0.6178861788617886,1,False
trecrag,0,backbone,2024-219563,2024-142395,143,55,0.7719298245614035,1,False
trecrag,0,backbone,2024-219563,2024-143869,220,69,0.8548387096774194,1,False
trecrag,0,backbone,2024-219563,2024-145979,165,90,0.9666666666666667,0,False
trecrag,0,backbone,2024-219563,2024-152259,132,58,0.9344262295081968,0,False
trecrag,0,backbone,2024-219563,2024-152817,176,67,0.88,1,False
trecrag,0,backbone,2024-219563,2024-153051,154,89,0.9886363636363636,0,False
trecrag,0,backbone,2024-219563,2024-158261,187,21,0.7906976744186046,0,False
trecrag,0,backbone,2024-219563,2024-158677,198,67,0.6837606837606838,1,False
trecrag,0,backbone,2024-219563,2024-158743,198,46,0.8631578947368421,0,False
trecrag,0,backbone,2024-219563,2024-18963,187,30,0.7272727272727273,1,False
trecrag,0,backbone,2024-219563,2024-19025,132,53,0.45714285714285713,1,False
trecrag,0,backbone,2024-219563,2024-213469,143,40,0.7948717948717948,0,False
trecrag,0,backbone,2024-219563,2024-213789,143,50,0.672,1,False
trecrag,0,backbone,2024-219563,2024-213817,143,66,0.8666666666666667,1,False
trecrag,0,backbone,2024-219563,2024-213978,99,16,0.8275862068965517,1,False
trecrag,0,backbone,2024-219563,2024-214096,176,69,0.8787878787878788,0,False
trecrag,0,backbone,2024-219563,2024-214257,110,33,0.927536231884058,0,False
trecrag,0,backbone,2024-219563,2024-214467,77,42,0.95,0,False
trecrag,0,backbone,2024-219563,2024-215044,165,19,0.7659574468085106,1,False
trecrag,0,backbone,2024-219563,2024-215952,110,32,0.8421052631578947,0,False
trecrag,0,backbone,2024-219563,2024-216592,220,75,0.9261744966442953,0,False
trecrag,0,backbone,2024-219563,2024-217279,132,45,0.8148148148148148,0,False
trecrag,0,backbone,2024-219563,2024-217812,140,62,0.9193548387096774,0,False
trecrag,0,backbone,2024-219563,2024-219563,110,43,0.775,1,True
trecrag,0,backbone,2024-219563,2024-219624,143,52,0.9423076923076923,0,False
trecrag,0,backbone,2024-219563,2024-224279,165,52,0.6304347826086957,1,False
trecrag,0,backbone,2024-219563,2024-224701,198,83,0.8402366863905325,0,False
trecrag,0,backbone,2024-219563,2024-224926,121,9,0.6666666666666666,1,False
trecrag,0,backbone,2024-219563,2024-22886,220,83,0.9125,0,False
trecrag,0,backbone,2024-219563,2024-27366,176,68,0.6055045871559633,1,False
trecrag,0,backbone,2024-219563,2024-29182,165,40,0.8831168831168831,0,False
trecrag,0,backbone,2024-219563,2024-32912,99,63,0.943089430894309,1,False
trecrag,0,backbone,2024-219563,2024-35227,198,83,0.7901234567901234,0,False
trecrag,0,backbone,2024-219563,2024-35269,110,56,0.9636363636363636,0,False
trecrag,0,backbone,2024-219563,2024-35284,143,66,0.9618320610687023,0,False
trecrag,0,backbone,2024-219563,2024-35620,187,50,0.9245283018867925,0,False
trecrag,0,backbone,2024-219563,2024-38986,176,67,0.5742574257425742,1,False
trecrag,0,backbone,2024-219563,2024-41849,209,38,0.7111111111111111,1,False
trecrag,0,backbone,2024-219563,2024-42497,165,52,0.7652173913043478,1,False
trecrag,0,backbone,2024-219563,2024-43037,110,52,0.8737864077669902,0,False
trecrag,0,backbone,2024-219563,2024-43983,110,20,0.5714285714285714,1,False
trecrag,0,backbone,2024-219563,2024-44060,66,40,0.925,0,False
trecrag,0,backbone,2024-219563,2024-58819,176,25,0.7906976744186046,0,False
trecrag,0,backbone,2024-219563,2024-73340,77,40,0.8831168831168831,1,False
trecrag,0,backbone,2024-219563,2024-73918,198,28,0.6122448979591837,1,False
trecrag,0,backbone,2024-219563,2024-79081,176,44,0.8041237113402062,1,False
trecrag,0,backbone,2024-219563,2024-79154,99,66,0.9846153846153847,0,False
trecrag,0,backbone,2024-219563,2024-88894,143,26,0.5,1,False
trecrag,0,backbone,2024-219563,2024-94706,120,43,0.8048780487804879,0,False
trecrag,0,backbone,2024-219563,2024-96063,176,18,0.8108108108108109,0,False
trecrag,0,backbone,2024-219563,2024-96359,121,64,0.6122448979591837,1,False
trecrag,0,backbone,2024-219624,2024-105741,176,40,0.7428571428571429,1,False
trecrag,0,backbone,2024-219624,2024-121840,176,40,0.7857142857142857,0,False
trecrag,0,backbone,2024-219624,2024-127266,132,41,0.7578947368421053,1,False
trecrag,0,backbone,2024-219624,2024-129925,121,62,0.8617886178861789,1,False
trecrag,0,backbone,2024-219624,2024-141577,220,81,0.6666666666666666,1,False
trecrag,0,backbone,2024-219624,2024-142395,143,55,0.8214285714285714,1,False
trecrag,0,backbone,2024-219624,2024-143869,220,69,0.8529411764705882,1,False
trecrag,0,backbone,2024-219624,2024-145979,165,90,0.9565217391304348,0,False
trecrag,0,backbone,2024-219624,2024-152259,132,58,0.9344262295081968,0,False
trecrag,0,backbone,2024-219624,2024-152817,176,67,0.916030534351145,1,False
trecrag,0,backbone,2024-219624,2024-153051,154,89,0.9943502824858758,0,False
trecrag,0,backbone,2024-219624,2024-158261,187,21,0.75,0,False
trecrag,0,backbone,2024-219624,2024-158677,198,67,0.6779661016949152,1,False
trecrag,0,backbone,2024-219624,2024-158743,198,46,0.8686868686868687,0,False
trecrag,0,backbone,2024-219624,2024-18963,187,30,0.6885245901639344,1,False
trecrag,0,backbone,2024-219624,2024-19025,132,53,0.5,1,False
trecrag,0,backbone,2024-219624,2024-213469,143,40,0.7951807228915663,0,False
trecrag,0,backbone,2024-219624,2024-213789,143,50,0.656934306569343,1,False
trecrag,0,backbone,2024-219624,2024-213817,143,66,0.9465648854961832,1,False
trecrag,0,backbone,2024-219624,2024-213978,99,16,0.8275862068965517,1,False
trecrag,0,backbone,2024-219624,2024-214096,176,69,0.9076923076923077,0,False
trecrag,0,backbone,2024-219624,2024-214257,110,33,0.927536231884058,0,False
trecrag,0,backbone,2024-219624,2024-214467,77,42,0.9629629629629629,0,False
trecrag,0,backbone,2024-219624,2024-215044,165,19,0.72,1,False
trecrag,0,backbone,2024-219624,2024-215952,110,32,0.7936507936507936,0,False
trecrag,0,backbone,2024-219624,2024-216592,220,75,0.9342105263157895,0,False
trecrag,0,backbone,2024-219624,2024-217279,132,45,0.8604651162790697,0,False
trecrag,0,backbone,2024-219624,2024-217812,140,62,0.9133858267716536,0,False
trecrag,0,backbone,2024-219624,2024-219563,110,43,0.6444444444444445,1,False
trecrag,0,backbone,2024-219624,2024-219624,143,52,0.9532710280373832,0,True
trecrag,0,backbone,2024-219624,2024-224279,165,52,0.6593406593406593,1,False
trecrag,0,backbone,2024-219624,2024-224701,198,83,0.8715083798882681,0,False
trecrag,0,backbone,2024-219624,2024-224926,121,9,0.56,1,False
trecrag,0,backbone,2024-219624,2024-22886,220,83,0.9166666666666666,0,False
trecrag,0,backbone,2024-219624,2024-27366,176,68,0.7603305785123967,1,False
trecrag,0,backbone,2024-219624,2024-29182,165,40,0.9,0,False
trecrag,0,backbone,2024-219624,2024-32912,99,63,0.9354838709677419,1,False
trecrag,0,backbone,2024-219624,2024-35227,198,83,0.8242424242424242,0,False
trecrag,0,backbone,2024-219624,2024-35269,110,56,0.9642857142857143,0,False
trecrag,0,backbone,2024-219624,2024-35284,143,66,0.9618320610687023,0,False
trecrag,0,backbone,2024-219624,2024-35620,187,50,0.9245283018867925,0,False
trecrag,0,backbone,2024-219624,2024-38986,176,67,0.5925925925925926,1,False
trecrag,0,backbone,2024-219624,2024-41849,209,38,0.6938775510204082,1,False
trecrag,0,backbone,2024-219624,2024-42497,165,52,0.7218045112781954,1,False
trecrag,0,backbone,2024-219624,2024-43037,110,52,0.9056603773584906,0,False
trecrag,0,backbone,2024-219624,2024-43983,110,20,0.5714285714285714,1,False
trecrag,0,backbone,2024-219624,2024-44060,66,40,0.963855421686747,0,False
trecrag,0,backbone,2024-219624,2024-58819,176,25,0.8181818181818182,0,False
trecrag,0,backbone,2024-219624,2024-73340,77,40,0.9113924050632911,1,False
trecrag,0,backbone,2024-219624,2024-73918,198,28,0.65625,1,False
trecrag,0,backbone,2024-219624,2024-79081,176,44,0.8163265306122449,1,False
trecrag,0,backbone,2024-219624,2024-79154,99,66,0.9923664122137404,0,False
trecrag,0,backbone,2024-219624,2024-88894,143,26,0.5769230769230769,1,False
trecrag,0,backbone,2024-219624,2024-94706,120,43,0.8470588235294118,0,False
trecrag,0,backbone,2024-219624,2024-96063,176,18,0.8205128205128205,0,False
trecrag,0,backbone,2024-219624,2024-96359,121,64,0.7102803738317757,1,False
trecrag,0,backbone,2024-224279,2024-105741,176,40,0.7246376811594203,1,False
trecrag,0,backbone,2024-224279,2024-121840,176,40,0.759493670886076,0,False
trecrag,0,backbone,2024-224279,2024-127266,132,41,0.7555555555555555,1,False
trecrag,0,backbone,2024-224279,2024-129925,121,62,0.85,1,False
trecrag,0,backbone,2024-224279,2024-141577,220,81,0.656,1,False
trecrag,0,backbone,2024-224279,2024-142395,143,55,0.8333333333333334,1,False
trecrag,0,backbone,2024-224279,2024-143869,220,69,0.835820895522388,1,False
trecrag,0,backbone,2024-224279,2024-145979,165,90,0.96045197740113,0,False
trecrag,0,backbone,2024-224279,2024-152259,132,58,0.9344262295081968,0,False
trecrag,0,backbone,2024-224279,2024-152817,176,67,0.9147286821705426,1,False
trecrag,0,backbone,2024-224279,2024-153051,154,89,0.9943502824858758,0,False
trecrag,0,backbone,2024-224279,2024-158261,187,21,0.782608695652174,0,False
trecrag,0,backbone,2024-224279,2024-158677,198,67,0.6428571428571429,1,False
trecrag,0,backbone,2024-224279,2024-158743,198,46,0.8842105263157894,0,False
trecrag,0,backbone,2024-224279,2024-18963,187,30,0.7368421052631579,1,False
trecrag,0,backbone,2024-224279,2024-19025,132,53,0.5,1,False
trecrag,0,backbone,2024-224279,2024-213469,143,40,0.7692307692307693,0,False
trecrag,0,backbone,2024-224279,2024-213789,143,50,0.6984126984126984,1,False
trecrag,0,backbone,2024-224279,2024-213817,143,66,0.9133858267716536,1,False
trecrag,0,backbone,2024-224279,2024-213978,99,16,0.8125,1,False
trecrag,0,backbone,2024-224279,2024-214096,176,69,0.8992248062015504,0,False
trecrag,0,backbone,2024-224279,2024-214257,110,33,0.927536231884058,0,False
trecrag,0,backbone,2024-224279,2024-214467,77,42,0.95,0,False
trecrag,0,backbone,2024-224279,2024-215044,165,19,0.7391304347826086,1,False
trecrag,0,backbone,2024-224279,2024-215952,110,32,0.847457627118644,0,False
trecrag,0,backbone,2024-224279,2024-216592,220,75,0.9452054794520548,0,False
trecrag,0,backbone,2024-224279,2024-217279,132,45,0.8372093023255814,0,False
trecrag,0,backbone,2024-224279,2024-217812,140,62,0.9133858267716536,0,False
trecrag,0,backbone,2024-224279,2024-219563,110,43,0.6511627906976745,1,False
trecrag,0,backbone,2024-224279,2024-219624,143,52,0.9532710280373832,0,False
trecrag,0,backbone,2024-224279,2024-224279,165,52,0.7391304347826086,1,True
trecrag,0,backbone,2024-224279,2024-224701,198,83,0.8620689655172413,0,False
trecrag,0,backbone,2024-224279,2024-224926,121,9,0.56,1,False
trecrag,0,backbone,2024-224279,2024-22886,220,83,0.9259259259259259,0,False
trecrag,0,backbone,2024-224279,2024-27366,176,68,0.7288135593220338,1,False
trecrag,0,backbone,2024-224279,2024-29182,165,40,0.868421052631579,0,False
trecrag,0,backbone,2024-224279,2024-32912,99,63,0.9421487603305785,1,False
trecrag,0,backbone,2024-224279,2024-35227,198,83,0.7951807228915663,0,False
trecrag,0,backbone,2024-224279,2024-35269,110,56,0.9636363636363636,0,False
trecrag,0,backbone,2024-224279,2024-35284,143,66,0.9612403100775194,0,False
trecrag,0,backbone,2024-224279,2024-35620,187,50,0.9142857142857143,0,False
trecrag,0,backbone,2024-224279,2024-38986,176,67,0.5825242718446602,1,False
trecrag,0,backbone,2024-224279,2024-41849,209,38,0.7311827956989247,1,False
trecrag,0,backbone,2024-224279,2024-42497,165,52,0.7563025210084033,1,False
trecrag,0,backbone,2024-224279,2024-43037,110,52,0.8932038834951457,0,False
trecrag,0,backbone,2024-224279,2024-43983,110,20,0.7441860465116279,1,False
trecrag,0,backbone,2024-224279,2024-44060,66,40,0.925,0,False
trecrag,0,backbone,2024-224279,2024-58819,176,25,0.7727272727272727,0,False
trecrag,0,backbone,2024-224279,2024-73340,77,40,0.9113924050632911,1,False
trecrag,0,backbone,2024-224279,2024-73918,198,28,0.6666666666666666,1,False
trecrag,0,backbone,2024-224279,2024-79081,176,44,0.7692307692307693,1,False
trecrag,0,backbone,2024-224279,2024-79154,99,66,0.9848484848484849,0,False
trecrag,0,backbone,2024-224279,2024-88894,143,26,0.55,1,False
trecrag,0,backbone,2024-224279,2024-94706,120,43,0.7804878048780488,0,False
trecrag,0,backbone,2024-224279,2024-96063,176,18,0.8108108108108109,0,False
trecrag,0,backbone,2024-224279,2024-96359,121,64,0.6285714285714286,1,False
trecrag,0,backbone,2024-224701,2024-105741,176,40,0.6333333333333333,1,False
trecrag,0,backbone,2024-224701,2024-121840,176,40,0.7631578947368421,0,False
trecrag,0,backbone,2024-224701,2024-127266,132,41,0.8,1,False
trecrag,0,backbone,2024-224701,2024-129925,121,62,0.7857142857142857,1,False
trecrag,0,backbone,2024-224701,2024-141577,220,81,0.5470085470085471,1,False
trecrag,0,backbone,2024-224701,2024-142395,143,55,0.7647058823529411,1,False
trecrag,0,backbone,2024-224701,2024-143869,220,69,0.8709677419354839,1,False
trecrag,0,backbone,2024-224701,2024-145979,165,90,0.9485714285714286,0,False
trecrag,0,backbone,2024-224701,2024-152259,132,58,0.9421487603305785,0,False
trecrag,0,backbone,2024-224701,2024-152817,176,67,0.88,1,False
trecrag,0,backbone,2024-224701,2024-153051,154,89,0.9886363636363636,0,False
trecrag,0,backbone,2024-224701,2024-158261,187,21,0.8095238095238095,0,False
trecrag,0,backbone,2024-224701,2024-158677,198,67,0.6226415094339622,1,False
trecrag,0,backbone,2024-224701,2024-158743,198,46,0.8505747126436781,0,False
trecrag,0,backbone,2024-224701,2024-18963,187,30,0.7450980392156863,1,False
trecrag,0,backbone,2024-224701,2024-19025,132,53,0.3880597014925373,1,False
trecrag,0,backbone,2024-224701,2024-213469,143,40,0.821917808219178,0,False
trecrag,0,backbone,2024-224701,2024-213789,143,50,0.6956521739130435,1,False
trecrag,0,backbone,2024-224701,2024-213817,143,66,0.8571428571428571,1,False
trecrag,0,backbone,2024-224701,2024-213978,99,16,0.8275862068965517,1,False
trecrag,0,backbone,2024-224701,2024-214096,176,69,0.890625,0,False
trecrag,0,backbone,2024-224701,2024-214257,110,33,0.927536231884058,0,False
trecrag,0,backbone,2024-224701,2024-214467,77,42,0.9367088607594937,0,False
trecrag,0,backbone,2024-224701,2024-215044,165,19,0.7906976744186046,1,False
trecrag,0,backbone,2024-224701,2024-215952,110,32,0.8,0,False
trecrag,0,backbone,2024-224701,2024-216592,220,75,0.9305555555555556,0,False
trecrag,0,backbone,2024-224701,2024-217279,132,45,0.8292682926829268,0,False
trecrag,0,backbone,2024-224701,2024-217812,140,62,0.9344262295081968,0,False
trecrag,0,backbone,2024-224701,2024-219563,110,43,0.5633802816901409,1,False
trecrag,0,backbone,2024-224701,2024-219624,143,52,0.9423076923076923,0,False
trecrag,0,backbone,2024-224701,2024-224279,165,52,0.5925925925925926,1,False
trecrag,0,backbone,2024-224701,2024-224701,198,83,0.8157894736842105,0,True
trecrag,0,backbone,2024-224701,2024-224926,121,9,0.631578947368421,1,False
trecrag,0,backbone,2024-224701,2024-22886,220,83,0.9113924050632911,0,False
trecrag,0,backbone,2024-224701,2024-27366,176,68,0.48936170212765956,1,False
trecrag,0,backbone,2024-224701,2024-29182,165,40,0.868421052631579,0,False
trecrag,0,backbone,2024-224701,2024-32912,99,63,0.9243697478991597,1,False
trecrag,0,backbone,2024-224701,2024-35227,198,83,0.7973856209150327,0,False
trecrag,0,backbone,2024-224701,2024-35269,110,56,0.9541284403669725,0,False
trecrag,0,backbone,2024-224701,2024-35284,143,66,0.9612403100775194,0,False
trecrag,0,backbone,2024-224701,2024-35620,187,50,0.9320388349514563,0,False
trecrag,0,backbone,2024-224701,2024-38986,176,67,0.5531914893617021,1,False
trecrag,0,backbone,2024-224701,2024-41849,209,38,0.7560975609756098,1,False
trecrag,0,backbone,2024-224701,2024-42497,165,52,0.8073394495412844,1,False
trecrag,0,backbone,2024-224701,2024-43037,110,52,0.8484848484848485,0,False
trecrag,0,backbone,2024-224701,2024-43983,110,20,0.7692307692307693,1,False
trecrag,0,backbone,2024-224701,2024-44060,66,40,0.9090909090909091,0,False
trecrag,0,backbone,2024-224701,2024-58819,176,25,0.7906976744186046,0,False
trecrag,0,backbone,2024-224701,2024-73340,77,40,0.868421052631579,1,False
trecrag,0,backbone,2024-224701,2024-73918,198,28,0.6086956521739131,1,False
trecrag,0,backbone,2024-224701,2024-79081,176,44,0.7848101265822784,1,False
trecrag,0,backbone,2024-224701,2024-79154,99,66,0.9846153846153847,0,False
trecrag,0,backbone,2024-224701,2024-88894,143,26,0.35294117647058826,1,False
trecrag,0,backbone,2024-224701,2024-94706,120,43,0.7272727272727273,0,False
trecrag,0,backbone,2024-224701,2024-96063,176,18,0.7878787878787878,0,False
trecrag,0,backbone,2024-224701,2024-96359,121,64,0.5057471264367817,1,False
trecrag,0,backbone,2024-224926,2024-105741,176,40,0.6349206349206349,1,False
trecrag,0,backbone,2024-224926,2024-121840,176,40,0.7631578947368421,0,False
trecrag,0,backbone,2024-224926,2024-127266,132,41,0.7764705882352941,1,False
trecrag,0,backbone,2024-224926,2024-129925,121,62,0.7787610619469026,1,False
trecrag,0,backbone,2024-224926,2024-141577,220,81,0.6065573770491803,1,False
trecrag,0,backbone,2024-224926,2024-142395,143,55,0.7551020408163265,1,False
trecrag,0,backbone,2024-224926,2024-143869,220,69,0.8702290076335878,1,False
trecrag,0,backbone,2024-224926,2024-145979,165,90,0.9497206703910615,0,False
trecrag,0,backbone,2024-224926,2024-152259,132,58,0.9421487603305785,0,False
trecrag,0,backbone,2024-224926,2024-152817,176,67,0.88,1,False
trecrag,0,backbone,2024-224926,2024-153051,154,89,0.9886363636363636,0,False
trecrag,0,backbone,2024-224926,2024-158261,187,21,0.8,0,False
trecrag,0,backbone,2024-224926,2024-158677,198,67,0.5904761904761905,1,False
trecrag,0,backbone,2024-224926,2024-158743,198,46,0.7857142857142857,0,False
trecrag,0,backbone,2024-224926,2024-18963,187,30,0.7547169811320755,1,False
trecrag,0,backbone,2024-224926,2024-19025,132,53,0.4117647058823529,1,False
trecrag,0,backbone,2024-224926,2024-213469,143,40,0.8108108108108109,0,False
trecrag,0,backbone,2024-224926,2024-213789,143,50,0.6870229007633588,1,False
trecrag,0,backbone,2024-224926,2024-213817,143,66,0.8852459016393442,1,False
trecrag,0,backbone,2024-224926,2024-213978,99,16,0.8275862068965517,1,False
trecrag,0,backbone,2024-224926,2024-214096,176,69,0.8992248062015504,0,False
trecrag,0,backbone,2024-224926,2024-214257,110,33,0.927536231884058,0,False
trecrag,0,backbone,2024-224926,2024-214467,77,42,0.9367088607594937,0,False
trecrag,0,backbone,2024-224926,2024-215044,165,19,0.782608695652174,1,False
trecrag,0,backbone,2024-224926,2024-215952,110,32,0.8135593220338984,0,False
trecrag,0,backbone,2024-224926,2024-216592,220,75,0.918918918918919,0,False
trecrag,0,backbone,2024-224926,2024-217279,132,45,0.8433734939759037,0,False
trecrag,0,backbone,2024-224926,2024-217812,140,62,0.9344262295081968,0,False
trecrag,0,backbone,2024-224926,2024-219563,110,43,0.6341463414634146,1,False
trecrag,0,backbone,2024-224926,2024-219624,143,52,0.9433962264150944,0,False
trecrag,0,backbone,2024-224926,2024-224279,165,52,0.55,1,False
trecrag,0,backbone,2024-224926,2024-224701,198,83,0.8402366863905325,0,False
trecrag,0,backbone,2024-224926,2024-224926,121,9,0.8,1,True
trecrag,0,backbone,2024-224926,2024-22886,220,83,0.9192546583850931,0,False
trecrag,0,backbone,2024-224926,2024-27366,176,68,0.6285714285714286,1,False
trecrag,0,backbone,2024-224926,2024-29182,165,40,0.8571428571428571,0,False
trecrag,0,backbone,2024-224926,2024-32912,99,63,0.8695652173913043,1,False
trecrag,0,backbone,2024-224926,2024-35227,198,83,0.8,0,False
trecrag,0,backbone,2024-224926,2024-35269,110,56,0.9629629629629629,0,False
trecrag,0,backbone,2024-224926,2024-35284,143,66,0.9612403100775194,0,False
trecrag,0,backbone,2024-224926,2024-35620,187,50,0.9320388349514563,0,False
trecrag,0,backbone,2024-224926,2024-38986,176,67,0.5684210526315789,1,False
trecrag,0,backbone,2024-224926,2024-41849,209,38,0.7640449438202247,1,False
trecrag,0,backbone,2024-224926,2024-42497,165,52,0.7719298245614035,1,False
trecrag,0,backbone,2024-224926,2024-43037,110,52,0.8686868686868687,0,False
trecrag,0,backbone,2024-224926,2024-43983,110,20,0.7,1,False
trecrag,0,backbone,2024-224926,2024-44060,66,40,0.9113924050632911,0,False
trecrag,0,backbone,2024-224926,2024-58819,176,25,0.7906976744186046,0,False
trecrag,0,backbone,2024-224926,2024-73340,77,40,0.8571428571428571,1,False
trecrag,0,backbone,2024-224926,2024-73918,198,28,0.6896551724137931,1,False
trecrag,0,backbone,2024-224926,2024-79081,176,44,0.75,1,False
trecrag,0,backbone,2024-224926,2024-79154,99,66,0.9846153846153847,0,False
trecrag,0,backbone,2024-224926,2024-88894,143,26,0.45714285714285713,1,False
trecrag,0,backbone,2024-224926,2024-94706,120,43,0.6666666666666666,0,False
trecrag,0,backbone,2024-224926,2024-96063,176,18,0.6666666666666666,0,False
trecrag,0,backbone,2024-224926,2024-96359,121,64,0.5531914893617021,1,False
trecrag,0,backbone,2024-22886,2024-105741,176,40,0.7714285714285715,1,False
trecrag,0,backbone,2024-22886,2024-121840,176,40,0.75,0,False
trecrag,0,backbone,2024-22886,2024-127266,132,41,0.7608695652173914,1,False
trecrag,0,backbone,2024-22886,2024-129925,121,62,0.8173913043478261,1,False
trecrag,0,backbone,2024-22886,2024-141577,220,81,0.671875,1,False
trecrag,0,backbone,2024-22886,2024-142395,143,55,0.8141592920353983,1,False
trecrag,0,backbone,2024-22886,2024-143869,220,69,0.8333333333333334,1,False
trecrag,0,backbone,2024-22886,2024-145979,165,90,0.9666666666666667,0,False
trecrag,0,backbone,2024-22886,2024-152259,132,58,0.9421487603305785,0,False
trecrag,0,backbone,2024-22886,2024-152817,176,67,0.90625,1,False
trecrag,0,backbone,2024-22886,2024-153051,154,89,0.9943502824858758,0,False
trecrag,0,backbone,2024-22886,2024-158261,187,21,0.723404255319149,0,False
trecrag,0,backbone,2024-22886,2024-158677,198,67,0.631578947368421,1,False
trecrag,0,backbone,2024-22886,2024-158743,198,46,0.8421052631578947,0,False
trecrag,0,backbone,2024-22886,2024-18963,187,30,0.7017543859649122,1,False
trecrag,0,backbone,2024-22886,2024-19025,132,53,0.4722222222222222,1,False
trecrag,0,backbone,2024-22886,2024-213469,143,40,0.7848101265822784,0,False
trecrag,0,backbone,2024-22886,2024-213789,143,50,0.6573426573426573,1,False
trecrag,0,backbone,2024-22886,2024-213817,143,66,0.9473684210526315,1,False
trecrag,0,backbone,2024-22886,2024-213978,99,16,0.8,1,False
trecrag,0,backbone,2024-22886,2024-214096,176,69,0.9076923076923077,0,False
trecrag,0,backbone,2024-22886,2024-214257,110,33,0.927536231884058,0,False
trecrag,0,backbone,2024-22886,2024-214467,77,42,0.95,0,False
trecrag,0,backbone,2024-22886,2024-215044,165,19,0.7659574468085106,1,False
trecrag,0,backbone,2024-22886,2024-215952,110,32,0.8135593220338984,0,False
trecrag,0,backbone,2024-22886,2024-216592,220,75,0.9333333333333333,0,False
trecrag,0,backbone,2024-22886,2024-217279,132,45,0.8863636363636364,0,False
trecrag,0,backbone,2024-22886,2024-217812,140,62,0.9133858267716536,0,False
trecrag,0,backbone,2024-22886,2024-219563,110,43,0.6746987951807228,1,False
trecrag,0,backbone,2024-22886,2024-219624,143,52,0.9333333333333333,0,False
trecrag,0,backbone,2024-22886,2024-224279,165,52,0.6304347826086957,1,False
trecrag,0,backbone,2024-22886,2024-224701,198,83,0.8670520231213873,0,False
trecrag,0,backbone,2024-22886,2024-224926,121,9,0.56,1,False
trecrag,0,backbone,2024-22886,2024-22886,220,83,0.926829268292683,0,True
trecrag,0,backbone,2024-22886,2024-27366,176,68,0.6363636363636364,1,False
trecrag,0,backbone,2024-22886,2024-29182,165,40,0.8974358974358975,0,False
trecrag,0,backbone,2024-22886,2024-32912,99,63,0.928,1,False
trecrag,0,backbone,2024-22886,2024-35227,198,83,0.8121212121212121,0,False
trecrag,0,backbone,2024-22886,2024-35269,110,56,0.972972972972973,0,False
trecrag,0,backbone,2024-22886,2024-35284,143,66,0.9692307692307692,0,False
trecrag,0,backbone,2024-22886,2024-35620,187,50,0.9320388349514563,0,False
trecrag,0,backbone,2024-22886,2024-38986,176,67,0.5892857142857143,1,False
trecrag,0,backbone,2024-22886,2024-41849,209,38,0.7010309278350515,1,False
trecrag,0,backbone,2024-22886,2024-42497,165,52,0.703125,1,False
trecrag,0,backbone,2024-22886,2024-43037,110,52,0.8867924528301887,0,False
trecrag,0,backbone,2024-22886,2024-43983,110,20,0.6976744186046512,1,False
trecrag,0,backbone,2024-22886,2024-44060,66,40,0.9512195121951219,0,False
trecrag,0,backbone,2024-22886,2024-58819,176,25,0.8444444444444444,0,False
trecrag,0,backbone,2024-22886,2024-73340,77,40,0.9,1,False
trecrag,0,backbone,2024-22886,2024-73918,198,28,0.6349206349206349,1,False
trecrag,0,backbone,2024-22886,2024-79081,176,44,0.8125,1,False
trecrag,0,backbone,2024-22886,2024-79154,99,66,0.9846153846153847,0,False
trecrag,0,backbone,2024-22886,2024-88894,143,26,0.5,1,False
trecrag,0,backbone,2024-22886,2024-94706,120,43,0.8333333333333334,0,False
trecrag,0,backbone,2024-22886,2024-96063,176,18,0.8108108108108109,0,False
trecrag,0,backbone,2024-22886,2024-96359,121,64,0.6730769230769231,1,False
trecrag,0,backbone,2024-27366,2024-105741,176,40,0.7428571428571429,1,False
trecrag,0,backbone,2024-27366,2024-121840,176,40,0.7654320987654321,0,False
trecrag,0,backbone,2024-27366,2024-127266,132,41,0.7070707070707071,1,False
trecrag,0,backbone,2024-27366,2024-129925,121,62,0.8780487804878049,1,False
trecrag,0,backbone,2024-27366,2024-141577,220,81,0.7014925373134329,1,False
trecrag,0,backbone,2024-27366,2024-142395,143,55,0.7899159663865546,1,False
trecrag,0,backbone,2024-27366,2024-143869,220,69,0.8613138686131386,1,False
trecrag,0,backbone,2024-27366,2024-145979,165,90,0.9560439560439561,0,False
trecrag,0,backbone,2024-27366,2024-152259,132,58,0.9344262295081968,0,False
trecrag,0,backbone,2024-27366,2024-152817,176,67,0.8976377952755905,1,False
trecrag,0,backbone,2024-27366,2024-153051,154,89,0.9943502824858758,0,False
trecrag,0,backbone,2024-27366,2024-158261,187,21,0.7346938775510204,0,False
trecrag,0,backbone,2024-27366,2024-158677,198,67,0.7107438016528925,1,False
trecrag,0,backbone,2024-27366,2024-158743,198,46,0.8571428571428571,0,False
trecrag,0,backbone,2024-27366,2024-18963,187,30,0.7241379310344828,1,False
trecrag,0,backbone,2024-27366,2024-19025,132,53,0.6172839506172839,1,False
trecrag,0,backbone,2024-27366,2024-213469,143,40,0.7710843373493976,0,False
trecrag,0,backbone,2024-27366,2024-213789,143,50,0.6363636363636364,1,False
trecrag,0,backbone,2024-27366,2024-213817,143,66,0.9545454545454546,1,False
trecrag,0,backbone,2024-27366,2024-213978,99,16,0.8125,1,False
trecrag,0,backbone,2024-27366,2024-214096,176,69,0.9076923076923077,0,False
trecrag,0,backbone,2024-27366,2024-214257,110,33,0.927536231884058,0,False
trecrag,0,backbone,2024-27366,2024-214467,77,42,0.9629629629629629,0,False
trecrag,0,backbone,2024-27366,2024-215044,165,19,0.7659574468085106,1,False
trecrag,0,backbone,2024-27366,2024-215952,110,32,0.8064516129032258,0,False
trecrag,0,backbone,2024-27366,2024-216592,220,75,0.9271523178807947,0,False
trecrag,0,backbone,2024-27366,2024-217279,132,45,0.8735632183908046,0,False
trecrag,0,backbone,2024-27366,2024-217812,140,62,0.9032258064516129,0,False
trecrag,0,backbone,2024-27366,2024-219563,110,43,0.75,1,False
trecrag,0,backbone,2024-27366,2024-219624,143,52,0.9433962264150944,0,False
trecrag,0,backbone,2024-27366,2024-224279,165,52,0.6947368421052632,1,False
trecrag,0,backbone,2024-27366,2024-224701,198,83,0.8587570621468926,0,False
trecrag,0,backbone,2024-27366,2024-224926,121,9,0.5333333333333333,1,False
trecrag,0,backbone,2024-27366,2024-22886,220,83,0.9333333333333333,0,False
trecrag,0,backbone,2024-27366,2024-27366,176,68,0.8721804511278195,1,True
trecrag,0,backbone,2024-27366,2024-29182,165,40,0.8974358974358975,0,False
trecrag,0,backbone,2024-27366,2024-32912,99,63,0.9344262295081968,1,False
trecrag,0,backbone,2024-27366,2024-35227,198,83,0.8047337278106509,0,False
trecrag,0,backbone,2024-27366,2024-35269,110,56,0.9821428571428571,0,False
trecrag,0,backbone,2024-27366,2024-35284,143,66,0.9618320610687023,0,False
trecrag,0,backbone,2024-27366,2024-35620,187,50,0.8888888888888888,0,False
trecrag,0,backbone,2024-27366,2024-38986,176,67,0.5555555555555556,1,False
trecrag,0,backbone,2024-27366,2024-41849,209,38,0.6868686868686869,1,False
trecrag,0,backbone,2024-27366,2024-42497,165,52,0.656934306569343,1,False
trecrag,0,backbone,2024-27366,2024-43037,110,52,0.8952380952380953,0,False
trecrag,0,backbone,2024-27366,2024-43983,110,20,0.6938775510204082,1,False
trecrag,0,backbone,2024-27366,2024-44060,66,40,0.9411764705882353,0,False
trecrag,0,backbone,2024-27366,2024-58819,176,25,0.7916666666666666,0,False
trecrag,0,backbone,2024-27366,2024-73340,77,40,0.9,1,False
trecrag,0,backbone,2024-27366,2024-73918,198,28,0.6086956521739131,1,False
trecrag,0,backbone,2024-27366,2024-79081,176,44,0.7722772277227723,1,False
trecrag,0,backbone,2024-27366,2024-79154,99,66,0.9923664122137404,0,False
trecrag,0,backbone,2024-27366,2024-88894,143,26,0.5384615384615384,1,False
trecrag,0,backbone,2024-27366,2024-94706,120,43,0.8372093023255814,0,False
trecrag,0,backbone,2024-27366,2024-96063,176,18,0.8205128205128205,0,False
trecrag,0,backbone,2024-27366,2024-96359,121,64,0.6788990825688074,1,False
trecrag,0,backbone,2024-29182,2024-105741,176,40,0.7164179104477612,1,False
trecrag,0,backbone,2024-29182,2024-121840,176,40,0.7631578947368421,0,False
trecrag,0,backbone,2024-29182,2024-127266,132,41,0.8,1,False
trecrag,0,backbone,2024-29182,2024-129925,121,62,0.847457627118644,1,False
trecrag,0,backbone,2024-29182,2024-141577,220,81,0.64,1,False
trecrag,0,backbone,2024-29182,2024-142395,143,55,0.780952380952381,1,False
trecrag,0,backbone,2024-29182,2024-143869,220,69,0.8805970149253731,1,False
trecrag,0,backbone,2024-29182,2024-145979,165,90,0.9666666666666667,0,False
trecrag,0,backbone,2024-29182,2024-152259,132,58,0.9344262295081968,0,False
trecrag,0,backbone,2024-29182,2024-152817,176,67,0.8976377952755905,1,False
trecrag,0,backbone,2024-29182,2024-153051,154,89,0.9943502824858758,0,False
trecrag,0,backbone,2024-29182,2024-158261,187,21,0.7391304347826086,0,False
trecrag,0,backbone,2024-29182,2024-158677,198,67,0.6548672566371682,1,False
trecrag,0,backbone,2024-29182,2024-158743,198,46,0.8817204301075269,0,False
trecrag,0,backbone,2024-29182,2024-18963,187,30,0.7142857142857143,1,False
trecrag,0,backbone,2024-29182,2024-19025,132,53,0.5,1,False
trecrag,0,backbone,2024-29182,2024-213469,143,40,0.7948717948717948,0,False
trecrag,0,backbone,2024-29182,2024-213789,143,50,0.6825396825396826,1,False
trecrag,0,backbone,2024-29182,2024-213817,143,66,0.8688524590163934,1,False
trecrag,0,backbone,2024-29182,2024-213978,99,16,0.7741935483870968,1,False
trecrag,0,backbone,2024-29182,2024-214096,176,69,0.8992248062015504,0,False
trecrag,0,backbone,2024-29182,2024-214257,110,33,0.927536231884058,0,False
trecrag,0,backbone,2024-29182,2024-214467,77,42,0.95,0,False
trecrag,0,backbone,2024-29182,2024-215044,165,19,0.8181818181818182,1,False
trecrag,0,backbone,2024-29182,2024-215952,110,32,0.847457627118644,0,False
trecrag,0,backbone,2024-29182,2024-216592,220,75,0.9324324324324325,0,False
trecrag,0,backbone,2024-29182,2024-217279,132,45,0.8604651162790697,0,False
trecrag,0,backbone,2024-29182,2024-217812,140,62,0.9047619047619048,0,False
trecrag,0,backbone,2024-29182,2024-219563,110,43,0.6419753086419753,1,False
trecrag,0,backbone,2024-29182,2024-219624,143,52,0.9433962264150944,0,False
trecrag,0,backbone,2024-29182,2024-224279,165,52,0.651685393258427,1,False
trecrag,0,backbone,2024-29182,2024-224701,198,83,0.8554913294797688,0,False
trecrag,0,backbone,2024-29182,2024-224926,121,9,0.5,1,False
trecrag,0,backbone,2024-29182,2024-22886,220,83,0.9259259259259259,0,False
trecrag,0,backbone,2024-29182,2024-27366,176,68,0.616822429906542,1,False
trecrag,0,backbone,2024-29182,2024-29182,165,40,0.8831168831168831,0,True
trecrag,0,backbone,2024-29182,2024-32912,99,63,0.9421487603305785,1,False
trecrag,0,backbone,2024-29182,2024-35227,198,83,0.8220858895705522,0,False
trecrag,0,backbone,2024-29182,2024-35269,110,56,0.972972972972973,0,False
trecrag,0,backbone,2024-29182,2024-35284,143,66,0.9612403100775194,0,False
trecrag,0,backbone,2024-29182,2024-35620,187,50,0.9142857142857143,0,False
trecrag,0,backbone,2024-29182,2024-38986,176,67,0.5742574257425742,1,False
trecrag,0,backbone,2024-29182,2024-41849,209,38,0.7272727272727273,1,False
trecrag,0,backbone,2024-29182,2024-42497,165,52,0.7521367521367521,1,False
trecrag,0,backbone,2024-29182,2024-43037,110,52,0.8653846153846154,0,False
trecrag,0,backbone,2024-29182,2024-43983,110,20,0.6511627906976745,1,False
trecrag,0,backbone,2024-29182,2024-44060,66,40,0.9113924050632911,0,False
trecrag,0,backbone,2024-29182,2024-58819,176,25,0.7906976744186046,0,False
trecrag,0,backbone,2024-29182,2024-73340,77,40,0.9113924050632911,1,False
trecrag,0,backbone,2024-29182,2024-73918,198,28,0.6666666666666666,1,False
trecrag,0,backbone,2024-29182,2024-79081,176,44,0.7912087912087912,1,False
trecrag,0,backbone,2024-29182,2024-79154,99,66,0.9846153846153847,0,False
trecrag,0,backbone,2024-29182,2024-88894,143,26,0.45,1,False
trecrag,0,backbone,2024-29182,2024-94706,120,43,0.759493670886076,0,False
trecrag,0,backbone,2024-29182,2024-96063,176,18,0.7777777777777778,0,False
trecrag,0,backbone,2024-29182,2024-96359,121,64,0.6407766990291263,1,False
trecrag,0,backbone,2024-32912,2024-105741,176,40,0.8205128205128205,1,False
trecrag,0,backbone,2024-32912,2024-121840,176,40,0.782608695652174,0,False
trecrag,0,backbone,2024-32912,2024-127266,132,41,0.6495726495726496,1,False
trecrag,0,backbone,2024-32912,2024-129925,121,62,0.8529411764705882,1,False
trecrag,0,backbone,2024-32912,2024-141577,220,81,0.7466666666666667,1,False
trecrag,0,backbone,2024-32912,2024-142395,143,55,0.7938931297709924,1,False
trecrag,0,backbone,2024-32912,2024-143869,220,69,0.802547770700637,1,False
trecrag,0,backbone,2024-32912,2024-145979,165,90,0.9319371727748691,0,False
trecrag,0,backbone,2024-32912,2024-152259,132,58,0.912,0,False
trecrag,0,backbone,2024-32912,2024-152817,176,67,0.9343065693430657,1,False
trecrag,0,backbone,2024-32912,2024-153051,154,89,0.9834254143646409,0,False
trecrag,0,backbone,2024-32912,2024-158261,187,21,0.75,0,False
trecrag,0,backbone,2024-32912,2024-158677,198,67,0.7074829931972789,1,False
trecrag,0,backbone,2024-32912,2024-158743,198,46,0.7964601769911505,0,False
trecrag,0,backbone,2024-32912,2024-18963,187,30,0.6190476190476191,1,False
trecrag,0,backbone,2024-32912,2024-19025,132,53,0.7578947368421053,1,False
trecrag,0,backbone,2024-32912,2024-213469,143,40,0.7526881720430108,0,False
trecrag,0,backbone,2024-32912,2024-213789,143,50,0.6012269938650306,1,False
trecrag,0,backbone,2024-32912,2024-213817,143,66,0.9705882352941176,1,False
trecrag,0,backbone,2024-32912,2024-213978,99,16,0.8125,1,False
trecrag,0,backbone,2024-32912,2024-214096,176,69,0.8888888888888888,0,False
trecrag,0,backbone,2024-32912,2024-214257,110,33,0.9041095890410958,0,False
trecrag,0,backbone,2024-32912,2024-214467,77,42,0.9512195121951219,0,False
trecrag,0,backbone,2024-32912,2024-215044,165,19,0.6031746031746031,1,False
trecrag,0,backbone,2024-32912,2024-215952,110,32,0.7941176470588235,0,False
trecrag,0,backbone,2024-32912,2024-216592,220,75,0.9171974522292994,0,False
trecrag,0,backbone,2024-32912,2024-217279,132,45,0.9052631578947369,0,False
trecrag,0,backbone,2024-32912,2024-217812,140,62,0.8787878787878788,0,False
trecrag,0,backbone,2024-32912,2024-219563,110,43,0.6727272727272727,1,False
trecrag,0,backbone,2024-32912,2024-219624,143,52,0.9285714285714286,0,False
trecrag,0,backbone,2024-32912,2024-224279,165,52,0.6386554621848739,1,False
trecrag,0,backbone,2024-32912,2024-224701,198,83,0.8315789473684211,0,False
trecrag,0,backbone,2024-32912,2024-224926,121,9,0.46153846153846156,1,False
trecrag,0,backbone,2024-32912,2024-22886,220,83,0.8977272727272727,0,False
trecrag,0,backbone,2024-32912,2024-27366,176,68,0.7466666666666667,1,False
trecrag,0,backbone,2024-32912,2024-29182,165,40,0.8705882352941177,0,False
trecrag,0,backbone,2024-32912,2024-32912,99,63,0.9612403100775194,1,True
trecrag,0,backbone,2024-32912,2024-35227,198,83,0.7821229050279329,0,False
trecrag,0,backbone,2024-32912,2024-35269,110,56,0.9482758620689655,0,False
trecrag,0,backbone,2024-32912,2024-35284,143,66,0.9629629629629629,0,False
trecrag,0,backbone,2024-32912,2024-35620,187,50,0.8620689655172413,0,False
trecrag,0,backbone,2024-32912,2024-38986,176,67,0.618421052631579,1,False
trecrag,0,backbone,2024-32912,2024-41849,209,38,0.578125,1,False
trecrag,0,backbone,2024-32912,2024-42497,165,52,0.6097560975609756,1,False
trecrag,0,backbone,2024-32912,2024-43037,110,52,0.8828828828828829,0,False
trecrag,0,backbone,2024-32912,2024-43983,110,20,0.48,1,False
trecrag,0,backbone,2024-32912,2024-44060,66,40,0.9302325581395349,0,False
trecrag,0,backbone,2024-32912,2024-58819,176,25,0.7457627118644068,0,False
trecrag,0,backbone,2024-32912,2024-73340,77,40,0.891566265060241,1,False
trecrag,0,backbone,2024-32912,2024-73918,198,28,0.5287356321839081,1,False
trecrag,0,backbone,2024-32912,2024-79081,176,44,0.711864406779661,1,False
trecrag,0,backbone,2024-32912,2024-79154,99,66,0.9774436090225563,0,False
trecrag,0,backbone,2024-32912,2024-88894,143,26,0.5217391304347826,1,False
trecrag,0,backbone,2024-32912,2024-94706,120,43,0.8842105263157894,0,False
trecrag,0,backbone,2024-32912,2024-96063,176,18,0.7111111111111111,0,False
trecrag,0,backbone,2024-32912,2024-96359,121,64,0.7441860465116279,1,False
trecrag,0,backbone,2024-35227,2024-105741,176,40,0.7536231884057971,1,False
trecrag,0,backbone,2024-35227,2024-121840,176,40,0.75,0,False
trecrag,0,backbone,2024-35227,2024-127266,132,41,0.7472527472527473,1,False
trecrag,0,backbone,2024-35227,2024-129925,121,62,0.8780487804878049,1,False
trecrag,0,backbone,2024-35227,2024-141577,220,81,0.6875,1,False
trecrag,0,backbone,2024-35227,2024-142395,143,55,0.831858407079646,1,False
trecrag,0,backbone,2024-35227,2024-143869,220,69,0.8368794326241135,1,False
trecrag,0,backbone,2024-35227,2024-145979,165,90,0.9720670391061452,0,False
trecrag,0,backbone,2024-35227,2024-152259,132,58,0.9344262295081968,0,False
trecrag,0,backbone,2024-35227,2024-152817,176,67,0.90625,1,False
trecrag,0,backbone,2024-35227,2024-153051,154,89,0.9943502824858758,0,False
trecrag,0,backbone,2024-35227,2024-158261,187,21,0.75,0,False
trecrag,0,backbone,2024-35227,2024-158677,198,67,0.7,1,False
trecrag,0,backbone,2024-35227,2024-158743,198,46,0.8484848484848485,0,False
trecrag,0,backbone,2024-35227,2024-18963,187,30,0.7,1,False
trecrag,0,backbone,2024-35227,2024-19025,132,53,0.4722222222222222,1,False
trecrag,0,backbone,2024-35227,2024-213469,143,40,0.8148148148148148,0,False
trecrag,0,backbone,2024-35227,2024-213789,143,50,0.6474820143884892,1,False
trecrag,0,backbone,2024-35227,2024-213817,143,66,0.9384615384615385,1,False
trecrag,0,backbone,2024-35227,2024-213978,99,16,0.7878787878787878,1,False
trecrag,0,backbone,2024-35227,2024-214096,176,69,0.9007633587786259,0,False
trecrag,0,backbone,2024-35227,2024-214257,110,33,0.927536231884058,0,False
trecrag,0,backbone,2024-35227,2024-214467,77,42,0.9629629629629629,0,False
trecrag,0,backbone,2024-35227,2024-215044,165,19,0.75,1,False
trecrag,0,backbone,2024-35227,2024-215952,110,32,0.8135593220338984,0,False
trecrag,0,backbone,2024-35227,2024-216592,220,75,0.9261744966442953,0,False
trecrag,0,backbone,2024-35227,2024-217279,132,45,0.8705882352941177,0,False
trecrag,0,backbone,2024-35227,2024-217812,140,62,0.9133858267716536,0,False
trecrag,0,backbone,2024-35227,2024-219563,110,43,0.7096774193548387,1,False
trecrag,0,backbone,2024-35227,2024-219624,143,52,0.9532710280373832,0,False
trecrag,0,backbone,2024-35227,2024-224279,165,52,0.6526315789473685,1,False
trecrag,0,backbone,2024-35227,2024-224701,198,83,0.8555555555555555,0,False
trecrag,0,backbone,2024-35227,2024-224926,121,9,0.5161290322580645,1,False
trecrag,0,backbone,2024-35227,2024-22886,220,83,0.926829268292683,0,False
trecrag,0,backbone,2024-35227,2024-27366,176,68,0.6942148760330579,1,False
trecrag,0,backbone,2024-35227,2024-29182,165,40,0.9113924050632911,0,False
trecrag,0,backbone,2024-35227,2024-32912,99,63,0.9105691056910569,1,False
trecrag,0,backbone,2024-35227,2024-35227,198,83,0.8553459119496856,0,True
trecrag,0,backbone,2024-35227,2024-35269,110,56,0.9821428571428571,0,False
trecrag,0,backbone,2024-35227,2024-35284,143,66,0.9692307692307692,0,False
trecrag,0,backbone,2024-35227,2024-35620,187,50,0.9056603773584906,0,False
trecrag,0,backbone,2024-35227,2024-38986,176,67,0.5686274509803921,1,False
trecrag,0,backbone,2024-35227,2024-41849,209,38,0.7216494845360825,1,False
trecrag,0,backbone,2024-35227,2024-42497,165,52,0.7142857142857143,1,False
trecrag,0,backbone,2024-35227,2024-43037,110,52,0.8823529411764706,0,False
trecrag,0,backbone,2024-35227,2024-43983,110,20,0.6808510638297872,1,False
trecrag,0,backbone,2024-35227,2024-44060,66,40,0.9512195121951219,0,False
trecrag,0,backbone,2024-35227,2024-58819,176,25,0.782608695652174,0,False
trecrag,0,backbone,2024-35227,2024-73340,77,40,0.8888888888888888,1,False
trecrag,0,backbone,2024-35227,2024-73918,198,28,0.6060606060606061,1,False
trecrag,0,backbone,2024-35227,2024-79081,176,44,0.8080808080808081,1,False
trecrag,0,backbone,2024-35227,2024-79154,99,66,0.9923664122137404,0,False
trecrag,0,backbone,2024-35227,2024-88894,143,26,0.5,1,False
trecrag,0,backbone,2024-35227,2024-94706,120,43,0.8505747126436781,0,False
trecrag,0,backbone,2024-35227,2024-96063,176,18,0.8,0,False
trecrag,0,backbone,2024-35227,2024-96359,121,64,0.6666666666666666,1,False
trecrag,0,backbone,2024-35269,2024-105741,176,40,0.7605633802816901,1,False
trecrag,0,backbone,2024-35269,2024-121840,176,40,0.7764705882352941,0,False
trecrag,0,backbone,2024-35269,2024-127266,132,41,0.7216494845360825,1,False
trecrag,0,backbone,2024-35269,2024-129925,121,62,0.848,1,False
trecrag,0,backbone,2024-35269,2024-141577,220,81,0.6870229007633588,1,False
trecrag,0,backbone,2024-35269,2024-142395,143,55,0.8130081300813008,1,False
trecrag,0,backbone,2024-35269,2024-143869,220,69,0.8805970149253731,1,False
trecrag,0,backbone,2024-35269,2024-145979,165,90,0.9560439560439561,0,False
trecrag,0,backbone,2024-35269,2024-152259,132,58,0.9344262295081968,0,False
trecrag,0,backbone,2024-35269,2024-152817,176,67,0.9147286821705426,1,False
trecrag,0,backbone,2024-35269,2024-153051,154,89,0.9943502824858758,0,False
trecrag,0,backbone,2024-35269,2024-158261,187,21,0.72,0,False
trecrag,0,backbone,2024-35269,2024-158677,198,67,0.6949152542372882,1,False
trecrag,0,backbone,2024-35269,2024-158743,198,46,0.8571428571428571,0,False
trecrag,0,backbone,2024-35269,2024-18963,187,30,0.6666666666666666,1,False
trecrag,0,backbone,2024-35269,2024-19025,132,53,0.5263157894736842,1,False
trecrag,0,backbone,2024-35269,2024-213469,143,40,0.7804878048780488,0,False
trecrag,0,backbone,2024-35269,2024-213789,143,50,0.676923076923077,1,False
trecrag,0,backbone,2024-35269,2024-213817,143,66,0.9465648854961832,1,False
trecrag,0,backbone,2024-35269,2024-213978,99,16,0.8,1,False
trecrag,0,backbone,2024-35269,2024-214096,176,69,0.9007633587786259,0,False
trecrag,0,backbone,2024-35269,2024-214257,110,33,0.9428571428571428,0,False
trecrag,0,backbone,2024-35269,2024-214467,77,42,0.9629629629629629,0,False
trecrag,0,backbone,2024-35269,2024-215044,165,19,0.6923076923076923,1,False
trecrag,0,backbone,2024-35269,2024-215952,110,32,0.8333333333333334,0,False
trecrag,0,backbone,2024-35269,2024-216592,220,75,0.9333333333333333,0,False
trecrag,0,backbone,2024-35269,2024-217279,132,45,0.8604651162790697,0,False
trecrag,0,backbone,2024-35269,2024-217812,140,62,0.8992248062015504,0,False
trecrag,0,backbone,2024-35269,2024-219563,110,43,0.6804123711340206,1,False
trecrag,0,backbone,2024-35269,2024-219624,143,52,0.9433962264150944,0,False
trecrag,0,backbone,2024-35269,2024-224279,165,52,0.6464646464646465,1,False
trecrag,0,backbone,2024-35269,2024-224701,198,83,0.8636363636363636,0,False
trecrag,0,backbone,2024-35269,2024-224926,121,9,0.45161290322580644,1,False
trecrag,0,backbone,2024-35269,2024-22886,220,83,0.9221556886227545,0,False
trecrag,0,backbone,2024-35269,2024-27366,176,68,0.7741935483870968,1,False
trecrag,0,backbone,2024-35269,2024-29182,165,40,0.8831168831168831,0,False
trecrag,0,backbone,2024-35269,2024-32912,99,63,0.9354838709677419,1,False
trecrag,0,backbone,2024-35269,2024-35227,198,83,0.7953216374269005,0,False
trecrag,0,backbone,2024-35269,2024-35269,110,56,0.990990990990991,0,True
trecrag,0,backbone,2024-35269,2024-35284,143,66,0.9696969696969697,0,False
trecrag,0,backbone,2024-35269,2024-35620,187,50,0.9142857142857143,0,False
trecrag,0,backbone,2024-35269,2024-38986,176,67,0.5636363636363636,1,False
trecrag,0,backbone,2024-35269,2024-41849,209,38,0.6868686868686869,1,False
trecrag,0,backbone,2024-35269,2024-42497,165,52,0.7086614173228346,1,False
trecrag,0,backbone,2024-35269,2024-43037,110,52,0.8888888888888888,0,False
trecrag,0,backbone,2024-35269,2024-43983,110,20,0.6296296296296297,1,False
trecrag,0,backbone,2024-35269,2024-44060,66,40,0.963855421686747,0,False
trecrag,0,backbone,2024-35269,2024-58819,176,25,0.8444444444444444,0,False
trecrag,0,backbone,2024-35269,2024-73340,77,40,0.9024390243902439,1,False
trecrag,0,backbone,2024-35269,2024-73918,198,28,0.6176470588235294,1,False
trecrag,0,backbone,2024-35269,2024-79081,176,44,0.8125,1,False
trecrag,0,backbone,2024-35269,2024-79154,99,66,0.9923664122137404,0,False
trecrag,0,backbone,2024-35269,2024-88894,143,26,0.5263157894736842,1,False
trecrag,0,backbone,2024-35269,2024-94706,120,43,0.8666666666666667,0,False
trecrag,0,backbone,2024-35269,2024-96063,176,18,0.8205128205128205,0,False
trecrag,0,backbone,2024-35269,2024-96359,121,64,0.7304347826086957,1,False
trecrag,0,backbone,2024-35284,2024-105741,176,40,0.7246376811594203,1,False
trecrag,0,backbone,2024-35284,2024-121840,176,40,0.7532467532467533,0,False
trecrag,0,backbone,2024-35284,2024-127266,132,41,0.723404255319149,1,False
trecrag,0,backbone,2024-35284,2024-129925,121,62,0.8333333333333334,1,False
trecrag,0,backbone,2024-35284,2024-141577,220,81,0.6614173228346457,1,False
trecrag,0,backbone,2024-35284,2024-142395,143,55,0.8037383177570093,1,False
trecrag,0,backbone,2024-35284,2024-143869,220,69,0.8695652173913043,1,False
trecrag,0,backbone,2024-35284,2024-145979,165,90,0.9560439560439561,0,False
trecrag,0,backbone,2024-35284,2024-152259,132,58,0.9344262295081968,0,False
trecrag,0,backbone,2024-35284,2024-152817,176,67,0.8976377952755905,1,False
trecrag,0,backbone,2024-35284,2024-153051,154,89,0.9943502824858758,0,False
trecrag,0,backbone,2024-35284,2024-158261,187,21,0.7346938775510204,0,False
trecrag,0,backbone,2024-35284,2024-158677,198,67,0.6608695652173913,1,False
trecrag,0,backbone,2024-35284,2024-158743,198,46,0.865979381443299,0,False
trecrag,0,backbone,2024-35284,2024-18963,187,30,0.7017543859649122,1,False
trecrag,0,backbone,2024-35284,2024-19025,132,53,0.4722222222222222,1,False
trecrag,0,backbone,2024-35284,2024-213469,143,40,0.7654320987654321,0,False
trecrag,0,backbone,2024-35284,2024-213789,143,50,0.6618705035971223,1,False
trecrag,0,backbone,2024-35284,2024-213817,143,66,0.9624060150375939,1,False
trecrag,0,backbone,2024-35284,2024-213978,99,16,0.8125,1,False
trecrag,0,backbone,2024-35284,2024-214096,176,69,0.9007633587786259,0,False
trecrag,0,backbone,2024-35284,2024-214257,110,33,0.927536231884058,0,False
trecrag,0,backbone,2024-35284,2024-214467,77,42,0.9629629629629629,0,False
trecrag,0,backbone,2024-35284,2024-215044,165,19,0.7346938775510204,1,False
trecrag,0,backbone,2024-35284,2024-215952,110,32,0.847457627118644,0,False
trecrag,0,backbone,2024-35284,2024-216592,220,75,0.9333333333333333,0,False
trecrag,0,backbone,2024-35284,2024-217279,132,45,0.8470588235294118,0,False
trecrag,0,backbone,2024-35284,2024-217812,140,62,0.9133858267716536,0,False
trecrag,0,backbone,2024-35284,2024-219563,110,43,0.6888888888888889,1,False
trecrag,0,backbone,2024-35284,2024-219624,143,52,0.9532710280373832,0,False
trecrag,0,backbone,2024-35284,2024-224279,165,52,0.6382978723404256,1,False
trecrag,0,backbone,2024-35284,2024-224701,198,83,0.8522727272727273,0,False
trecrag,0,backbone,2024-35284,2024-224926,121,9,0.6363636363636364,1,False
trecrag,0,backbone,2024-35284,2024-22886,220,83,0.9333333333333333,0,False
trecrag,0,backbone,2024-35284,2024-27366,176,68,0.6833333333333333,1,False
trecrag,0,backbone,2024-35284,2024-29182,165,40,0.9113924050632911,0,False
trecrag,0,backbone,2024-35284,2024-32912,99,63,0.9193548387096774,1,False
trecrag,0,backbone,2024-35284,2024-35227,198,83,0.8170731707317073,0,False
trecrag,0,backbone,2024-35284,2024-35269,110,56,0.972972972972973,0,False
trecrag,0,backbone,2024-35284,2024-35284,143,66,0.9538461538461539,0,True
trecrag,0,backbone,2024-35284,2024-35620,187,50,0.9320388349514563,0,False
trecrag,0,backbone,2024-35284,2024-38986,176,67,0.6019417475728155,1,False
trecrag,0,backbone,2024-35284,2024-41849,209,38,0.7291666666666666,1,False
trecrag,0,backbone,2024-35284,2024-42497,165,52,0.7154471544715447,1,False
trecrag,0,backbone,2024-35284,2024-43037,110,52,0.8952380952380953,0,False
trecrag,0,backbone,2024-35284,2024-43983,110,20,0.625,1,False
trecrag,0,backbone,2024-35284,2024-44060,66,40,0.9512195121951219,0,False
trecrag,0,backbone,2024-35284,2024-58819,176,25,0.7906976744186046,0,False
trecrag,0,backbone,2024-35284,2024-73340,77,40,0.8974358974358975,1,False
trecrag,0,backbone,2024-35284,2024-73918,198,28,0.6349206349206349,1,False
trecrag,0,backbone,2024-35284,2024-79081,176,44,0.8247422680412371,1,False
trecrag,0,backbone,2024-35284,2024-79154,99,66,0.9846153846153847,0,False
trecrag,0,backbone,2024-35284,2024-88894,143,26,0.4782608695652174,1,False
trecrag,0,backbone,2024-35284,2024-94706,120,43,0.8666666666666667,0,False
trecrag,0,backbone,2024-35284,2024-96063,176,18,0.8205128205128205,0,False
trecrag,0,backbone,2024-35284,2024-96359,121,64,0.7079646017699115,1,False
trecrag,0,backbone,2024-35620,2024-105741,176,40,0.6349206349206349,1,False
trecrag,0,backbone,2024-35620,2024-121840,176,40,0.7792207792207793,0,False
trecrag,0,backbone,2024-35620,2024-127266,132,41,0.825,1,False
trecrag,0,backbone,2024-35620,2024-129925,121,62,0.7964601769911505,1,False
trecrag,0,backbone,2024-35620,2024-141577,220,81,0.5833333333333334,1,False
trecrag,0,backbone,2024-35620,2024-142395,143,55,0.7142857142857143,1,False
trecrag,0,backbone,2024-35620,2024-143869,220,69,0.875,1,False
trecrag,0,backbone,2024-35620,2024-145979,165,90,0.9608938547486033,0,False
trecrag,0,backbone,2024-35620,2024-152259,132,58,0.9421487603305785,0,False
trecrag,0,backbone,2024-35620,2024-152817,176,67,0.88,1,False
trecrag,0,backbone,2024-35620,2024-153051,154,89,0.9943502824858758,0,False
trecrag,0,backbone,2024-35620,2024-158261,187,21,0.8292682926829268,0,False
trecrag,0,backbone,2024-35620,2024-158677,198,67,0.6296296296296297,1,False
trecrag,0,backbone,2024-35620,2024-158743,198,46,0.8571428571428571,0,False
trecrag,0,backbone,2024-35620,2024-18963,187,30,0.7692307692307693,1,False
trecrag,0,backbone,2024-35620,2024-19025,132,53,0.43478260869565216,1,False
trecrag,0,backbone,2024-35620,2024-213469,143,40,0.7894736842105263,0,False
trecrag,0,backbone,2024-35620,2024-213789,143,50,0.6721311475409836,1,False
trecrag,0,backbone,2024-35620,2024-213817,143,66,0.8852459016393442,1,False
trecrag,0,backbone,2024-35620,2024-213978,99,16,0.8275862068965517,1,False
trecrag,0,backbone,2024-35620,2024-214096,176,69,0.890625,0,False
trecrag,0,backbone,2024-35620,2024-214257,110,33,0.927536231884058,0,False
trecrag,0,backbone,2024-35620,2024-214467,77,42,0.9629629629629629,0,False
trecrag,0,backbone,2024-35620,2024-215044,165,19,0.782608695652174,1,False
trecrag,0,backbone,2024-35620,2024-215952,110,32,0.8275862068965517,0,False
trecrag,0,backbone,2024-35620,2024-216592,220,75,0.9387755102040817,0,False
trecrag,0,backbone,2024-35620,2024-217279,132,45,0.8433734939759037,0,False
trecrag,0,backbone,2024-35620,2024-217812,140,62,0.9193548387096774,0,False
trecrag,0,backbone,2024-35620,2024-219563,110,43,0.6153846153846154,1,False
trecrag,0,backbone,2024-35620,2024-219624,143,52,0.9433962264150944,0,False
trecrag,0,backbone,2024-35620,2024-224279,165,52,0.6024096385542169,1,False
trecrag,0,backbone,2024-35620,2024-224701,198,83,0.8538011695906432,0,False
trecrag,0,backbone,2024-35620,2024-224926,121,9,0.631578947368421,1,False
trecrag,0,backbone,2024-35620,2024-22886,220,83,0.925,0,False
trecrag,0,backbone,2024-35620,2024-27366,176,68,0.5961538461538461,1,False
trecrag,0,backbone,2024-35620,2024-29182,165,40,0.868421052631579,0,False
trecrag,0,backbone,2024-35620,2024-32912,99,63,0.9256198347107438,1,False
trecrag,0,backbone,2024-35620,2024-35227,198,83,0.8076923076923077,0,False
trecrag,0,backbone,2024-35620,2024-35269,110,56,0.9629629629629629,0,False
trecrag,0,backbone,2024-35620,2024-35284,143,66,0.9692307692307692,0,False
trecrag,0,backbone,2024-35620,2024-35620,187,50,0.8952380952380953,0,True
trecrag,0,backbone,2024-35620,2024-38986,176,67,0.5625,1,False
trecrag,0,backbone,2024-35620,2024-41849,209,38,0.7710843373493976,1,False
trecrag,0,backbone,2024-35620,2024-42497,165,52,0.7747747747747747,1,False
trecrag,0,backbone,2024-35620,2024-43037,110,52,0.8712871287128713,0,False
trecrag,0,backbone,2024-35620,2024-43983,110,20,0.7368421052631579,1,False
trecrag,0,backbone,2024-35620,2024-44060,66,40,0.8974358974358975,0,False
trecrag,0,backbone,2024-35620,2024-58819,176,25,0.7906976744186046,0,False
trecrag,0,backbone,2024-35620,2024-73340,77,40,0.8974358974358975,1,False
trecrag,0,backbone,2024-35620,2024-73918,198,28,0.6153846153846154,1,False
trecrag,0,backbone,2024-35620,2024-79081,176,44,0.7654320987654321,1,False
trecrag,0,backbone,2024-35620,2024-79154,99,66,0.9846153846153847,0,False
trecrag,0,backbone,2024-35620,2024-88894,143,26,0.4117647058823529,1,False
trecrag,0,backbone,2024-35620,2024-94706,120,43,0.759493670886076,0,False
trecrag,0,backbone,2024-35620,2024-96063,176,18,0.7428571428571429,0,False
trecrag,0,backbone,2024-35620,2024-96359,121,64,0.6464646464646465,1,False
trecrag,0,backbone,2024-38986,2024-105741,176,40,0.7671232876712328,1,False
trecrag,0,backbone,2024-38986,2024-121840,176,40,0.7954545454545454,0,False
trecrag,0,backbone,2024-38986,2024-127266,132,41,0.7272727272727273,1,False
trecrag,0,backbone,2024-38986,2024-129925,121,62,0.8503937007874016,1,False
trecrag,0,backbone,2024-38986,2024-141577,220,81,0.6818181818181818,1,False
trecrag,0,backbone,2024-38986,2024-142395,143,55,0.8264462809917356,1,False
trecrag,0,backbone,2024-38986,2024-143869,220,69,0.8920863309352518,1,False
trecrag,0,backbone,2024-38986,2024-145979,165,90,0.946236559139785,0,False
trecrag,0,backbone,2024-38986,2024-152259,132,58,0.9344262295081968,0,False
trecrag,0,backbone,2024-38986,2024-152817,176,67,0.9090909090909091,1,False
trecrag,0,backbone,2024-38986,2024-153051,154,89,0.9943502824858758,0,False
trecrag,0,backbone,2024-38986,2024-158261,187,21,0.7058823529411765,0,False
trecrag,0,backbone,2024-38986,2024-158677,198,67,0.7,1,False
trecrag,0,backbone,2024-38986,2024-158743,198,46,0.845360824742268,0,False
trecrag,0,backbone,2024-38986,2024-18963,187,30,0.6666666666666666,1,False
trecrag,0,backbone,2024-38986,2024-19025,132,53,0.6506024096385542,1,False
trecrag,0,backbone,2024-38986,2024-213469,143,40,0.7816091954022989,0,False
trecrag,0,backbone,2024-38986,2024-213789,143,50,0.6285714285714286,1,False
trecrag,0,backbone,2024-38986,2024-213817,143,66,0.9393939393939394,1,False
trecrag,0,backbone,2024-38986,2024-213978,99,16,0.8666666666666667,1,False
trecrag,0,backbone,2024-38986,2024-214096,176,69,0.9076923076923077,0,False
trecrag,0,backbone,2024-38986,2024-214257,110,33,0.9014084507042254,0,False
trecrag,0,backbone,2024-38986,2024-214467,77,42,0.9629629629629629,0,False
trecrag,0,backbone,2024-38986,2024-215044,165,19,0.7755102040816326,1,False
trecrag,0,backbone,2024-38986,2024-215952,110,32,0.8307692307692308,0,False
trecrag,0,backbone,2024-38986,2024-216592,220,75,0.9342105263157895,0,False
trecrag,0,backbone,2024-38986,2024-217279,132,45,0.8764044943820225,0,False
trecrag,0,backbone,2024-38986,2024-217812,140,62,0.90625,0,False
trecrag,0,backbone,2024-38986,2024-219563,110,43,0.7128712871287128,1,False
trecrag,0,backbone,2024-38986,2024-219624,143,52,0.9433962264150944,0,False
trecrag,0,backbone,2024-38986,2024-224279,165,52,0.6481481481481481,1,False
trecrag,0,backbone,2024-38986,2024-224701,198,83,0.8681318681318682,0,False
trecrag,0,backbone,2024-38986,2024-224926,121,9,0.47058823529411764,1,False
trecrag,0,backbone,2024-38986,2024-22886,220,83,0.9333333333333333,0,False
trecrag,0,backbone,2024-38986,2024-27366,176,68,0.7938931297709924,1,False
trecrag,0,backbone,2024-38986,2024-29182,165,40,0.9024390243902439,0,False
trecrag,0,backbone,2024-38986,2024-32912,99,63,0.928,1,False
trecrag,0,backbone,2024-38986,2024-35227,198,83,0.8,0,False
trecrag,0,backbone,2024-38986,2024-35269,110,56,0.9734513274336283,0,False
trecrag,0,backbone,2024-38986,2024-35284,143,66,0.9618320610687023,0,False
trecrag,0,backbone,2024-38986,2024-35620,187,50,0.8828828828828829,0,False
trecrag,0,backbone,2024-38986,2024-38986,176,67,0.8571428571428571,1,True
trecrag,0,backbone,2024-38986,2024-41849,209,38,0.6666666666666666,1,False
trecrag,0,backbone,2024-38986,2024-42497,165,52,0.6258503401360545,1,False
trecrag,0,backbone,2024-38986,2024-43037,110,52,0.897196261682243,0,False
trecrag,0,backbone,2024-38986,2024-43983,110,20,0.6274509803921569,1,False
trecrag,0,backbone,2024-38986,2024-44060,66,40,0.9302325581395349,0,False
trecrag,0,backbone,2024-38986,2024-58819,176,25,0.7755102040816326,0,False
trecrag,0,backbone,2024-38986,2024-73340,77,40,0.9024390243902439,1,False
trecrag,0,backbone,2024-38986,2024-73918,198,28,0.6216216216216216,1,False
trecrag,0,backbone,2024-38986,2024-79081,176,44,0.7663551401869159,1,False
trecrag,0,backbone,2024-38986,2024-79154,99,66,0.9923664122137404,0,False
trecrag,0,backbone,2024-38986,2024-88894,143,26,0.5098039215686274,1,False
trecrag,0,backbone,2024-38986,2024-94706,120,43,0.8539325842696629,0,False
trecrag,0,backbone,2024-38986,2024-96063,176,18,0.7804878048780488,0,False
trecrag,0,backbone,2024-38986,2024-96359,121,64,0.7241379310344828,1,False
trecrag,0,backbone,2024-41849,2024-105741,176,40,0.509090909090909,1,False
trecrag,0,backbone,2024-41849,2024-121840,176,40,0.7631578947368421,0,False
trecrag,0,backbone,2024-41849,2024-127266,132,41,0.7352941176470589,1,False
trecrag,0,backbone,2024-41849,2024-129925,121,62,0.7777777777777778,1,False
trecrag,0,backbone,2024-41849,2024-141577,220,81,0.5565217391304348,1,False
trecrag,0,backbone,2024-41849,2024-142395,143,55,0.7676767676767676,1,False
trecrag,0,backbone,2024-41849,2024-143869,220,69,0.8333333333333334,1,False
trecrag,0,backbone,2024-41849,2024-145979,165,90,0.9036144578313253,0,False
trecrag,0,backbone,2024-41849,2024-152259,132,58,0.9411764705882353,0,False
trecrag,0,backbone,2024-41849,2024-152817,176,67,0.8524590163934426,1,False
trecrag,0,backbone,2024-41849,2024-153051,154,89,0.9770114942528736,0,False
trecrag,0,backbone,2024-41849,2024-158261,187,21,0.8421052631578947,0,False
trecrag,0,backbone,2024-41849,2024-158677,198,67,0.5714285714285714,1,False
trecrag,0,backbone,2024-41849,2024-158743,198,46,0.7560975609756098,0,False
trecrag,0,backbone,2024-41849,2024-18963,187,30,0.6938775510204082,1,False
trecrag,0,backbone,2024-41849,2024-19025,132,53,0.4117647058823529,1,False
trecrag,0,backbone,2024-41849,2024-213469,143,40,0.746268656716418,0,False
trecrag,0,backbone,2024-41849,2024-213789,143,50,0.6086956521739131,1,False
trecrag,0,backbone,2024-41849,2024-213817,143,66,0.8108108108108109,1,False
trecrag,0,backbone,2024-41849,2024-213978,99,16,0.8,1,False
trecrag,0,backbone,2024-41849,2024-214096,176,69,0.890625,0,False
trecrag,0,backbone,2024-41849,2024-214257,110,33,0.9253731343283582,0,False
trecrag,0,backbone,2024-41849,2024-214467,77,42,0.95,0,False
trecrag,0,backbone,2024-41849,2024-215044,165,19,0.8421052631578947,1,False
trecrag,0,backbone,2024-41849,2024-215952,110,32,0.7547169811320755,0,False
trecrag,0,backbone,2024-41849,2024-216592,220,75,0.8571428571428571,0,False
trecrag,0,backbone,2024-41849,2024-217279,132,45,0.7792207792207793,0,False
trecrag,0,backbone,2024-41849,2024-217812,140,62,0.8869565217391304,0,False
trecrag,0,backbone,2024-41849,2024-219563,110,43,0.5070422535211268,1,False
trecrag,0,backbone,2024-41849,2024-219624,143,52,0.9019607843137255,0,False
trecrag,0,backbone,2024-41849,2024-224279,165,52,0.5405405405405406,1,False
trecrag,0,backbone,2024-41849,2024-224701,198,83,0.8354430379746836,0,False
trecrag,0,backbone,2024-41849,2024-224926,121,9,0.631578947368421,1,False
trecrag,0,backbone,2024-41849,2024-22886,220,83,0.8571428571428571,0,False
trecrag,0,backbone,2024-41849,2024-27366,176,68,0.5346534653465347,1,False
trecrag,0,backbone,2024-41849,2024-29182,165,40,0.8493150684931506,0,False
trecrag,0,backbone,2024-41849,2024-32912,99,63,0.8571428571428571,1,False
trecrag,0,backbone,2024-41849,2024-35227,198,83,0.8133333333333334,0,False
trecrag,0,backbone,2024-41849,2024-35269,110,56,0.9629629629629629,0,False
trecrag,0,backbone,2024-41849,2024-35284,143,66,0.944,0,False
trecrag,0,backbone,2024-41849,2024-35620,187,50,0.9,0,False
trecrag,0,backbone,2024-41849,2024-38986,176,67,0.5376344086021505,1,False
trecrag,0,backbone,2024-41849,2024-41849,209,38,0.8285714285714286,1,True
trecrag,0,backbone,2024-41849,2024-42497,165,52,0.7747747747747747,1,False
trecrag,0,backbone,2024-41849,2024-43037,110,52,0.7777777777777778,0,False
trecrag,0,backbone,2024-41849,2024-43983,110,20,0.7428571428571429,1,False
trecrag,0,backbone,2024-41849,2024-44060,66,40,0.925,0,False
trecrag,0,backbone,2024-41849,2024-58819,176,25,0.6842105263157895,0,False
trecrag,0,backbone,2024-41849,2024-73340,77,40,0.8767123287671232,1,False
trecrag,0,backbone,2024-41849,2024-73918,198,28,0.5306122448979592,1,False
trecrag,0,backbone,2024-41849,2024-79081,176,44,0.6857142857142857,1,False
trecrag,0,backbone,2024-41849,2024-79154,99,66,0.9846153846153847,0,False
trecrag,0,backbone,2024-41849,2024-88894,143,26,0.36363636363636365,1,False
trecrag,0,backbone,2024-41849,2024-94706,120,43,0.6933333333333334,0,False
trecrag,0,backbone,2024-41849,2024-96063,176,18,0.7878787878787878,0,False
trecrag,0,backbone,2024-41849,2024-96359,121,64,0.3902439024390244,1,False
trecrag,0,backbone,2024-42497,2024-105741,176,40,0.7076923076923077,1,False
trecrag,0,backbone,2024-42497,2024-121840,176,40,0.7435897435897436,0,False
trecrag,0,backbone,2024-42497,2024-127266,132,41,0.8095238095238095,1,False
trecrag,0,backbone,2024-42497,2024-129925,121,62,0.8205128205128205,1,False
trecrag,0,backbone,2024-42497,2024-141577,220,81,0.6229508196721312,1,False
trecrag,0,backbone,2024-42497,2024-142395,143,55,0.8,1,False
trecrag,0,backbone,2024-42497,2024-143869,220,69,0.8682170542635659,1,False
trecrag,0,backbone,2024-42497,2024-145979,165,90,0.9545454545454546,0,False
trecrag,0,backbone,2024-42497,2024-152259,132,58,0.9344262295081968,0,False
trecrag,0,backbone,2024-42497,2024-152817,176,67,0.8976377952755905,1,False
trecrag,0,backbone,2024-42497,2024-153051,154,89,0.9943502824858758,0,False
trecrag,0,backbone,2024-42497,2024-158261,187,21,0.8,0,False
trecrag,0,backbone,2024-42497,2024-158677,198,67,0.6363636363636364,1,False
trecrag,0,backbone,2024-42497,2024-158743,198,46,0.8602150537634409,0,False
trecrag,0,backbone,2024-42497,2024-18963,187,30,0.7547169811320755,1,False
trecrag,0,backbone,2024-42497,2024-19025,132,53,0.45714285714285713,1,False
trecrag,0,backbone,2024-42497,2024-213469,143,40,0.8157894736842105,0,False
trecrag,0,backbone,2024-42497,2024-213789,143,50,0.6942148760330579,1,False
trecrag,0,backbone,2024-42497,2024-213817,143,66,0.8347826086956521,1,False
trecrag,0,backbone,2024-42497,2024-213978,99,16,0.8387096774193549,1,False
trecrag,0,backbone,2024-42497,2024-214096,176,69,0.8992248062015504,0,False
trecrag,0,backbone,2024-42497,2024-214257,110,33,0.927536231884058,0,False
trecrag,0,backbone,2024-42497,2024-214467,77,42,0.9629629629629629,0,False
trecrag,0,backbone,2024-42497,2024-215044,165,19,0.7555555555555555,1,False
trecrag,0,backbone,2024-42497,2024-215952,110,32,0.8275862068965517,0,False
trecrag,0,backbone,2024-42497,2024-216592,220,75,0.9315068493150684,0,False
trecrag,0,backbone,2024-42497,2024-217279,132,45,0.8470588235294118,0,False
trecrag,0,backbone,2024-42497,2024-217812,140,62,0.9193548387096774,0,False
trecrag,0,backbone,2024-42497,2024-219563,110,43,0.65,1,False
trecrag,0,backbone,2024-42497,2024-219624,143,52,0.9433962264150944,0,False
trecrag,0,backbone,2024-42497,2024-224279,165,52,0.6265060240963856,1,False
trecrag,0,backbone,2024-42497,2024-224701,198,83,0.8284023668639053,0,False
trecrag,0,backbone,2024-42497,2024-224926,121,9,0.6086956521739131,1,False
trecrag,0,backbone,2024-42497,2024-22886,220,83,0.906832298136646,0,False
trecrag,0,backbone,2024-42497,2024-27366,176,68,0.6607142857142857,1,False
trecrag,0,backbone,2024-42497,2024-29182,165,40,0.8831168831168831,0,False
trecrag,0,backbone,2024-42497,2024-32912,99,63,0.9090909090909091,1,False
trecrag,0,backbone,2024-42497,2024-35227,198,83,0.8,0,False
trecrag,0,backbone,2024-42497,2024-35269,110,56,0.972972972972973,0,False
trecrag,0,backbone,2024-42497,2024-35284,143,66,0.953125,0,False
trecrag,0,backbone,2024-42497,2024-35620,187,50,0.9320388349514563,0,False
trecrag,0,backbone,2024-42497,2024-38986,176,67,0.58,1,False
trecrag,0,backbone,2024-42497,2024-41849,209,38,0.7529411764705882,1,False
trecrag,0,backbone,2024-42497,2024-42497,165,52,0.9122807017543859,1,True
trecrag,0,backbone,2024-42497,2024-43037,110,52,0.8952380952380953,0,False
trecrag,0,backbone,2024-42497,2024-43983,110,20,0.7027027027027027,1,False
trecrag,0,backbone,2024-42497,2024-44060,66,40,0.9113924050632911,0,False
trecrag,0,backbone,2024-42497,2024-58819,176,25,0.7906976744186046,0,False
trecrag,0,backbone,2024-42497,2024-73340,77,40,0.868421052631579,1,False
trecrag,0,backbone,2024-42497,2024-73918,198,28,0.6428571428571429,1,False
trecrag,0,backbone,2024-42497,2024-79081,176,44,0.7586206896551724,1,False
trecrag,0,backbone,2024-42497,2024-79154,99,66,0.9846153846153847,0,False
trecrag,0,backbone,2024-42497,2024-88894,143,26,0.3333333333333333,1,False
trecrag,0,backbone,2024-42497,2024-94706,120,43,0.8333333333333334,0,False
trecrag,0,backbone,2024-42497,2024-96063,176,18,0.8421052631578947,0,False
trecrag,0,backbone,2024-42497,2024-96359,121,64,0.6138613861386139,1,False
trecrag,0,backbone,2024-43037,2024-105741,176,40,0.7714285714285715,1,False
trecrag,0,backbone,2024-43037,2024-121840,176,40,0.75,0,False
trecrag,0,backbone,2024-43037,2024-127266,132,41,0.7272727272727273,1,False
trecrag,0,backbone,2024-43037,2024-129925,121,62,0.8548387096774194,1,False
trecrag,0,backbone,2024-43037,2024-141577,220,81,0.65625,1,False
trecrag,0,backbone,2024-43037,2024-142395,143,55,0.8070175438596491,1,False
trecrag,0,backbone,2024-43037,2024-143869,220,69,0.8592592592592593,1,False
trecrag,0,backbone,2024-43037,2024-145979,165,90,0.9613259668508287,0,False
trecrag,0,backbone,2024-43037,2024-152259,132,58,0.9344262295081968,0,False
trecrag,0,backbone,2024-43037,2024-152817,176,67,0.90625,1,False
trecrag,0,backbone,2024-43037,2024-153051,154,89,0.9943502824858758,0,False
trecrag,0,backbone,2024-43037,2024-158261,187,21,0.7346938775510204,0,False
trecrag,0,backbone,2024-43037,2024-158677,198,67,0.6722689075630253,1,False
trecrag,0,backbone,2024-43037,2024-158743,198,46,0.8686868686868687,0,False
trecrag,0,backbone,2024-43037,2024-18963,187,30,0.6666666666666666,1,False
trecrag,0,backbone,2024-43037,2024-19025,132,53,0.4931506849315068,1,False
trecrag,0,backbone,2024-43037,2024-213469,143,40,0.7848101265822784,0,False
trecrag,0,backbone,2024-43037,2024-213789,143,50,0.6370370370370371,1,False
trecrag,0,backbone,2024-43037,2024-213817,143,66,0.921875,1,False
trecrag,0,backbone,2024-43037,2024-213978,99,16,0.8125,1,False
trecrag,0,backbone,2024-43037,2024-214096,176,69,0.8939393939393939,0,False
trecrag,0,backbone,2024-43037,2024-214257,110,33,0.927536231884058,0,False
trecrag,0,backbone,2024-43037,2024-214467,77,42,0.9629629629629629,0,False
trecrag,0,backbone,2024-43037,2024-215044,165,19,0.6792452830188679,1,False
trecrag,0,backbone,2024-43037,2024-215952,110,32,0.8,0,False
trecrag,0,backbone,2024-43037,2024-216592,220,75,0.918918918918919,0,False
trecrag,0,backbone,2024-43037,2024-217279,132,45,0.8863636363636364,0,False
trecrag,0,backbone,2024-43037,2024-217812,140,62,0.9133858267716536,0,False
trecrag,0,backbone,2024-43037,2024-219563,110,43,0.72,1,False
trecrag,0,backbone,2024-43037,2024-219624,143,52,0.9532710280373832,0,False
trecrag,0,backbone,2024-43037,2024-224279,165,52,0.6597938144329897,1,False
trecrag,0,backbone,2024-43037,2024-224701,198,83,0.847457627118644,0,False
trecrag,0,backbone,2024-43037,2024-224926,121,9,0.5185185185185185,1,False
trecrag,0,backbone,2024-43037,2024-22886,220,83,0.927710843373494,0,False
trecrag,0,backbone,2024-43037,2024-27366,176,68,0.688,1,False
trecrag,0,backbone,2024-43037,2024-29182,165,40,0.9113924050632911,0,False
trecrag,0,backbone,2024-43037,2024-32912,99,63,0.912,1,False
trecrag,0,backbone,2024-43037,2024-35227,198,83,0.8023952095808383,0,False
trecrag,0,backbone,2024-43037,2024-35269,110,56,0.972972972972973,0,False
trecrag,0,backbone,2024-43037,2024-35284,143,66,0.9696969696969697,0,False
trecrag,0,backbone,2024-43037,2024-35620,187,50,0.9074074074074074,0,False
trecrag,0,backbone,2024-43037,2024-38986,176,67,0.5576923076923077,1,False
trecrag,0,backbone,2024-43037,2024-41849,209,38,0.7291666666666666,1,False
trecrag,0,backbone,2024-43037,2024-42497,165,52,0.7258064516129032,1,False
trecrag,0,backbone,2024-43037,2024-43037,110,52,0.8910891089108911,0,True
trecrag,0,backbone,2024-43037,2024-43983,110,20,0.6296296296296297,1,False
trecrag,0,backbone,2024-43037,2024-44060,66,40,0.9523809523809523,0,False
trecrag,0,backbone,2024-43037,2024-58819,176,25,0.782608695652174,0,False
trecrag,0,backbone,2024-43037,2024-73340,77,40,0.9024390243902439,1,False
trecrag,0,backbone,2024-43037,2024-73918,198,28,0.6557377049180327,1,False
trecrag,0,backbone,2024-43037,2024-79081,176,44,0.82,1,False
trecrag,0,backbone,2024-43037,2024-79154,99,66,0.9846153846153847,0,False
trecrag,0,backbone,2024-43037,2024-88894,143,26,0.5,1,False
trecrag,0,backbone,2024-43037,2024-94706,120,43,0.8333333333333334,0,False
trecrag,0,backbone,2024-43037,2024-96063,176,18,0.8205128205128205,0,False
trecrag,0,backbone,2024-43037,2024-96359,121,64,0.6846846846846847,1,False
trecrag,0,backbone,2024-43983,2024-105741,176,40,0.576271186440678,1,False
trecrag,0,backbone,2024-43983,2024-121840,176,40,0.7671232876712328,0,False
trecrag,0,backbone,2024-43983,2024-127266,132,41,0.8421052631578947,1,False
trecrag,0,backbone,2024-43983,2024-129925,121,62,0.7663551401869159,1,False
trecrag,0,backbone,2024-43983,2024-141577,220,81,0.5391304347826087,1,False
trecrag,0,backbone,2024-43983,2024-142395,143,55,0.7032967032967034,1,False
trecrag,0,backbone,2024-43983,2024-143869,220,69,0.8571428571428571,1,False
trecrag,0,backbone,2024-43983,2024-145979,165,90,0.9176470588235294,0,False
trecrag,0,backbone,2024-43983,2024-152259,132,58,0.9421487603305785,0,False
trecrag,0,backbone,2024-43983,2024-152817,176,67,0.8524590163934426,1,False
trecrag,0,backbone,2024-43983,2024-153051,154,89,0.9770114942528736,0,False
trecrag,0,backbone,2024-43983,2024-158261,187,21,0.8421052631578947,0,False
trecrag,0,backbone,2024-43983,2024-158677,198,67,0.5576923076923077,1,False
trecrag,0,backbone,2024-43983,2024-158743,198,46,0.775,0,False
trecrag,0,backbone,2024-43983,2024-18963,187,30,0.7346938775510204,1,False
trecrag,0,backbone,2024-43983,2024-19025,132,53,0.3125,1,False
trecrag,0,backbone,2024-43983,2024-213469,143,40,0.7941176470588235,0,False
trecrag,0,backbone,2024-43983,2024-213789,143,50,0.7339449541284404,1,False
trecrag,0,backbone,2024-43983,2024-213817,143,66,0.8070175438596491,1,False
trecrag,0,backbone,2024-43983,2024-213978,99,16,0.8275862068965517,1,False
trecrag,0,backbone,2024-43983,2024-214096,176,69,0.890625,0,False
trecrag,0,backbone,2024-43983,2024-214257,110,33,0.9117647058823529,0,False
trecrag,0,backbone,2024-43983,2024-214467,77,42,0.9367088607594937,0,False
trecrag,0,backbone,2024-43983,2024-215044,165,19,0.8421052631578947,1,False
trecrag,0,backbone,2024-43983,2024-215952,110,32,0.8,0,False
trecrag,0,backbone,2024-43983,2024-216592,220,75,0.8985507246376812,0,False
trecrag,0,backbone,2024-43983,2024-217279,132,45,0.8395061728395061,0,False
trecrag,0,backbone,2024-43983,2024-217812,140,62,0.8907563025210085,0,False
trecrag,0,backbone,2024-43983,2024-219563,110,43,0.6027397260273972,1,False
trecrag,0,backbone,2024-43983,2024-219624,143,52,0.9333333333333333,0,False
trecrag,0,backbone,2024-43983,2024-224279,165,52,0.4931506849315068,1,False
trecrag,0,backbone,2024-43983,2024-224701,198,83,0.8198757763975155,0,False
trecrag,0,backbone,2024-43983,2024-224926,121,9,0.6666666666666666,1,False
trecrag,0,backbone,2024-43983,2024-22886,220,83,0.8590604026845637,0,False
trecrag,0,backbone,2024-43983,2024-27366,176,68,0.43956043956043955,1,False
trecrag,0,backbone,2024-43983,2024-29182,165,40,0.7076923076923077,0,False
trecrag,0,backbone,2024-43983,2024-32912,99,63,0.8869565217391304,1,False
trecrag,0,backbone,2024-43983,2024-35227,198,83,0.7581699346405228,0,False
trecrag,0,backbone,2024-43983,2024-35269,110,56,0.9532710280373832,0,False
trecrag,0,backbone,2024-43983,2024-35284,143,66,0.9354838709677419,0,False
trecrag,0,backbone,2024-43983,2024-35620,187,50,0.9,0,False
trecrag,0,backbone,2024-43983,2024-38986,176,67,0.5434782608695652,1,False
trecrag,0,backbone,2024-43983,2024-41849,209,38,0.7560975609756098,1,False
trecrag,0,backbone,2024-43983,2024-42497,165,52,0.8,1,False
trecrag,0,backbone,2024-43983,2024-43037,110,52,0.851063829787234,0,False
trecrag,0,backbone,2024-43983,2024-43983,110,20,0.8235294117647058,1,True
trecrag,0,backbone,2024-43983,2024-44060,66,40,0.8831168831168831,0,False
trecrag,0,backbone,2024-43983,2024-58819,176,25,0.7619047619047619,0,False
trecrag,0,backbone,2024-43983,2024-73340,77,40,0.8767123287671232,1,False
trecrag,0,backbone,2024-43983,2024-73918,198,28,0.48,1,False
trecrag,0,backbone,2024-43983,2024-79081,176,44,0.6944444444444444,1,False
trecrag,0,backbone,2024-43983,2024-79154,99,66,0.9846153846153847,0,False
trecrag,0,backbone,2024-43983,2024-88894,143,26,0.13793103448275862,1,False
trecrag,0,backbone,2024-43983,2024-94706,120,43,0.7323943661971831,0,False
trecrag,0,backbone,2024-43983,2024-96063,176,18,0.75,0,False
trecrag,0,backbone,2024-43983,2024-96359,121,64,0.40476190476190477,1,False
trecrag,0,backbone,2024-44060,2024-105741,176,40,0.7714285714285715,1,False
trecrag,0,backbone,2024-44060,2024-121840,176,40,0.75,0,False
trecrag,0,backbone,2024-44060,2024-127266,132,41,0.723404255319149,1,False
trecrag,0,backbone,2024-44060,2024-129925,121,62,0.8455284552845529,1,False
trecrag,0,backbone,2024-44060,2024-141577,220,81,0.676923076923077,1,False
trecrag,0,backbone,2024-44060,2024-142395,143,55,0.7927927927927928,1,False
trecrag,0,backbone,2024-44060,2024-143869,220,69,0.8740740740740741,1,False
trecrag,0,backbone,2024-44060,2024-145979,165,90,0.9560439560439561,0,False
trecrag,0,backbone,2024-44060,2024-152259,132,58,0.9344262295081968,0,False
trecrag,0,backbone,2024-44060,2024-152817,176,67,0.90625,1,False
trecrag,0,backbone,2024-44060,2024-153051,154,89,0.9943502824858758,0,False
trecrag,0,backbone,2024-44060,2024-158261,187,21,0.7391304347826086,0,False
trecrag,0,backbone,2024-44060,2024-158677,198,67,0.6779661016949152,1,False
trecrag,0,backbone,2024-44060,2024-158743,198,46,0.8571428571428571,0,False
trecrag,0,backbone,2024-44060,2024-18963,187,30,0.711864406779661,1,False
trecrag,0,backbone,2024-44060,2024-19025,132,53,0.6,1,False
trecrag,0,backbone,2024-44060,2024-213469,143,40,0.7619047619047619,0,False
trecrag,0,backbone,2024-44060,2024-213789,143,50,0.6764705882352942,1,False
trecrag,0,backbone,2024-44060,2024-213817,143,66,0.9465648854961832,1,False
trecrag,0,backbone,2024-44060,2024-213978,99,16,0.8235294117647058,1,False
trecrag,0,backbone,2024-44060,2024-214096,176,69,0.8939393939393939,0,False
trecrag,0,backbone,2024-44060,2024-214257,110,33,0.927536231884058,0,False
trecrag,0,backbone,2024-44060,2024-214467,77,42,0.95,0,False
trecrag,0,backbone,2024-44060,2024-215044,165,19,0.7659574468085106,1,False
trecrag,0,backbone,2024-44060,2024-215952,110,32,0.8387096774193549,0,False
trecrag,0,backbone,2024-44060,2024-216592,220,75,0.9261744966442953,0,False
trecrag,0,backbone,2024-44060,2024-217279,132,45,0.8505747126436781,0,False
trecrag,0,backbone,2024-44060,2024-217812,140,62,0.9133858267716536,0,False
trecrag,0,backbone,2024-44060,2024-219563,110,43,0.7083333333333334,1,False
trecrag,0,backbone,2024-44060,2024-219624,143,52,0.9532710280373832,0,False
trecrag,0,backbone,2024-44060,2024-224279,165,52,0.6391752577319587,1,False
trecrag,0,backbone,2024-44060,2024-224701,198,83,0.850828729281768,0,False
trecrag,0,backbone,2024-44060,2024-224926,121,9,0.45161290322580644,1,False
trecrag,0,backbone,2024-44060,2024-22886,220,83,0.9333333333333333,0,False
trecrag,0,backbone,2024-44060,2024-27366,176,68,0.717948717948718,1,False
trecrag,0,backbone,2024-44060,2024-29182,165,40,0.9024390243902439,0,False
trecrag,0,backbone,2024-44060,2024-32912,99,63,0.928,1,False
trecrag,0,backbone,2024-44060,2024-35227,198,83,0.8192771084337349,0,False
trecrag,0,backbone,2024-44060,2024-35269,110,56,0.9821428571428571,0,False
trecrag,0,backbone,2024-44060,2024-35284,143,66,0.9618320610687023,0,False
trecrag,0,backbone,2024-44060,2024-35620,187,50,0.9142857142857143,0,False
trecrag,0,backbone,2024-44060,2024-38986,176,67,0.5686274509803921,1,False
trecrag,0,backbone,2024-44060,2024-41849,209,38,0.7010309278350515,1,False
trecrag,0,backbone,2024-44060,2024-42497,165,52,0.7096774193548387,1,False
trecrag,0,backbone,2024-44060,2024-43037,110,52,0.8846153846153846,0,False
trecrag,0,backbone,2024-44060,2024-43983,110,20,0.6808510638297872,1,False
trecrag,0,backbone,2024-44060,2024-44060,66,40,0.9176470588235294,0,True
trecrag,0,backbone,2024-44060,2024-58819,176,25,0.7659574468085106,0,False
trecrag,0,backbone,2024-44060,2024-73340,77,40,0.8974358974358975,1,False
trecrag,0,backbone,2024-44060,2024-73918,198,28,0.6363636363636364,1,False
trecrag,0,backbone,2024-44060,2024-79081,176,44,0.7961165048543689,1,False
trecrag,0,backbone,2024-44060,2024-79154,99,66,0.9923664122137404,0,False
trecrag,0,backbone,2024-44060,2024-88894,143,26,0.5306122448979592,1,False
trecrag,0,backbone,2024-44060,2024-94706,120,43,0.8505747126436781,0,False
trecrag,0,backbone,2024-44060,2024-96063,176,18,0.8205128205128205,0,False
trecrag,0,backbone,2024-44060,2024-96359,121,64,0.7142857142857143,1,False
trecrag,0,backbone,2024-58819,2024-105741,176,40,0.7164179104477612,1,False
trecrag,0,backbone,2024-58819,2024-121840,176,40,0.75,0,False
trecrag,0,backbone,2024-58819,2024-127266,132,41,0.8045977011494253,1,False
trecrag,0,backbone,2024-58819,2024-129925,121,62,0.847457627118644,1,False
trecrag,0,backbone,2024-58819,2024-141577,220,81,0.6507936507936508,1,False
trecrag,0,backbone,2024-58819,2024-142395,143,55,0.7678571428571429,1,False
trecrag,0,backbone,2024-58819,2024-143869,220,69,0.8676470588235294,1,False
trecrag,0,backbone,2024-58819,2024-145979,165,90,0.96045197740113,0,False
trecrag,0,backbone,2024-58819,2024-152259,132,58,0.9344262295081968,0,False
trecrag,0,backbone,2024-58819,2024-152817,176,67,0.8888888888888888,1,False
trecrag,0,backbone,2024-58819,2024-153051,154,89,0.9943502824858758,0,False
trecrag,0,backbone,2024-58819,2024-158261,187,21,0.8095238095238095,0,False
trecrag,0,backbone,2024-58819,2024-158677,198,67,0.6126126126126126,1,False
trecrag,0,backbone,2024-58819,2024-158743,198,46,0.8571428571428571,0,False
trecrag,0,backbone,2024-58819,2024-18963,187,30,0.711864406779661,1,False
trecrag,0,backbone,2024-58819,2024-19025,132,53,0.4931506849315068,1,False
trecrag,0,backbone,2024-58819,2024-213469,143,40,0.810126582278481,0,False
trecrag,0,backbone,2024-58819,2024-213789,143,50,0.6423357664233577,1,False
trecrag,0,backbone,2024-58819,2024-213817,143,66,0.912,1,False
trecrag,0,backbone,2024-58819,2024-213978,99,16,0.8125,1,False
trecrag,0,backbone,2024-58819,2024-214096,176,69,0.8992248062015504,0,False
trecrag,0,backbone,2024-58819,2024-214257,110,33,0.9411764705882353,0,False
trecrag,0,backbone,2024-58819,2024-214467,77,42,0.95,0,False
trecrag,0,backbone,2024-58819,2024-215044,165,19,0.8,1,False
trecrag,0,backbone,2024-58819,2024-215952,110,32,0.7931034482758621,0,False
trecrag,0,backbone,2024-58819,2024-216592,220,75,0.9315068493150684,0,False
trecrag,0,backbone,2024-58819,2024-217279,132,45,0.8470588235294118,0,False
trecrag,0,backbone,2024-58819,2024-217812,140,62,0.9193548387096774,0,False
trecrag,0,backbone,2024-58819,2024-219563,110,43,0.7032967032967034,1,False
trecrag,0,backbone,2024-58819,2024-219624,143,52,0.9423076923076923,0,False
trecrag,0,backbone,2024-58819,2024-224279,165,52,0.651685393258427,1,False
trecrag,0,backbone,2024-58819,2024-224701,198,83,0.8571428571428571,0,False
trecrag,0,backbone,2024-58819,2024-224926,121,9,0.5217391304347826,1,False
trecrag,0,backbone,2024-58819,2024-22886,220,83,0.927710843373494,0,False
trecrag,0,backbone,2024-58819,2024-27366,176,68,0.6486486486486487,1,False
trecrag,0,backbone,2024-58819,2024-29182,165,40,0.8974358974358975,0,False
trecrag,0,backbone,2024-58819,2024-32912,99,63,0.926829268292683,1,False
trecrag,0,backbone,2024-58819,2024-35227,198,83,0.8148148148148148,0,False
trecrag,0,backbone,2024-58819,2024-35269,110,56,0.9636363636363636,0,False
trecrag,0,backbone,2024-58819,2024-35284,143,66,0.9618320610687023,0,False
trecrag,0,backbone,2024-58819,2024-35620,187,50,0.9320388349514563,0,False
trecrag,0,backbone,2024-58819,2024-38986,176,67,0.58,1,False
trecrag,0,backbone,2024-58819,2024-41849,209,38,0.7216494845360825,1,False
trecrag,0,backbone,2024-58819,2024-42497,165,52,0.704,1,False
trecrag,0,backbone,2024-58819,2024-43037,110,52,0.8823529411764706,0,False
trecrag,0,backbone,2024-58819,2024-43983,110,20,0.6829268292682927,1,False
trecrag,0,backbone,2024-58819,2024-44060,66,40,0.925,0,False
trecrag,0,backbone,2024-58819,2024-58819,176,25,0.8181818181818182,0,True
trecrag,0,backbone,2024-58819,2024-73340,77,40,0.9113924050632911,1,False
trecrag,0,backbone,2024-58819,2024-73918,198,28,0.6296296296296297,1,False
trecrag,0,backbone,2024-58819,2024-79081,176,44,0.7872340425531915,1,False
trecrag,0,backbone,2024-58819,2024-79154,99,66,0.9846153846153847,0,False
trecrag,0,backbone,2024-58819,2024-88894,143,26,0.5660377358490566,1,False
trecrag,0,backbone,2024-58819,2024-94706,120,43,0.8048780487804879,0,False
trecrag,0,backbone,2024-58819,2024-96063,176,18,0.8108108108108109,0,False
trecrag,0,backbone,2024-58819,2024-96359,121,64,0.6470588235294118,1,False
trecrag,0,backbone,2024-73340,2024-105741,176,40,0.6865671641791045,1,False
trecrag,0,backbone,2024-73340,2024-121840,176,40,0.7341772151898734,0,False
trecrag,0,backbone,2024-73340,2024-127266,132,41,0.7727272727272727,1,False
trecrag,0,backbone,2024-73340,2024-129925,121,62,0.85,1,False
trecrag,0,backbone,2024-73340,2024-141577,220,81,0.6065573770491803,1,False
trecrag,0,backbone,2024-73340,2024-142395,143,55,0.8,1,False
trecrag,0,backbone,2024-73340,2024-143869,220,69,0.8226950354609929,1,False
trecrag,0,backbone,2024-73340,2024-145979,165,90,0.9560439560439561,0,False
trecrag,0,backbone,2024-73340,2024-152259,132,58,0.9344262295081968,0,False
trecrag,0,backbone,2024-73340,2024-152817,176,67,0.8976377952755905,1,False
trecrag,0,backbone,2024-73340,2024-153051,154,89,0.9943502824858758,0,False
trecrag,0,backbone,2024-73340,2024-158261,187,21,0.8,0,False
trecrag,0,backbone,2024-73340,2024-158677,198,67,0.6837606837606838,1,False
trecrag,0,backbone,2024-73340,2024-158743,198,46,0.8210526315789474,0,False
trecrag,0,backbone,2024-73340,2024-18963,187,30,0.7843137254901961,1,False
trecrag,0,backbone,2024-73340,2024-19025,132,53,0.5,1,False
trecrag,0,backbone,2024-73340,2024-213469,143,40,0.8,0,False
trecrag,0,backbone,2024-73340,2024-213789,143,50,0.6766917293233082,1,False
trecrag,0,backbone,2024-73340,2024-213817,143,66,0.9047619047619048,1,False
trecrag,0,backbone,2024-73340,2024-213978,99,16,0.8125,1,False
trecrag,0,backbone,2024-73340,2024-214096,176,69,0.9076923076923077,0,False
trecrag,0,backbone,2024-73340,2024-214257,110,33,0.927536231884058,0,False
trecrag,0,backbone,2024-73340,2024-214467,77,42,0.9382716049382716,0,False
trecrag,0,backbone,2024-73340,2024-215044,165,19,0.7346938775510204,1,False
trecrag,0,backbone,2024-73340,2024-215952,110,32,0.8524590163934426,0,False
trecrag,0,backbone,2024-73340,2024-216592,220,75,0.9315068493150684,0,False
trecrag,0,backbone,2024-73340,2024-217279,132,45,0.8705882352941177,0,False
trecrag,0,backbone,2024-73340,2024-217812,140,62,0.912,0,False
trecrag,0,backbone,2024-73340,2024-219563,110,43,0.6896551724137931,1,False
trecrag,0,backbone,2024-73340,2024-219624,143,52,0.9433962264150944,0,False
trecrag,0,backbone,2024-73340,2024-224279,165,52,0.6521739130434783,1,False
trecrag,0,backbone,2024-73340,2024-224701,198,83,0.847457627118644,0,False
trecrag,0,backbone,2024-73340,2024-224926,121,9,0.4375,1,False
trecrag,0,backbone,2024-73340,2024-22886,220,83,0.9259259259259259,0,False
trecrag,0,backbone,2024-73340,2024-27366,176,68,0.7,1,False
trecrag,0,backbone,2024-73340,2024-29182,165,40,0.8974358974358975,0,False
trecrag,0,backbone,2024-73340,2024-32912,99,63,0.9105691056910569,1,False
trecrag,0,backbone,2024-73340,2024-35227,198,83,0.8095238095238095,0,False
trecrag,0,backbone,2024-73340,2024-35269,110,56,0.9821428571428571,0,False
trecrag,0,backbone,2024-73340,2024-35284,143,66,0.9692307692307692,0,False
trecrag,0,backbone,2024-73340,2024-35620,187,50,0.9142857142857143,0,False
trecrag,0,backbone,2024-73340,2024-38986,176,67,0.594059405940594,1,False
trecrag,0,backbone,2024-73340,2024-41849,209,38,0.723404255319149,1,False
trecrag,0,backbone,2024-73340,2024-42497,165,52,0.7394957983193278,1,False
trecrag,0,backbone,2024-73340,2024-43037,110,52,0.8846153846153846,0,False
trecrag,0,backbone,2024-73340,2024-43983,110,20,0.6818181818181818,1,False
trecrag,0,backbone,2024-73340,2024-44060,66,40,0.9512195121951219,0,False
trecrag,0,backbone,2024-73340,2024-58819,176,25,0.8181818181818182,0,False
trecrag,0,backbone,2024-73340,2024-73340,77,40,1.0,1,True
trecrag,0,backbone,2024-73340,2024-73918,198,28,0.6545454545454545,1,False
trecrag,0,backbone,2024-73340,2024-79081,176,44,0.8125,1,False
trecrag,0,backbone,2024-73340,2024-79154,99,66,0.9923664122137404,0,False
trecrag,0,backbone,2024-73340,2024-88894,143,26,0.5116279069767442,1,False
trecrag,0,backbone,2024-73340,2024-94706,120,43,0.8470588235294118,0,False
trecrag,0,backbone,2024-73340,2024-96063,176,18,0.8648648648648649,0,False
trecrag,0,backbone,2024-73340,2024-96359,121,64,0.7350427350427351,1,False
trecrag,0,backbone,2024-73918,2024-105741,176,40,0.6349206349206349,1,False
trecrag,0,backbone,2024-73918,2024-121840,176,40,0.7654320987654321,0,False
trecrag,0,backbone,2024-73918,2024-127266,132,41,0.7,1,False
trecrag,0,backbone,2024-73918,2024-129925,121,62,0.8403361344537815,1,False
trecrag,0,backbone,2024-73918,2024-141577,220,81,0.6456692913385826,1,False
trecrag,0,backbone,2024-73918,2024-142395,143,55,0.7818181818181819,1,False
trecrag,0,backbone,2024-73918,2024-143869,220,69,0.8769230769230769,1,False
trecrag,0,backbone,2024-73918,2024-145979,165,90,0.9613259668508287,0,False
trecrag,0,backbone,2024-73918,2024-152259,132,58,0.9421487603305785,0,False
trecrag,0,backbone,2024-73918,2024-152817,176,67,0.8976377952755905,1,False
trecrag,0,backbone,2024-73918,2024-153051,154,89,0.9943502824858758,0,False
trecrag,0,backbone,2024-73918,2024-158261,187,21,0.7727272727272727,0,False
trecrag,0,backbone,2024-73918,2024-158677,198,67,0.672566371681416,1,False
trecrag,0,backbone,2024-73918,2024-158743,198,46,0.8631578947368421,0,False
trecrag,0,backbone,2024-73918,2024-18963,187,30,0.6885245901639344,1,False
trecrag,0,backbone,2024-73918,2024-19025,132,53,0.5205479452054794,1,False
trecrag,0,backbone,2024-73918,2024-213469,143,40,0.775,0,False
trecrag,0,backbone,2024-73918,2024-213789,143,50,0.6616541353383458,1,False
trecrag,0,backbone,2024-73918,2024-213817,143,66,0.921875,1,False
trecrag,0,backbone,2024-73918,2024-213978,99,16,0.7777777777777778,1,False
trecrag,0,backbone,2024-73918,2024-214096,176,69,0.9076923076923077,0,False
trecrag,0,backbone,2024-73918,2024-214257,110,33,0.9253731343283582,0,False
trecrag,0,backbone,2024-73918,2024-214467,77,42,0.95,0,False
trecrag,0,backbone,2024-73918,2024-215044,165,19,0.6938775510204082,1,False
trecrag,0,backbone,2024-73918,2024-215952,110,32,0.8333333333333334,0,False
trecrag,0,backbone,2024-73918,2024-216592,220,75,0.9379310344827586,0,False
trecrag,0,backbone,2024-73918,2024-217279,132,45,0.8705882352941177,0,False
trecrag,0,backbone,2024-73918,2024-217812,140,62,0.8870967741935484,0,False
trecrag,0,backbone,2024-73918,2024-219563,110,43,0.7032967032967034,1,False
trecrag,0,backbone,2024-73918,2024-219624,143,52,0.9433962264150944,0,False
trecrag,0,backbone,2024-73918,2024-224279,165,52,0.6382978723404256,1,False
trecrag,0,backbone,2024-73918,2024-224701,198,83,0.847457627118644,0,False
trecrag,0,backbone,2024-73918,2024-224926,121,9,0.5161290322580645,1,False
trecrag,0,backbone,2024-73918,2024-22886,220,83,0.9333333333333333,0,False
trecrag,0,backbone,2024-73918,2024-27366,176,68,0.6194690265486725,1,False
trecrag,0,backbone,2024-73918,2024-29182,165,40,0.8533333333333334,0,False
trecrag,0,backbone,2024-73918,2024-32912,99,63,0.9344262295081968,1,False
trecrag,0,backbone,2024-73918,2024-35227,198,83,0.825,0,False
trecrag,0,backbone,2024-73918,2024-35269,110,56,0.972972972972973,0,False
trecrag,0,backbone,2024-73918,2024-35284,143,66,0.9618320610687023,0,False
trecrag,0,backbone,2024-73918,2024-35620,187,50,0.9142857142857143,0,False
trecrag,0,backbone,2024-73918,2024-38986,176,67,0.5918367346938775,1,False
trecrag,0,backbone,2024-73918,2024-41849,209,38,0.717391304347826,1,False
trecrag,0,backbone,2024-73918,2024-42497,165,52,0.8205128205128205,1,False
trecrag,0,backbone,2024-73918,2024-43037,110,52,0.86,0,False
trecrag,0,backbone,2024-73918,2024-43983,110,20,0.6976744186046512,1,False
trecrag,0,backbone,2024-73918,2024-44060,66,40,0.9113924050632911,0,False
trecrag,0,backbone,2024-73918,2024-58819,176,25,0.8,0,False
trecrag,0,backbone,2024-73918,2024-73340,77,40,0.9367088607594937,1,False
trecrag,0,backbone,2024-73918,2024-73918,198,28,0.9473684210526315,1,True
trecrag,0,backbone,2024-73918,2024-79081,176,44,0.8163265306122449,1,False
trecrag,0,backbone,2024-73918,2024-79154,99,66,0.9846153846153847,0,False
trecrag,0,backbone,2024-73918,2024-88894,143,26,0.48,1,False
trecrag,0,backbone,2024-73918,2024-94706,120,43,0.7654320987654321,0,False
trecrag,0,backbone,2024-73918,2024-96063,176,18,0.7777777777777778,0,False
trecrag,0,backbone,2024-73918,2024-96359,121,64,0.7037037037037037,1,False
trecrag,0,backbone,2024-79081,2024-105741,176,40,0.7605633802816901,1,False
trecrag,0,backbone,2024-79081,2024-121840,176,40,0.7560975609756098,0,False
trecrag,0,backbone,2024-79081,2024-127266,132,41,0.7368421052631579,1,False
trecrag,0,backbone,2024-79081,2024-129925,121,62,0.8617886178861789,1,False
trecrag,0,backbone,2024-79081,2024-141577,220,81,0.6717557251908397,1,False
trecrag,0,backbone,2024-79081,2024-142395,143,55,0.8032786885245902,1,False
trecrag,0,backbone,2024-79081,2024-143869,220,69,0.8769230769230769,1,False
trecrag,0,backbone,2024-79081,2024-145979,165,90,0.9555555555555556,0,False
trecrag,0,backbone,2024-79081,2024-152259,132,58,0.9344262295081968,0,False
trecrag,0,backbone,2024-79081,2024-152817,176,67,0.90625,1,False
trecrag,0,backbone,2024-79081,2024-153051,154,89,0.9943502824858758,0,False
trecrag,0,backbone,2024-79081,2024-158261,187,21,0.7843137254901961,0,False
trecrag,0,backbone,2024-79081,2024-158677,198,67,0.7,1,False
trecrag,0,backbone,2024-79081,2024-158743,198,46,0.8514851485148515,0,False
trecrag,0,backbone,2024-79081,2024-18963,187,30,0.6666666666666666,1,False
trecrag,0,backbone,2024-79081,2024-19025,132,53,0.45714285714285713,1,False
trecrag,0,backbone,2024-79081,2024-213469,143,40,0.7804878048780488,0,False
trecrag,0,backbone,2024-79081,2024-213789,143,50,0.6615384615384615,1,False
trecrag,0,backbone,2024-79081,2024-213817,143,66,0.9465648854961832,1,False
trecrag,0,backbone,2024-79081,2024-213978,99,16,0.8125,1,False
trecrag,0,backbone,2024-79081,2024-214096,176,69,0.9076923076923077,0,False
trecrag,0,backbone,2024-79081,2024-214257,110,33,0.927536231884058,0,False
trecrag,0,backbone,2024-79081,2024-214467,77,42,0.9629629629629629,0,False
trecrag,0,backbone,2024-79081,2024-215044,165,19,0.7450980392156863,1,False
trecrag,0,backbone,2024-79081,2024-215952,110,32,0.8125,0,False
trecrag,0,backbone,2024-79081,2024-216592,220,75,0.9271523178807947,0,False
trecrag,0,backbone,2024-79081,2024-217279,132,45,0.8505747126436781,0,False
trecrag,0,backbone,2024-79081,2024-217812,140,62,0.9206349206349206,0,False
trecrag,0,backbone,2024-79081,2024-219563,110,43,0.6813186813186813,1,False
trecrag,0,backbone,2024-79081,2024-219624,143,52,0.9433962264150944,0,False
trecrag,0,backbone,2024-79081,2024-224279,165,52,0.6336633663366337,1,False
trecrag,0,backbone,2024-79081,2024-224701,198,83,0.8636363636363636,0,False
trecrag,0,backbone,2024-79081,2024-224926,121,9,0.5,1,False
trecrag,0,backbone,2024-79081,2024-22886,220,83,0.9112426035502958,0,False
trecrag,0,backbone,2024-79081,2024-27366,176,68,0.7288135593220338,1,False
trecrag,0,backbone,2024-79081,2024-29182,165,40,0.8607594936708861,0,False
trecrag,0,backbone,2024-79081,2024-32912,99,63,0.943089430894309,1,False
trecrag,0,backbone,2024-79081,2024-35227,198,83,0.8047337278106509,0,False
trecrag,0,backbone,2024-79081,2024-35269,110,56,0.972972972972973,0,False
trecrag,0,backbone,2024-79081,2024-35284,143,66,0.9618320610687023,0,False
trecrag,0,backbone,2024-79081,2024-35620,187,50,0.9230769230769231,0,False
trecrag,0,backbone,2024-79081,2024-38986,176,67,0.5892857142857143,1,False
trecrag,0,backbone,2024-79081,2024-41849,209,38,0.7021276595744681,1,False
trecrag,0,backbone,2024-79081,2024-42497,165,52,0.7317073170731707,1,False
trecrag,0,backbone,2024-79081,2024-43037,110,52,0.9056603773584906,0,False
trecrag,0,backbone,2024-79081,2024-43983,110,20,0.6938775510204082,1,False
trecrag,0,backbone,2024-79081,2024-44060,66,40,0.925,0,False
trecrag,0,backbone,2024-79081,2024-58819,176,25,0.782608695652174,0,False
trecrag,0,backbone,2024-79081,2024-73340,77,40,0.8860759493670886,1,False
trecrag,0,backbone,2024-79081,2024-73918,198,28,0.5625,1,False
trecrag,0,backbone,2024-79081,2024-79081,176,44,0.9111111111111111,1,True
trecrag,0,backbone,2024-79081,2024-79154,99,66,0.9923664122137404,0,False
trecrag,0,backbone,2024-79081,2024-88894,143,26,0.4745762711864407,1,False
trecrag,0,backbone,2024-79081,2024-94706,120,43,0.8372093023255814,0,False
trecrag,0,backbone,2024-79081,2024-96063,176,18,0.8205128205128205,0,False
trecrag,0,backbone,2024-79081,2024-96359,121,64,0.6909090909090909,1,False
trecrag,0,backbone,2024-79154,2024-105741,176,40,0.7692307692307693,1,False
trecrag,0,backbone,2024-79154,2024-121840,176,40,0.7804878048780488,0,False
trecrag,0,backbone,2024-79154,2024-127266,132,41,0.7422680412371134,1,False
trecrag,0,backbone,2024-79154,2024-129925,121,62,0.8617886178861789,1,False
trecrag,0,backbone,2024-79154,2024-141577,220,81,0.6870229007633588,1,False
trecrag,0,backbone,2024-79154,2024-142395,143,55,0.8,1,False
trecrag,0,backbone,2024-79154,2024-143869,220,69,0.8591549295774648,1,False
trecrag,0,backbone,2024-79154,2024-145979,165,90,0.9617486338797814,0,False
trecrag,0,backbone,2024-79154,2024-152259,132,58,0.9344262295081968,0,False
trecrag,0,backbone,2024-79154,2024-152817,176,67,0.9076923076923077,1,False
trecrag,0,backbone,2024-79154,2024-153051,154,89,0.9943502824858758,0,False
trecrag,0,backbone,2024-79154,2024-158261,187,21,0.6938775510204082,0,False
trecrag,0,backbone,2024-79154,2024-158677,198,67,0.7049180327868853,1,False
trecrag,0,backbone,2024-79154,2024-158743,198,46,0.8571428571428571,0,False
trecrag,0,backbone,2024-79154,2024-18963,187,30,0.676923076923077,1,False
trecrag,0,backbone,2024-79154,2024-19025,132,53,0.5641025641025641,1,False
trecrag,0,backbone,2024-79154,2024-213469,143,40,0.7710843373493976,0,False
trecrag,0,backbone,2024-79154,2024-213789,143,50,0.6308724832214765,1,False
trecrag,0,backbone,2024-79154,2024-213817,143,66,0.9545454545454546,1,False
trecrag,0,backbone,2024-79154,2024-213978,99,16,0.8235294117647058,1,False
trecrag,0,backbone,2024-79154,2024-214096,176,69,0.9090909090909091,0,False
trecrag,0,backbone,2024-79154,2024-214257,110,33,0.927536231884058,0,False
trecrag,0,backbone,2024-79154,2024-214467,77,42,0.9512195121951219,0,False
trecrag,0,backbone,2024-79154,2024-215044,165,19,0.6792452830188679,1,False
trecrag,0,backbone,2024-79154,2024-215952,110,32,0.8333333333333334,0,False
trecrag,0,backbone,2024-79154,2024-216592,220,75,0.9403973509933775,0,False
trecrag,0,backbone,2024-79154,2024-217279,132,45,0.8863636363636364,0,False
trecrag,0,backbone,2024-79154,2024-217812,140,62,0.9147286821705426,0,False
trecrag,0,backbone,2024-79154,2024-219563,110,43,0.7142857142857143,1,False
trecrag,0,backbone,2024-79154,2024-219624,143,52,0.9532710280373832,0,False
trecrag,0,backbone,2024-79154,2024-224279,165,52,0.6597938144329897,1,False
trecrag,0,backbone,2024-79154,2024-224701,198,83,0.8539325842696629,0,False
trecrag,0,backbone,2024-79154,2024-224926,121,9,0.4666666666666667,1,False
trecrag,0,backbone,2024-79154,2024-22886,220,83,0.9221556886227545,0,False
trecrag,0,backbone,2024-79154,2024-27366,176,68,0.72,1,False
trecrag,0,backbone,2024-79154,2024-29182,165,40,0.8888888888888888,0,False
trecrag,0,backbone,2024-79154,2024-32912,99,63,0.9291338582677166,1,False
trecrag,0,backbone,2024-79154,2024-35227,198,83,0.8143712574850299,0,False
trecrag,0,backbone,2024-79154,2024-35269,110,56,0.972972972972973,0,False
trecrag,0,backbone,2024-79154,2024-35284,143,66,0.9618320610687023,0,False
trecrag,0,backbone,2024-79154,2024-35620,187,50,0.9245283018867925,0,False
trecrag,0,backbone,2024-79154,2024-38986,176,67,0.5714285714285714,1,False
trecrag,0,backbone,2024-79154,2024-41849,209,38,0.6422018348623854,1,False
trecrag,0,backbone,2024-79154,2024-42497,165,52,0.6764705882352942,1,False
trecrag,0,backbone,2024-79154,2024-43037,110,52,0.8867924528301887,0,False
trecrag,0,backbone,2024-79154,2024-43983,110,20,0.6415094339622641,1,False
trecrag,0,backbone,2024-79154,2024-44060,66,40,0.963855421686747,0,False
trecrag,0,backbone,2024-79154,2024-58819,176,25,0.8260869565217391,0,False
trecrag,0,backbone,2024-79154,2024-73340,77,40,0.9135802469135802,1,False
trecrag,0,backbone,2024-79154,2024-73918,198,28,0.6111111111111112,1,False
trecrag,0,backbone,2024-79154,2024-79081,176,44,0.780952380952381,1,False
trecrag,0,backbone,2024-79154,2024-79154,99,66,0.9923664122137404,0,True
trecrag,0,backbone,2024-79154,2024-88894,143,26,0.5964912280701754,1,False
trecrag,0,backbone,2024-79154,2024-94706,120,43,0.8735632183908046,0,False
trecrag,0,backbone,2024-79154,2024-96063,176,18,0.8205128205128205,0,False
trecrag,0,backbone,2024-79154,2024-96359,121,64,0.7130434782608696,1,False
trecrag,0,backbone,2024-88894,2024-105741,176,40,0.7164179104477612,1,False
trecrag,0,backbone,2024-88894,2024-121840,176,40,0.7532467532467533,0,False
trecrag,0,backbone,2024-88894,2024-127266,132,41,0.7727272727272727,1,False
trecrag,0,backbone,2024-88894,2024-129925,121,62,0.8429752066115702,1,False
trecrag,0,backbone,2024-88894,2024-141577,220,81,0.6456692913385826,1,False
trecrag,0,backbone,2024-88894,2024-142395,143,55,0.7719298245614035,1,False
trecrag,0,backbone,2024-88894,2024-143869,220,69,0.8805970149253731,1,False
trecrag,0,backbone,2024-88894,2024-145979,165,90,0.9456521739130435,0,False
trecrag,0,backbone,2024-88894,2024-152259,132,58,0.9344262295081968,0,False
trecrag,0,backbone,2024-88894,2024-152817,176,67,0.9147286821705426,1,False
trecrag,0,backbone,2024-88894,2024-153051,154,89,0.9943502824858758,0,False
trecrag,0,backbone,2024-88894,2024-158261,187,21,0.72,0,False
trecrag,0,backbone,2024-88894,2024-158677,198,67,0.6722689075630253,1,False
trecrag,0,backbone,2024-88894,2024-158743,198,46,0.8723404255319149,0,False
trecrag,0,backbone,2024-88894,2024-18963,187,30,0.7272727272727273,1,False
trecrag,0,backbone,2024-88894,2024-19025,132,53,0.5,1,False
trecrag,0,backbone,2024-88894,2024-213469,143,40,0.7804878048780488,0,False
trecrag,0,backbone,2024-88894,2024-213789,143,50,0.6818181818181818,1,False
trecrag,0,backbone,2024-88894,2024-213817,143,66,0.9465648854961832,1,False
trecrag,0,backbone,2024-88894,2024-213978,99,16,0.8235294117647058,1,False
trecrag,0,backbone,2024-88894,2024-214096,176,69,0.9076923076923077,0,False
trecrag,0,backbone,2024-88894,2024-214257,110,33,0.927536231884058,0,False
trecrag,0,backbone,2024-88894,2024-214467,77,42,0.9629629629629629,0,False
trecrag,0,backbone,2024-88894,2024-215044,165,19,0.75,1,False
trecrag,0,backbone,2024-88894,2024-215952,110,32,0.847457627118644,0,False
trecrag,0,backbone,2024-88894,2024-216592,220,75,0.9324324324324325,0,False
trecrag,0,backbone,2024-88894,2024-217279,132,45,0.8604651162790697,0,False
trecrag,0,backbone,2024-88894,2024-217812,140,62,0.9047619047619048,0,False
trecrag,0,backbone,2024-88894,2024-219563,110,43,0.7021276595744681,1,False
trecrag,0,backbone,2024-88894,2024-219624,143,52,0.9433962264150944,0,False
trecrag,0,backbone,2024-88894,2024-224279,165,52,0.6593406593406593,1,False
trecrag,0,backbone,2024-88894,2024-224701,198,83,0.8571428571428571,0,False
trecrag,0,backbone,2024-88894,2024-224926,121,9,0.5,1,False
trecrag,0,backbone,2024-88894,2024-22886,220,83,0.9221556886227545,0,False
trecrag,0,backbone,2024-88894,2024-27366,176,68,0.7317073170731707,1,False
trecrag,0,backbone,2024-88894,2024-29182,165,40,0.8974358974358975,0,False
trecrag,0,backbone,2024-88894,2024-32912,99,63,0.9421487603305785,1,False
trecrag,0,backbone,2024-88894,2024-35227,198,83,0.8301886792452831,0,False
trecrag,0,backbone,2024-88894,2024-35269,110,56,0.9636363636363636,0,False
trecrag,0,backbone,2024-88894,2024-35284,143,66,0.9692307692307692,0,False
trecrag,0,backbone,2024-88894,2024-35620,187,50,0.9333333333333333,0,False
trecrag,0,backbone,2024-88894,2024-38986,176,67,0.616822429906542,1,False
trecrag,0,backbone,2024-88894,2024-41849,209,38,0.7070707070707071,1,False
trecrag,0,backbone,2024-88894,2024-42497,165,52,0.7333333333333333,1,False
trecrag,0,backbone,2024-88894,2024-43037,110,52,0.8867924528301887,0,False
trecrag,0,backbone,2024-88894,2024-43983,110,20,0.6666666666666666,1,False
trecrag,0,backbone,2024-88894,2024-44060,66,40,0.926829268292683,0,False
trecrag,0,backbone,2024-88894,2024-58819,176,25,0.8181818181818182,0,False
trecrag,0,backbone,2024-88894,2024-73340,77,40,0.8717948717948718,1,False
trecrag,0,backbone,2024-88894,2024-73918,198,28,0.6461538461538462,1,False
trecrag,0,backbone,2024-88894,2024-79081,176,44,0.7368421052631579,1,False
trecrag,0,backbone,2024-88894,2024-79154,99,66,0.9923664122137404,0,False
trecrag,0,backbone,2024-88894,2024-88894,143,26,0.6274509803921569,1,True
trecrag,0,backbone,2024-88894,2024-94706,120,43,0.8505747126436781,0,False
trecrag,0,backbone,2024-88894,2024-96063,176,18,0.8,0,False
trecrag,0,backbone,2024-88894,2024-96359,121,64,0.6538461538461539,1,False
trecrag,0,backbone,2024-94706,2024-105741,176,40,0.7428571428571429,1,False
trecrag,0,backbone,2024-94706,2024-121840,176,40,0.7804878048780488,0,False
trecrag,0,backbone,2024-94706,2024-127266,132,41,0.7311827956989247,1,False
trecrag,0,backbone,2024-94706,2024-129925,121,62,0.8455284552845529,1,False
trecrag,0,backbone,2024-94706,2024-141577,220,81,0.6614173228346457,1,False
trecrag,0,backbone,2024-94706,2024-142395,143,55,0.7931034482758621,1,False
trecrag,0,backbone,2024-94706,2024-143869,220,69,0.8656716417910447,1,False
trecrag,0,backbone,2024-94706,2024-145979,165,90,0.9666666666666667,0,False
trecrag,0,backbone,2024-94706,2024-152259,132,58,0.9421487603305785,0,False
trecrag,0,backbone,2024-94706,2024-152817,176,67,0.8888888888888888,1,False
trecrag,0,backbone,2024-94706,2024-153051,154,89,0.9943502824858758,0,False
trecrag,0,backbone,2024-94706,2024-158261,187,21,0.6938775510204082,0,False
trecrag,0,backbone,2024-94706,2024-158677,198,67,0.6779661016949152,1,False
trecrag,0,backbone,2024-94706,2024-158743,198,46,0.8484848484848485,0,False
trecrag,0,backbone,2024-94706,2024-18963,187,30,0.711864406779661,1,False
trecrag,0,backbone,2024-94706,2024-19025,132,53,0.4864864864864865,1,False
trecrag,0,backbone,2024-94706,2024-213469,143,40,0.7804878048780488,0,False
trecrag,0,backbone,2024-94706,2024-213789,143,50,0.6518518518518519,1,False
trecrag,0,backbone,2024-94706,2024-213817,143,66,0.9384615384615385,1,False
trecrag,0,backbone,2024-94706,2024-213978,99,16,0.8125,1,False
trecrag,0,backbone,2024-94706,2024-214096,176,69,0.9076923076923077,0,False
trecrag,0,backbone,2024-94706,2024-214257,110,33,0.927536231884058,0,False
trecrag,0,backbone,2024-94706,2024-214467,77,42,0.9629629629629629,0,False
trecrag,0,backbone,2024-94706,2024-215044,165,19,0.75,1,False
trecrag,0,backbone,2024-94706,2024-215952,110,32,0.8333333333333334,0,False
trecrag,0,backbone,2024-94706,2024-216592,220,75,0.9403973509933775,0,False
trecrag,0,backbone,2024-94706,2024-217279,132,45,0.8735632183908046,0,False
trecrag,0,backbone,2024-94706,2024-217812,140,62,0.9133858267716536,0,False
trecrag,0,backbone,2024-94706,2024-219563,110,43,0.6813186813186813,1,False
trecrag,0,backbone,2024-94706,2024-219624,143,52,0.9433962264150944,0,False
trecrag,0,backbone,2024-94706,2024-224279,165,52,0.6391752577319587,1,False
trecrag,0,backbone,2024-94706,2024-224701,198,83,0.8571428571428571,0,False
trecrag,0,backbone,2024-94706,2024-224926,121,9,0.42424242424242425,1,False
trecrag,0,backbone,2024-94706,2024-22886,220,83,0.9333333333333333,0,False
trecrag,0,backbone,2024-94706,2024-27366,176,68,0.6779661016949152,1,False
trecrag,0,backbone,2024-94706,2024-29182,165,40,0.9113924050632911,0,False
trecrag,0,backbone,2024-94706,2024-32912,99,63,0.926829268292683,1,False
trecrag,0,backbone,2024-94706,2024-35227,198,83,0.8121212121212121,0,False
trecrag,0,backbone,2024-94706,2024-35269,110,56,0.9821428571428571,0,False
trecrag,0,backbone,2024-94706,2024-35284,143,66,0.9618320610687023,0,False
trecrag,0,backbone,2024-94706,2024-35620,187,50,0.9142857142857143,0,False
trecrag,0,backbone,2024-94706,2024-38986,176,67,0.6019417475728155,1,False
trecrag,0,backbone,2024-94706,2024-41849,209,38,0.7083333333333334,1,False
trecrag,0,backbone,2024-94706,2024-42497,165,52,0.7272727272727273,1,False
trecrag,0,backbone,2024-94706,2024-43037,110,52,0.8761904761904762,0,False
trecrag,0,backbone,2024-94706,2024-43983,110,20,0.5964912280701754,1,False
trecrag,0,backbone,2024-94706,2024-44060,66,40,0.9512195121951219,0,False
trecrag,0,backbone,2024-94706,2024-58819,176,25,0.8181818181818182,0,False
trecrag,0,backbone,2024-94706,2024-73340,77,40,0.9,1,False
trecrag,0,backbone,2024-94706,2024-73918,198,28,0.5970149253731343,1,False
trecrag,0,backbone,2024-94706,2024-79081,176,44,0.8080808080808081,1,False
trecrag,0,backbone,2024-94706,2024-79154,99,66,0.9923664122137404,0,False
trecrag,0,backbone,2024-94706,2024-88894,143,26,0.5660377358490566,1,False
trecrag,0,backbone,2024-94706,2024-94706,120,43,0.898876404494382,0,True
trecrag,0,backbone,2024-94706,2024-96063,176,18,0.8205128205128205,0,False
trecrag,0,backbone,2024-94706,2024-96359,121,64,0.6851851851851852,1,False
trecrag,0,backbone,2024-96063,2024-105741,176,40,0.7076923076923077,1,False
trecrag,0,backbone,2024-96063,2024-121840,176,40,0.7692307692307693,0,False
trecrag,0,backbone,2024-96063,2024-127266,132,41,0.7727272727272727,1,False
trecrag,0,backbone,2024-96063,2024-129925,121,62,0.8103448275862069,1,False
trecrag,0,backbone,2024-96063,2024-141577,220,81,0.6456692913385826,1,False
trecrag,0,backbone,2024-96063,2024-142395,143,55,0.7619047619047619,1,False
trecrag,0,backbone,2024-96063,2024-143869,220,69,0.8740740740740741,1,False
trecrag,0,backbone,2024-96063,2024-145979,165,90,0.9613259668508287,0,False
trecrag,0,backbone,2024-96063,2024-152259,132,58,0.9344262295081968,0,False
trecrag,0,backbone,2024-96063,2024-152817,176,67,0.8976377952755905,1,False
trecrag,0,backbone,2024-96063,2024-153051,154,89,0.9943502824858758,0,False
trecrag,0,backbone,2024-96063,2024-158261,187,21,0.7906976744186046,0,False
trecrag,0,backbone,2024-96063,2024-158677,198,67,0.625,1,False
trecrag,0,backbone,2024-96063,2024-158743,198,46,0.8936170212765957,0,False
trecrag,0,backbone,2024-96063,2024-18963,187,30,0.7547169811320755,1,False
trecrag,0,backbone,2024-96063,2024-19025,132,53,0.4788732394366197,1,False
trecrag,0,backbone,2024-96063,2024-213469,143,40,0.7948717948717948,0,False
trecrag,0,backbone,2024-96063,2024-213789,143,50,0.672,1,False
trecrag,0,backbone,2024-96063,2024-213817,143,66,0.9133858267716536,1,False
trecrag,0,backbone,2024-96063,2024-213978,99,16,0.8275862068965517,1,False
trecrag,0,backbone,2024-96063,2024-214096,176,69,0.9076923076923077,0,False
trecrag,0,backbone,2024-96063,2024-214257,110,33,0.927536231884058,0,False
trecrag,0,backbone,2024-96063,2024-214467,77,42,0.95,0,False
trecrag,0,backbone,2024-96063,2024-215044,165,19,0.8372093023255814,1,False
trecrag,0,backbone,2024-96063,2024-215952,110,32,0.847457627118644,0,False
trecrag,0,backbone,2024-96063,2024-216592,220,75,0.9261744966442953,0,False
trecrag,0,backbone,2024-96063,2024-217279,132,45,0.8470588235294118,0,False
trecrag,0,backbone,2024-96063,2024-217812,140,62,0.9047619047619048,0,False
trecrag,0,backbone,2024-96063,2024-219563,110,43,0.7191011235955056,1,False
trecrag,0,backbone,2024-96063,2024-219624,143,52,0.9433962264150944,0,False
trecrag,0,backbone,2024-96063,2024-224279,165,52,0.6444444444444445,1,False
trecrag,0,backbone,2024-96063,2024-224701,198,83,0.8538011695906432,0,False
trecrag,0,backbone,2024-96063,2024-224926,121,9,0.5,1,False
trecrag,0,backbone,2024-96063,2024-22886,220,83,0.9325153374233128,0,False
trecrag,0,backbone,2024-96063,2024-27366,176,68,0.7068965517241379,1,False
trecrag,0,backbone,2024-96063,2024-29182,165,40,0.8831168831168831,0,False
trecrag,0,backbone,2024-96063,2024-32912,99,63,0.9180327868852459,1,False
trecrag,0,backbone,2024-96063,2024-35227,198,83,0.8148148148148148,0,False
trecrag,0,backbone,2024-96063,2024-35269,110,56,0.9636363636363636,0,False
trecrag,0,backbone,2024-96063,2024-35284,143,66,0.9612403100775194,0,False
trecrag,0,backbone,2024-96063,2024-35620,187,50,0.9142857142857143,0,False
trecrag,0,backbone,2024-96063,2024-38986,176,67,0.5742574257425742,1,False
trecrag,0,backbone,2024-96063,2024-41849,209,38,0.7311827956989247,1,False
trecrag,0,backbone,2024-96063,2024-42497,165,52,0.7333333333333333,1,False
trecrag,0,backbone,2024-96063,2024-43037,110,52,0.8932038834951457,0,False
trecrag,0,backbone,2024-96063,2024-43983,110,20,0.75,1,False
trecrag,0,backbone,2024-96063,2024-44060,66,40,0.9382716049382716,0,False
trecrag,0,backbone,2024-96063,2024-58819,176,25,0.7906976744186046,0,False
trecrag,0,backbone,2024-96063,2024-73340,77,40,0.8974358974358975,1,False
trecrag,0,backbone,2024-96063,2024-73918,198,28,0.6551724137931034,1,False
trecrag,0,backbone,2024-96063,2024-79081,176,44,0.7640449438202247,1,False
trecrag,0,backbone,2024-96063,2024-79154,99,66,0.9846153846153847,0,False
trecrag,0,backbone,2024-96063,2024-88894,143,26,0.3157894736842105,1,False
trecrag,0,backbone,2024-96063,2024-94706,120,43,0.8192771084337349,0,False
trecrag,0,backbone,2024-96063,2024-96063,176,18,0.8205128205128205,0,True
trecrag,0,backbone,2024-96063,2024-96359,121,64,0.6407766990291263,1,False
trecrag,0,backbone,2024-96359,2024-105741,176,40,0.8051948051948052,1,False
trecrag,0,backbone,2024-96359,2024-121840,176,40,0.7674418604651163,0,False
trecrag,0,backbone,2024-96359,2024-127266,132,41,0.6857142857142857,1,False
trecrag,0,backbone,2024-96359,2024-129925,121,62,0.8307692307692308,1,False
trecrag,0,backbone,2024-96359,2024-141577,220,81,0.7412587412587412,1,False
trecrag,0,backbone,2024-96359,2024-142395,143,55,0.7906976744186046,1,False
trecrag,0,backbone,2024-96359,2024-143869,220,69,0.8472222222222222,1,False
trecrag,0,backbone,2024-96359,2024-145979,165,90,0.9214659685863874,0,False
trecrag,0,backbone,2024-96359,2024-152259,132,58,0.926829268292683,0,False
trecrag,0,backbone,2024-96359,2024-152817,176,67,0.8992248062015504,1,False
trecrag,0,backbone,2024-96359,2024-153051,154,89,0.9943502824858758,0,False
trecrag,0,backbone,2024-96359,2024-158261,187,21,0.7307692307692307,0,False
trecrag,0,backbone,2024-96359,2024-158677,198,67,0.7272727272727273,1,False
trecrag,0,backbone,2024-96359,2024-158743,198,46,0.8301886792452831,0,False
trecrag,0,backbone,2024-96359,2024-18963,187,30,0.5974025974025974,1,False
trecrag,0,backbone,2024-96359,2024-19025,132,53,0.7032967032967034,1,False
trecrag,0,backbone,2024-96359,2024-213469,143,40,0.7789473684210526,0,False
trecrag,0,backbone,2024-96359,2024-213789,143,50,0.6530612244897959,1,False
trecrag,0,backbone,2024-96359,2024-213817,143,66,0.948905109489051,1,False
trecrag,0,backbone,2024-96359,2024-213978,99,16,0.7777777777777778,1,False
trecrag,0,backbone,2024-96359,2024-214096,176,69,0.9037037037037037,0,False
trecrag,0,backbone,2024-96359,2024-214257,110,33,0.9014084507042254,0,False
trecrag,0,backbone,2024-96359,2024-214467,77,42,0.9512195121951219,0,False
trecrag,0,backbone,2024-96359,2024-215044,165,19,0.59375,1,False
trecrag,0,backbone,2024-96359,2024-215952,110,32,0.8181818181818182,0,False
trecrag,0,backbone,2024-96359,2024-216592,220,75,0.9403973509933775,0,False
trecrag,0,backbone,2024-96359,2024-217279,132,45,0.9010989010989011,0,False
trecrag,0,backbone,2024-96359,2024-217812,140,62,0.9076923076923077,0,False
trecrag,0,backbone,2024-96359,2024-219563,110,43,0.7326732673267327,1,False
trecrag,0,backbone,2024-96359,2024-219624,143,52,0.9532710280373832,0,False
trecrag,0,backbone,2024-96359,2024-224279,165,52,0.6785714285714286,1,False
trecrag,0,backbone,2024-96359,2024-224701,198,83,0.8478260869565217,0,False
trecrag,0,backbone,2024-96359,2024-224926,121,9,0.5,1,False
trecrag,0,backbone,2024-96359,2024-22886,220,83,0.9166666666666666,0,False
trecrag,0,backbone,2024-96359,2024-27366,176,68,0.7101449275362319,1,False
trecrag,0,backbone,2024-96359,2024-29182,165,40,0.891566265060241,0,False
trecrag,0,backbone,2024-96359,2024-32912,99,63,0.8872180451127819,1,False
trecrag,0,backbone,2024-96359,2024-35227,198,83,0.7954545454545454,0,False
trecrag,0,backbone,2024-96359,2024-35269,110,56,0.9734513274336283,0,False
trecrag,0,backbone,2024-96359,2024-35284,143,66,0.9545454545454546,0,False
trecrag,0,backbone,2024-96359,2024-35620,187,50,0.8849557522123894,0,False
trecrag,0,backbone,2024-96359,2024-38986,176,67,0.6666666666666666,1,False
trecrag,0,backbone,2024-96359,2024-41849,209,38,0.5714285714285714,1,False
trecrag,0,backbone,2024-96359,2024-42497,165,52,0.6573426573426573,1,False
trecrag,0,backbone,2024-96359,2024-43037,110,52,0.8909090909090909,0,False
trecrag,0,backbone,2024-96359,2024-43983,110,20,0.5333333333333333,1,False
trecrag,0,backbone,2024-96359,2024-44060,66,40,0.9411764705882353,0,False
trecrag,0,backbone,2024-96359,2024-58819,176,25,0.8076923076923077,0,False
trecrag,0,backbone,2024-96359,2024-73340,77,40,0.926829268292683,1,False
trecrag,0,backbone,2024-96359,2024-73918,198,28,0.6086956521739131,1,False
trecrag,0,backbone,2024-96359,2024-79081,176,44,0.6567164179104478,1,False
trecrag,0,backbone,2024-96359,2024-79154,99,66,0.9848484848484849,0,False
trecrag,0,backbone,2024-96359,2024-88894,143,26,0.6216216216216216,1,False
trecrag,0,backbone,2024-96359,2024-94706,120,43,0.8505747126436781,0,False
trecrag,0,backbone,2024-96359,2024-96063,176,18,0.8,0,False
trecrag,0,backbone,2024-96359,2024-96359,121,64,0.7603305785123967,1,True
trecrag,0,warmup,warmup,2024-105741,176,40,0.676923076923077,1,False
trecrag,0,warmup,warmup,2024-121840,176,40,0.7435897435897436,0,False
trecrag,0,warmup,warmup,2024-127266,132,41,0.7472527472527473,1,False
trecrag,0,warmup,warmup,2024-129925,121,62,0.8275862068965517,1,False
trecrag,0,warmup,warmup,2024-141577,220,81,0.64,1,False
trecrag,0,warmup,warmup,2024-142395,143,55,0.8108108108108109,1,False
trecrag,0,warmup,warmup,2024-143869,220,69,0.8787878787878788,1,False
trecrag,0,warmup,warmup,2024-145979,165,90,0.9613259668508287,0,False
trecrag,0,warmup,warmup,2024-152259,132,58,0.9344262295081968,0,False
trecrag,0,warmup,warmup,2024-152817,176,67,0.8888888888888888,1,False
trecrag,0,warmup,warmup,2024-153051,154,89,0.9943502824858758,0,False
trecrag,0,warmup,warmup,2024-158261,187,21,0.7727272727272727,0,False
trecrag,0,warmup,warmup,2024-158677,198,67,0.6608695652173913,1,False
trecrag,0,warmup,warmup,2024-158743,198,46,0.851063829787234,0,False
trecrag,0,warmup,warmup,2024-18963,187,30,0.7142857142857143,1,False
trecrag,0,warmup,warmup,2024-19025,132,53,0.4788732394366197,1,False
trecrag,0,warmup,warmup,2024-213469,143,40,0.8,0,False
trecrag,0,warmup,warmup,2024-213789,143,50,0.6821705426356589,1,False
trecrag,0,warmup,warmup,2024-213817,143,66,0.9302325581395349,1,False
trecrag,0,warmup,warmup,2024-213978,99,16,0.8,1,False
trecrag,0,warmup,warmup,2024-214096,176,69,0.9076923076923077,0,False
trecrag,0,warmup,warmup,2024-214257,110,33,0.927536231884058,0,False
trecrag,0,warmup,warmup,2024-214467,77,42,0.95,0,False
trecrag,0,warmup,warmup,2024-215044,165,19,0.782608695652174,1,False
trecrag,0,warmup,warmup,2024-215952,110,32,0.8135593220338984,0,False
trecrag,0,warmup,warmup,2024-216592,220,75,0.9261744966442953,0,False
trecrag,0,warmup,warmup,2024-217279,132,45,0.8604651162790697,0,False
trecrag,0,warmup,warmup,2024-217812,140,62,0.896,0,False
trecrag,0,warmup,warmup,2024-219563,110,43,0.7045454545454546,1,False
trecrag,0,warmup,warmup,2024-219624,143,52,0.9433962264150944,0,False
trecrag,0,warmup,warmup,2024-224279,165,52,0.6888888888888889,1,False
trecrag,0,warmup,warmup,2024-224701,198,83,0.8620689655172413,0,False
trecrag,0,warmup,warmup,2024-224926,121,9,0.5185185185185185,1,False
trecrag,0,warmup,warmup,2024-22886,220,83,0.9325153374233128,0,False
trecrag,0,warmup,warmup,2024-27366,176,68,0.6666666666666666,1,False
trecrag,0,warmup,warmup,2024-29182,165,40,0.8860759493670886,0,False
trecrag,0,warmup,warmup,2024-32912,99,63,0.926829268292683,1,False
trecrag,0,warmup,warmup,2024-35227,198,83,0.8098159509202454,0,False
trecrag,0,warmup,warmup,2024-35269,110,56,0.9636363636363636,0,False
trecrag,0,warmup,warmup,2024-35284,143,66,0.9692307692307692,0,False
trecrag,0,warmup,warmup,2024-35620,187,50,0.9230769230769231,0,False
trecrag,0,warmup,warmup,2024-38986,176,67,0.58,1,False
trecrag,0,warmup,warmup,2024-41849,209,38,0.717391304347826,1,False
trecrag,0,warmup,warmup,2024-42497,165,52,0.7272727272727273,1,False
trecrag,0,warmup,warmup,2024-43037,110,52,0.8737864077669902,0,False
trecrag,0,warmup,warmup,2024-43983,110,20,0.6363636363636364,1,False
trecrag,0,warmup,warmup,2024-44060,66,40,0.9512195121951219,0,False
trecrag,0,warmup,warmup,2024-58819,176,25,0.7906976744186046,0,False
trecrag,0,warmup,warmup,2024-73340,77,40,0.8974358974358975,1,False
trecrag,0,warmup,warmup,2024-73918,198,28,0.6666666666666666,1,False
trecrag,0,warmup,warmup,2024-79081,176,44,0.8,1,False
trecrag,0,warmup,warmup,2024-79154,99,66,0.9846153846153847,0,False
trecrag,0,warmup,warmup,2024-88894,143,26,0.5217391304347826,1,False
trecrag,0,warmup,warmup,2024-94706,120,43,0.7901234567901234,0,False
trecrag,0,warmup,warmup,2024-96063,176,18,0.8333333333333334,0,False
trecrag,0,warmup,warmup,2024-96359,121,64,0.6981132075471698,1,False
